-- MySQL dump 10.13  Distrib 5.7.17, for Linux (x86_64)
--
-- Host: gdoks001.mysql.dbaas.com.br    Database: gdoks001
-- ------------------------------------------------------
-- Server version	5.6.35-81.0-log

/*!40101 SET @OLD_CHARACTER_SET_CLIENT=@@CHARACTER_SET_CLIENT */;
/*!40101 SET @OLD_CHARACTER_SET_RESULTS=@@CHARACTER_SET_RESULTS */;
/*!40101 SET @OLD_COLLATION_CONNECTION=@@COLLATION_CONNECTION */;
/*!40101 SET NAMES utf8 */;
/*!40103 SET @OLD_TIME_ZONE=@@TIME_ZONE */;
/*!40103 SET TIME_ZONE='+00:00' */;
/*!40014 SET @OLD_UNIQUE_CHECKS=@@UNIQUE_CHECKS, UNIQUE_CHECKS=0 */;
/*!40014 SET @OLD_FOREIGN_KEY_CHECKS=@@FOREIGN_KEY_CHECKS, FOREIGN_KEY_CHECKS=0 */;
/*!40101 SET @OLD_SQL_MODE=@@SQL_MODE, SQL_MODE='NO_AUTO_VALUE_ON_ZERO' */;
/*!40111 SET @OLD_SQL_NOTES=@@SQL_NOTES, SQL_NOTES=0 */;

--
-- Table structure for table `gdoks_acoes`
--

DROP TABLE IF EXISTS `gdoks_acoes`;
/*!40101 SET @saved_cs_client     = @@character_set_client */;
/*!40101 SET character_set_client = utf8 */;
CREATE TABLE `gdoks_acoes` (
  `id` int(11) NOT NULL AUTO_INCREMENT,
  `nome` varchar(45) DEFAULT NULL COMMENT '$n posicionados na descrição serão substituídos pelos parâmetros que serão separados por vírgula na coluna parâmetros na tabela gdoks_log',
  `descricao` tinytext,
  PRIMARY KEY (`id`),
  UNIQUE KEY `nome_UNIQUE` (`nome`)
) ENGINE=InnoDB AUTO_INCREMENT=47 DEFAULT CHARSET=utf8;
/*!40101 SET character_set_client = @saved_cs_client */;

--
-- Dumping data for table `gdoks_acoes`
--

LOCK TABLES `gdoks_acoes` WRITE;
/*!40000 ALTER TABLE `gdoks_acoes` DISABLE KEYS */;
INSERT INTO `gdoks_acoes` VALUES (1,'Logar','Logou no sistema'),(2,'Alterar Dados Pessoais','Alterou dados pessoais'),(3,'Alterar Dados de Usuário','Alterou dados de usuário nome:$1, email:$2, login:$3, ativo:$4'),(4,'Criou usuário','Criou usuário nome:$1, email:$2, login:$3, ativo:$4'),(5,'Alterou Disciplina','Alterou disciplina nome:$1, sigla:$2, ativa:$3'),(6,'Criou Disciplina','Criou disciplina nome:$1, sigla:$2, ativa:$3'),(7,'Alterou Subdisciplina','Alterou subdisciplina nome:$1, sigla:$2, ativa:$3'),(8,'Criou Subdisciplina','Criou subdisciplina nome:$1, sigla:$2, ativa:$3'),(9,'Removeu Subdisciplina','Removeu subdisciplina nome:$1, sigla:$2, ativa:$3'),(10,'Associou Especialista','Associou especialista $1 a disciplina $2'),(11,'Desassociou Especialista','Desassociou especialista $1 da disciplina $2'),(12,'Associou Validador','Associou o validador $1 a disciplina $2 (Tipo $3)'),(13,'Desassociou Validador','Desassociou o validador $1 da disciplina $2'),(14,'Alterou Cliente','Alterou dados do cliente $1,nome:$2, nome_fantasia $3'),(15,'Adicionou Cliente','Adicionou cliente $1 (nome:$2)'),(16,'Alterou Projeto','Alterou o projeto $8: $1,$2,$3,$4,$5,$6,$7'),(17,'Adicionou Projeto','Adicionou o projeto $8: $1,$2,$3,$4,$5,$6,$7'),(18,'Adicionou Área','Adicionou área ao projeto $3: $1,$2'),(19,'Alterou Área','Alterou área do projeto $3: $1,$2'),(20,'Removeu Área','Removeu área do projeto $3: $1,$2'),(21,'Criou DAO','Criou DAO $3: $1 [$2]'),(22,'Removeu DAO','Removeu DAO $3: $1 [$2]'),(23,'Alterou Documento','Alterou o documento $1: [nome] => $2 [id_subdisciplina] => $3 [id_area] => $4)'),(24,'Adicionou Documento','Adicionou o documento $1: [nome] => $2, [id_subdisciplina] => $3 [id_area]=>$4 [id_projeto]] => $5'),(25,'Removeu Documento','Removeu documento $1:  [id] => 3 [nome] => $2 [id_area] => $3 [id_subdisciplina] => $4'),(26,'Baixou Arquivo','Baixou arquivo $1'),(27,'Validou Progresso','Validou Progresso de $1% para o documento $2'),(28,'Bloqueou Documento','Bloqueou o documento $1'),(29,'Desbloqueou Documento','Desbloqueou documento $1'),(30,'Atualizou Documento','Atualizou documento $1 com arquivo $2 ($3)'),(31,'Alterou Cargo','Alterou cargo $1 (nome:$2, hh:$3)'),(32,'Adicionou Cargo','Adicionou cargo $1 (nome:$2, hh:$3)'),(33,'Removeu Cargo','Removeu cargo $1'),(34,'Alterou Sub-área','Alterou sub-área $1,(nome:$2,codigo:$3, area:$4)'),(35,'Criou Sub-área','Criou sub-área $1,(nome:$2,codigo:$3, area:$4)'),(36,'Removeu Subárea','Removeu Sub-área $1,(nome:$2,codigo:$3, area:$4)'),(37,'Alterou Especialistas','Alterou especialistas da disciplina $1. Novos especialistas: $2'),(38,'Alterou Validadores','Alterou validadores da disciplina $1. Novos validadores: $2'),(39,'Atualizou Revisão','Atualizou revisão $1 com o pacote de arquivos $2'),(40,'Criou GRD','Criou GRD (id: $1, cod: $2, id_prj:$3)'),(41,'Anexou Documentos a GRD','Anexou documentos a GRD $1'),(42,'Alterou GRD','Alterou GRD (id: $1, cod: $2, id_prj: $3)'),(43,'Enviou GRD via FTP','Enviou GRD (id: $1) para FTP do cliente'),(44,'Enviou GRD via e-mail','Enviou zip da GRD (id: $1) por email'),(45,'Enviou Link de GRD via e-mail','Enviou link da GRD (id: $1) por email'),(46,'Adicionou Retorno/Observação a GRD','Adicionou Retorno/Observação a GRD: [id_grd:$1, id_obs:$2]');
/*!40000 ALTER TABLE `gdoks_acoes` ENABLE KEYS */;
UNLOCK TABLES;

--
-- Table structure for table `gdoks_areas`
--

DROP TABLE IF EXISTS `gdoks_areas`;
/*!40101 SET @saved_cs_client     = @@character_set_client */;
/*!40101 SET character_set_client = utf8 */;
CREATE TABLE `gdoks_areas` (
  `id` int(11) NOT NULL AUTO_INCREMENT,
  `nome` varchar(45) DEFAULT NULL,
  `codigo` varchar(12) DEFAULT NULL,
  `id_projeto` int(11) DEFAULT NULL,
  PRIMARY KEY (`id`),
  KEY `FK_areas_x_projetos_idx` (`id_projeto`),
  CONSTRAINT `FK_areas_x_projetos` FOREIGN KEY (`id_projeto`) REFERENCES `gdoks_projetos` (`id`) ON DELETE CASCADE ON UPDATE CASCADE
) ENGINE=InnoDB AUTO_INCREMENT=218 DEFAULT CHARSET=utf8;
/*!40101 SET character_set_client = @saved_cs_client */;

--
-- Dumping data for table `gdoks_areas`
--

LOCK TABLES `gdoks_areas` WRITE;
/*!40000 ALTER TABLE `gdoks_areas` DISABLE KEYS */;
INSERT INTO `gdoks_areas` VALUES (194,'Geral','1704.00',68),(195,'Geral','1703.00',69),(196,'Geral','1502.00',71),(197,'Geral','1602.00',72),(198,'Geral','1507.00',74),(199,'Geral','1605.00',75),(200,'Geral','1702.00',70),(201,'Geral','1701.00',76),(202,'Geral','1505.00',73),(203,'Geral','1504.00',77),(204,'Geral','1501.00',78),(205,'Geral','1408.00',79),(206,'Geral','1407.00',80),(207,'Geral','1406.00',81),(208,'Geral','1405.00',82),(209,'Geral','1404.00',83),(210,'Geral','1402.00',84),(211,'Geral','1401.00',85),(212,'Geral','1303.00',86),(213,'Geral','1608.00',87),(214,'GERAL','1705.00',88),(215,'Geral','1710.00',89),(216,'geral','1606.01',90),(217,'Geral','1710',91);
/*!40000 ALTER TABLE `gdoks_areas` ENABLE KEYS */;
UNLOCK TABLES;

--
-- Table structure for table `gdoks_arquivos`
--

DROP TABLE IF EXISTS `gdoks_arquivos`;
/*!40101 SET @saved_cs_client     = @@character_set_client */;
/*!40101 SET character_set_client = utf8 */;
CREATE TABLE `gdoks_arquivos` (
  `id` int(11) NOT NULL AUTO_INCREMENT,
  `caminho` varchar(200) DEFAULT NULL,
  `nome_cliente` varchar(256) DEFAULT NULL,
  `datahora_upload` datetime DEFAULT NULL,
  `idu` int(11) DEFAULT NULL,
  `tamanho` int(11) DEFAULT NULL,
  `tamanho_do_papel` int(11) DEFAULT NULL,
  `nPaginas` int(11) DEFAULT NULL,
  PRIMARY KEY (`id`),
  KEY `FK_idu_x_usuarios_idx` (`idu`),
  CONSTRAINT `FK_idu_x_usuarios` FOREIGN KEY (`idu`) REFERENCES `gdoks_usuarios` (`id`) ON DELETE NO ACTION ON UPDATE NO ACTION
) ENGINE=InnoDB AUTO_INCREMENT=746 DEFAULT CHARSET=utf8;
/*!40101 SET character_set_client = @saved_cs_client */;

--
-- Dumping data for table `gdoks_arquivos`
--

LOCK TABLES `gdoks_arquivos` WRITE;
/*!40000 ALTER TABLE `gdoks_arquivos` DISABLE KEYS */;
INSERT INTO `gdoks_arquivos` VALUES (1,'/home/storage/a/f0/62/gdoks1/public_html/client_data/fday/uploads/26/28589596','FelisSedInterdum.gif','2016-08-24 14:44:48',8,440,1,4),(2,'/home/storage/a/f0/62/gdoks1/public_html/client_data/fday/uploads/7/95572543','MetusSapienUt.gif','2017-01-05 22:26:27',2,880,1,7),(3,'/home/storage/a/f0/62/gdoks1/public_html/client_data/fday/uploads/53/90205285','CongueRisus.txt','2016-09-25 08:39:58',7,440,1,10),(5,'/home/storage/a/f0/62/gdoks1/public_html/client_data/fday/uploads/31/13205230','Diam.mp3','2017-05-10 16:06:02',9,440,1,9),(7,'/home/storage/a/f0/62/gdoks1/public_html/client_data/fday/uploads/40/59958048','DolorSitAmet.avi','2017-04-01 20:24:28',2,880,1,10),(8,'/home/storage/a/f0/62/gdoks1/public_html/client_data/fday/uploads/59/45945930','InFaucibusOrci.mpeg','2016-07-27 04:44:05',6,660,1,7),(9,'/home/storage/a/f0/62/gdoks1/public_html/client_data/fday/uploads/48/70868256','IdLuctusNec.jpeg','2017-04-29 00:15:15',2,0,1,6),(10,'/home/storage/a/f0/62/gdoks1/public_html/client_data/fday/uploads/34/53393272','Nam.txt','2017-03-25 14:10:30',1,0,1,3),(11,'/home/storage/a/f0/62/gdoks1/public_html/client_data/fday/uploads/49/74160883','AmetErosSuspendisse.avi','2016-11-07 07:31:26',10,880,1,8),(14,'/home/storage/a/f0/62/gdoks1/public_html/client_data/fday/uploads/36/53931251','MiInPorttitor.mov','2016-07-11 15:11:42',4,220,1,5),(15,'/home/storage/a/f0/62/gdoks1/public_html/client_data/fday/uploads/9/45344157','Donec.avi','2017-06-09 23:45:15',5,220,1,3),(16,'/home/storage/a/f0/62/gdoks1/public_html/client_data/fday/uploads/60/16725417','In.txt','2017-05-04 13:24:50',8,1100,1,8),(17,'/home/storage/a/f0/62/gdoks1/public_html/client_data/fday/uploads/55/78208981','DapibusNullaSuscipit.jpeg','2017-01-18 10:48:35',1,0,1,7),(18,'/home/storage/a/f0/62/gdoks1/public_html/client_data/fday/uploads/48/11839713','VolutpatEleifendDonec.png','2016-10-15 22:55:33',10,440,1,6),(19,'/home/storage/a/f0/62/gdoks1/public_html/client_data/fday/uploads/6/28397654','DonecQuisOrci.xls','2017-01-03 19:56:20',10,220,1,4),(20,'/home/storage/a/f0/62/gdoks1/public_html/client_data/fday/uploads/48/67966455','LiberoRutrumAc.gif','2017-05-16 07:59:49',3,660,1,5),(21,'/home/storage/a/f0/62/gdoks1/public_html/client_data/fday/uploads/41/75635713','Ante.mov','2017-01-01 16:12:27',5,880,1,5),(22,'/home/storage/a/f0/62/gdoks1/public_html/client_data/fday/uploads/59/84947480','Dolor.avi','2017-02-18 07:49:34',6,0,1,4),(23,'/home/storage/a/f0/62/gdoks1/public_html/client_data/fday/uploads/55/45344772','NecEuismod.avi','2017-06-23 10:20:29',2,440,1,8),(24,'/home/storage/a/f0/62/gdoks1/public_html/client_data/fday/uploads/40/71669159','ConsequatMetusSapien.xls','2017-06-02 09:18:52',8,0,1,7),(25,'/home/storage/a/f0/62/gdoks1/public_html/client_data/fday/uploads/23/36716060','NullaElitAc.tiff','2016-12-01 02:16:14',5,220,1,5),(26,'/home/storage/a/f0/62/gdoks1/public_html/client_data/fday/uploads/20/35431638','VulputateJusto.txt','2017-03-17 09:52:41',7,220,1,1),(27,'/home/storage/a/f0/62/gdoks1/public_html/client_data/fday/uploads/3/51106436','Diam.gif','2017-06-13 00:57:45',10,440,1,5),(28,'/home/storage/a/f0/62/gdoks1/public_html/client_data/fday/uploads/54/63885185','Integer.txt','2016-12-30 11:40:51',2,440,1,4),(29,'/home/storage/a/f0/62/gdoks1/public_html/client_data/fday/uploads/8/10313354','Nullam.ppt','2017-05-13 19:41:35',8,880,1,4),(30,'/home/storage/a/f0/62/gdoks1/public_html/client_data/fday/uploads/56/62154372','NamDuiProin.jpeg','2017-06-17 20:43:49',5,220,1,10),(31,'/home/storage/a/f0/62/gdoks1/public_html/client_data/fday/uploads/17/59573983','Ante.mp3','2016-12-16 10:22:56',2,440,1,1),(32,'/home/storage/a/f0/62/gdoks1/public_html/client_data/fday/uploads/58/43303254','FermentumJustoNec.jpeg','2017-03-26 21:35:53',6,220,1,1),(33,'/home/storage/a/f0/62/gdoks1/public_html/client_data/fday/uploads/50/37879601','LacusCurabiturAt.avi','2017-04-09 06:27:59',8,660,1,8),(34,'/home/storage/a/f0/62/gdoks1/public_html/client_data/fday/uploads/57/72325392','EgetCongueEget.mpeg','2016-10-27 21:24:17',9,660,1,6),(35,'/home/storage/a/f0/62/gdoks1/public_html/client_data/fday/uploads/38/57145027','EleifendPedeLibero.avi','2016-07-14 22:32:49',7,0,1,3),(36,'/home/storage/a/f0/62/gdoks1/public_html/client_data/fday/uploads/54/84489846','IaculisDiam.xls','2016-12-17 09:04:32',10,440,1,10),(37,'/home/storage/a/f0/62/gdoks1/public_html/client_data/fday/uploads/42/39795796','UltricesEnim.xls','2016-08-28 00:31:39',7,220,1,7),(38,'/home/storage/a/f0/62/gdoks1/public_html/client_data/fday/uploads/52/56371932','NislDuis.avi','2016-10-23 11:08:05',7,0,1,4),(39,'/home/storage/a/f0/62/gdoks1/public_html/client_data/fday/uploads/56/59116531','JustoLacinia.ppt','2017-03-28 00:48:55',3,440,1,6),(40,'/home/storage/a/f0/62/gdoks1/public_html/client_data/fday/uploads/27/14180506','Ac.ppt','2017-04-03 12:22:03',3,220,1,9),(41,'/home/storage/a/f0/62/gdoks1/public_html/client_data/fday/uploads/14/30097597','UtBlanditNon.mp3','2016-09-02 13:54:12',7,0,1,2),(42,'/home/storage/a/f0/62/gdoks1/public_html/client_data/fday/uploads/52/43547350','Nulla.gif','2016-11-19 15:11:30',4,220,1,4),(43,'/home/storage/a/f0/62/gdoks1/public_html/client_data/fday/uploads/14/60851165','NullaTellusIn.mov','2017-06-22 16:09:09',10,220,1,6),(44,'/home/storage/a/f0/62/gdoks1/public_html/client_data/fday/uploads/50/78457408','Pretium.doc','2016-10-31 11:26:03',7,440,1,6),(45,'/home/storage/a/f0/62/gdoks1/public_html/client_data/fday/uploads/3/41263994','MiPede.avi','2016-12-23 03:40:41',9,1100,1,2),(47,'/home/storage/a/f0/62/gdoks1/public_html/client_data/fday/uploads/38/71736168','Sapien.ppt','2017-05-13 00:23:10',8,1100,1,8),(48,'/home/storage/a/f0/62/gdoks1/public_html/client_data/fday/uploads/45/33666704','DolorVel.jpeg','2017-01-21 19:13:14',10,660,1,10),(49,'/home/storage/a/f0/62/gdoks1/public_html/client_data/fday/uploads/19/76677554','Habitasse.ppt','2016-07-06 17:34:00',3,220,1,10),(50,'/home/storage/a/f0/62/gdoks1/public_html/client_data/fday/uploads/3/15949098','Lacus.xls','2016-07-11 06:44:20',7,0,1,10),(51,'/home/storage/a/f0/62/gdoks1/public_html/client_data/fday/uploads/4/78727706','IntegerANibh.xls','2016-10-12 05:57:09',8,660,1,10),(52,'/home/storage/a/f0/62/gdoks1/public_html/client_data/fday/uploads/5/37834149','Consequat.jpeg','2017-05-04 04:56:58',10,220,1,5),(53,'/home/storage/a/f0/62/gdoks1/public_html/client_data/fday/uploads/48/92023048','TristiqueFusceCongue.ppt','2017-05-15 09:54:20',5,440,1,4),(55,'/home/storage/a/f0/62/gdoks1/public_html/client_data/fday/uploads/39/74001397','InFelisDonec.png','2017-01-06 17:33:42',3,0,1,9),(56,'/home/storage/a/f0/62/gdoks1/public_html/client_data/fday/uploads/24/51912110','Sollicitudin.pdf','2016-11-09 15:43:31',1,880,1,4),(57,'/home/storage/a/f0/62/gdoks1/public_html/client_data/fday/uploads/22/33150903','RhoncusAliquamLacus.avi','2016-08-02 15:36:12',10,440,1,3),(58,'/home/storage/a/f0/62/gdoks1/public_html/client_data/fday/uploads/35/70667608','Tellus.xls','2017-06-23 20:00:36',7,660,1,1),(59,'/home/storage/a/f0/62/gdoks1/public_html/client_data/fday/uploads/27/67434767','Elementum.mp3','2016-09-30 03:52:35',1,1100,1,5),(60,'/home/storage/a/f0/62/gdoks1/public_html/client_data/fday/uploads/14/29192363','In.ppt','2016-09-04 21:40:21',10,0,1,2),(61,'/home/storage/a/f0/62/gdoks1/public_html/client_data/fday/uploads/31/11122889','ALiberoNam.png','2016-08-22 10:04:31',2,880,1,6),(62,'/home/storage/a/f0/62/gdoks1/public_html/client_data/fday/uploads/54/25228761','EratNulla.doc','2016-10-01 08:05:33',3,220,1,7),(63,'/home/storage/a/f0/62/gdoks1/public_html/client_data/fday/uploads/26/88478396','MetusSapien.xls','2017-01-31 16:34:43',6,440,1,5),(64,'/home/storage/a/f0/62/gdoks1/public_html/client_data/fday/uploads/11/82364085','Lacus.tiff','2017-03-24 11:13:12',3,0,1,3),(66,'/home/storage/a/f0/62/gdoks1/public_html/client_data/fday/uploads/24/33165135','Ipsum.mp3','2017-05-16 17:49:30',3,0,1,3),(68,'/home/storage/a/f0/62/gdoks1/public_html/client_data/fday/uploads/28/11091047','MaecenasLeo.mpeg','2017-01-22 21:04:13',4,220,1,1),(69,'/home/storage/a/f0/62/gdoks1/public_html/client_data/fday/uploads/26/29193747','AtNunc.xls','2017-01-17 02:01:33',5,880,1,5),(70,'/home/storage/a/f0/62/gdoks1/public_html/client_data/fday/uploads/5/41226790','TurpisSedAnte.pdf','2016-10-19 16:59:27',5,220,1,10),(71,'/home/storage/a/f0/62/gdoks1/public_html/client_data/fday/uploads/47/62762333','VelAccumsan.tiff','2017-03-10 17:24:33',7,440,1,6),(72,'/home/storage/a/f0/62/gdoks1/public_html/client_data/fday/uploads/35/41381670','Aenean.doc','2016-11-10 13:42:06',10,440,1,5),(73,'/home/storage/a/f0/62/gdoks1/public_html/client_data/fday/uploads/47/43527329','Posuere.pdf','2017-04-22 10:02:32',2,220,1,4),(74,'/home/storage/a/f0/62/gdoks1/public_html/client_data/fday/uploads/27/39604081','InFelisDonec.xls','2017-06-08 22:23:00',10,660,1,1),(76,'/home/storage/a/f0/62/gdoks1/public_html/client_data/fday/uploads/39/89872620','QuamFringillaRhoncus.xls','2017-06-21 08:05:09',4,660,1,1),(77,'/home/storage/a/f0/62/gdoks1/public_html/client_data/fday/uploads/15/11007227','VitaeIpsumAliquam.avi','2016-10-30 12:39:49',9,880,1,5),(78,'/home/storage/a/f0/62/gdoks1/public_html/client_data/fday/uploads/33/86457741','Dolor.txt','2016-11-16 22:46:17',7,220,1,2),(79,'/home/storage/a/f0/62/gdoks1/public_html/client_data/fday/uploads/48/67778688','Pede.ppt','2016-09-01 04:12:38',9,660,1,8),(80,'/home/storage/a/f0/62/gdoks1/public_html/client_data/fday/uploads/4/33047477','NonPretiumQuis.jpeg','2017-03-17 23:56:56',8,220,1,10),(81,'/home/storage/a/f0/62/gdoks1/public_html/client_data/fday/uploads/11/15815937','JustoNec.jpeg','2016-08-26 21:58:50',7,220,1,5),(82,'/home/storage/a/f0/62/gdoks1/public_html/client_data/fday/uploads/38/22427337','Urna.avi','2016-11-14 12:18:57',8,0,1,2),(83,'/home/storage/a/f0/62/gdoks1/public_html/client_data/fday/uploads/34/25026604','AcDiam.jpeg','2017-04-05 11:08:23',8,440,1,5),(84,'/home/storage/a/f0/62/gdoks1/public_html/client_data/fday/uploads/22/29874864','MaecenasUt.mp3','2017-05-07 03:14:15',1,660,1,3),(85,'/home/storage/a/f0/62/gdoks1/public_html/client_data/fday/uploads/10/47073513','NecEuismodScelerisque.avi','2016-10-23 21:56:21',10,880,1,5),(87,'/home/storage/a/f0/62/gdoks1/public_html/client_data/fday/uploads/59/96266877','AliquetAt.ppt','2016-07-09 09:45:52',1,440,1,6),(88,'/home/storage/a/f0/62/gdoks1/public_html/client_data/fday/uploads/12/15008065','DolorQuis.mpeg','2016-11-30 07:31:03',7,220,1,5),(89,'/home/storage/a/f0/62/gdoks1/public_html/client_data/fday/uploads/17/12206787','EgestasMetus.avi','2016-12-10 23:05:51',1,660,1,1),(90,'/home/storage/a/f0/62/gdoks1/public_html/client_data/fday/uploads/2/30097555','Nulla.xls','2017-01-01 23:04:11',9,220,1,7),(91,'/home/storage/a/f0/62/gdoks1/public_html/client_data/fday/uploads/53/15133290','Nullam.ppt','2017-06-03 16:37:29',5,660,1,4),(92,'/home/storage/a/f0/62/gdoks1/public_html/client_data/fday/uploads/6/79166948','Primis.jpeg','2016-10-07 09:28:45',5,880,1,8),(93,'/home/storage/a/f0/62/gdoks1/public_html/client_data/fday/uploads/18/52533810','Sodales.xls','2017-05-12 21:42:44',10,1100,1,2),(94,'/home/storage/a/f0/62/gdoks1/public_html/client_data/fday/uploads/46/23680078','SuscipitLigula.xls','2017-05-19 10:48:42',10,0,1,9),(96,'/home/storage/a/f0/62/gdoks1/public_html/client_data/fday/uploads/38/75607899','ElitAcNulla.ppt','2017-03-06 09:34:09',10,440,1,1),(97,'/home/storage/a/f0/62/gdoks1/public_html/client_data/fday/uploads/45/45066474','Turpis.pdf','2016-10-23 21:27:19',7,660,1,3),(98,'/home/storage/a/f0/62/gdoks1/public_html/client_data/fday/uploads/21/86434339','LoremQuisqueUt.tiff','2016-08-30 22:39:01',9,440,1,1),(100,'/home/storage/a/f0/62/gdoks1/public_html/client_data/fday/uploads/36/68411417','Penatibus.pdf','2017-05-19 07:36:28',2,220,1,4),(101,'/home/storage/a/f0/62/gdoks1/public_html/client_data/fday/uploads/57/42144315','EtCommodoVulputate.xls','2016-11-10 01:58:17',3,440,1,8),(102,'/home/storage/a/f0/62/gdoks1/public_html/client_data/fday/uploads/55/16693177','Est.ppt','2017-04-19 23:51:46',9,220,1,4),(103,'/home/storage/a/f0/62/gdoks1/public_html/client_data/fday/uploads/9/97334997','Semper.xls','2016-11-09 01:49:09',2,220,1,10),(104,'/home/storage/a/f0/62/gdoks1/public_html/client_data/fday/uploads/7/75229252','Luctus.gif','2017-05-06 07:50:19',5,0,1,6),(105,'/home/storage/a/f0/62/gdoks1/public_html/client_data/fday/uploads/20/25815948','AtDiamNam.mp3','2017-04-15 09:56:12',9,660,1,7),(106,'/home/storage/a/f0/62/gdoks1/public_html/client_data/fday/uploads/45/40347707','Dapibus.mp3','2017-05-22 09:47:43',4,440,1,1),(107,'/home/storage/a/f0/62/gdoks1/public_html/client_data/fday/uploads/3/70283936','In.avi','2016-07-14 21:38:18',3,660,1,6),(109,'/home/storage/a/f0/62/gdoks1/public_html/client_data/fday/uploads/54/79386185','Nibh.xls','2016-08-14 11:47:28',7,0,1,3),(110,'/home/storage/a/f0/62/gdoks1/public_html/client_data/fday/uploads/60/41761763','UtNullaSed.mp3','2017-01-08 16:24:23',8,440,1,7),(111,'/home/storage/a/f0/62/gdoks1/public_html/client_data/fday/uploads/15/24274016','Ante.ppt','2017-03-04 21:14:14',9,220,1,7),(112,'/home/storage/a/f0/62/gdoks1/public_html/client_data/fday/uploads/24/16862242','PretiumNislUt.doc','2016-08-05 07:09:14',8,0,1,2),(113,'/home/storage/a/f0/62/gdoks1/public_html/client_data/fday/uploads/23/94702599','Iaculis.xls','2017-03-28 18:11:16',8,220,1,8),(114,'/home/storage/a/f0/62/gdoks1/public_html/client_data/fday/uploads/23/15652277','Interdum.ppt','2016-11-06 23:18:13',3,440,1,10),(116,'/home/storage/a/f0/62/gdoks1/public_html/client_data/fday/uploads/5/80736883','VariusInteger.avi','2017-05-15 12:32:03',4,220,1,8),(117,'/home/storage/a/f0/62/gdoks1/public_html/client_data/fday/uploads/58/95112465','LacusPurusAliquet.mov','2017-05-24 07:08:01',10,880,1,8),(118,'/home/storage/a/f0/62/gdoks1/public_html/client_data/fday/uploads/60/93813346','Habitasse.gif','2017-02-13 04:49:15',8,440,1,5),(119,'/home/storage/a/f0/62/gdoks1/public_html/client_data/fday/uploads/40/10342265','CondimentumCurabiturIn.ppt','2017-01-05 19:13:50',2,0,1,1),(120,'/home/storage/a/f0/62/gdoks1/public_html/client_data/fday/uploads/9/29415729','IntegerTinciduntAnte.avi','2016-09-29 10:00:21',6,660,1,10),(121,'/home/storage/a/f0/62/gdoks1/public_html/client_data/fday/uploads/10/80143260','UtSuscipitA.xls','2017-02-04 18:38:08',2,220,1,10),(122,'/home/storage/a/f0/62/gdoks1/public_html/client_data/fday/uploads/29/69905434','NullaSuspendissePotenti.ppt','2017-03-21 12:37:43',2,440,1,6),(123,'/home/storage/a/f0/62/gdoks1/public_html/client_data/fday/uploads/54/43853342','Porttitor.tiff','2017-05-11 14:04:29',4,880,1,5),(124,'/home/storage/a/f0/62/gdoks1/public_html/client_data/fday/uploads/48/91455382','NonMattisPulvinar.tiff','2017-03-24 16:32:55',8,440,1,7),(125,'/home/storage/a/f0/62/gdoks1/public_html/client_data/fday/uploads/59/31639876','JustoInHac.pdf','2017-02-23 16:52:04',2,220,1,8),(126,'/home/storage/a/f0/62/gdoks1/public_html/client_data/fday/uploads/53/30555347','Integer.xls','2016-08-14 21:24:35',7,440,1,9),(127,'/home/storage/a/f0/62/gdoks1/public_html/client_data/fday/uploads/18/60454387','Blandit.tiff','2017-01-19 14:09:44',2,660,1,5),(128,'/home/storage/a/f0/62/gdoks1/public_html/client_data/fday/uploads/19/27267958','Eget.mpeg','2017-05-12 16:59:43',7,440,1,3),(129,'/home/storage/a/f0/62/gdoks1/public_html/client_data/fday/uploads/7/11164804','ElitSodales.avi','2016-12-02 01:06:40',7,880,1,8),(130,'/home/storage/a/f0/62/gdoks1/public_html/client_data/fday/uploads/59/38249438','NibhQuisque.avi','2016-07-23 12:27:46',1,0,1,3),(131,'/home/storage/a/f0/62/gdoks1/public_html/client_data/fday/uploads/49/89591437','Viverra.pdf','2016-10-22 09:13:40',5,0,1,3),(132,'/home/storage/a/f0/62/gdoks1/public_html/client_data/fday/uploads/4/84784486','PlaceratAnte.ppt','2016-11-05 02:17:54',3,440,1,5),(133,'/home/storage/a/f0/62/gdoks1/public_html/client_data/fday/uploads/36/48107299','CongueDiam.tiff','2017-06-01 08:34:42',4,440,1,5),(134,'/home/storage/a/f0/62/gdoks1/public_html/client_data/fday/uploads/41/74017390','EuInterdum.mp3','2017-03-23 06:42:38',7,0,1,3),(135,'/home/storage/a/f0/62/gdoks1/public_html/client_data/fday/uploads/8/90473029','EratId.doc','2016-07-19 04:12:49',5,220,1,3),(136,'/home/storage/a/f0/62/gdoks1/public_html/client_data/fday/uploads/27/57412647','Est.avi','2017-02-06 13:12:08',1,0,1,1),(137,'/home/storage/a/f0/62/gdoks1/public_html/client_data/fday/uploads/34/75355994','Mauris.pdf','2016-11-19 01:42:06',1,220,1,6),(138,'/home/storage/a/f0/62/gdoks1/public_html/client_data/fday/uploads/34/93923579','Ultrices.xls','2016-12-29 04:21:54',3,440,1,7),(139,'/home/storage/a/f0/62/gdoks1/public_html/client_data/fday/uploads/16/16032138','UtEratId.txt','2016-09-25 04:13:31',5,440,1,5),(140,'/home/storage/a/f0/62/gdoks1/public_html/client_data/fday/uploads/4/96833974','Vulputate.jpeg','2017-02-25 16:58:01',9,660,1,5),(143,'/home/storage/a/f0/62/gdoks1/public_html/client_data/fday/uploads/5/37212254','Nam.xls','2017-02-21 09:59:21',1,1100,1,9),(145,'/home/storage/a/f0/62/gdoks1/public_html/client_data/fday/uploads/44/71599669','Dignissim.ppt','2016-12-23 00:10:15',8,220,1,6),(146,'/home/storage/a/f0/62/gdoks1/public_html/client_data/fday/uploads/15/39020779','Proin.doc','2016-08-16 15:00:38',6,440,1,9),(147,'/home/storage/a/f0/62/gdoks1/public_html/client_data/fday/uploads/33/43661533','Morbi.mp3','2016-11-29 03:21:40',10,880,1,3),(149,'/home/storage/a/f0/62/gdoks1/public_html/client_data/fday/uploads/44/53653324','SuspendisseOrnareConsequat.ppt','2016-07-15 13:34:22',1,220,1,10),(150,'/home/storage/a/f0/62/gdoks1/public_html/client_data/fday/uploads/4/83981718','NislNuncNisl.tiff','2016-08-14 16:17:37',2,0,1,4),(151,'/home/storage/a/f0/62/gdoks1/public_html/client_data/fday/uploads/25/60001644','Quisque.mp3','2017-02-18 05:13:08',2,220,1,9),(152,'/home/storage/a/f0/62/gdoks1/public_html/client_data/fday/uploads/11/48013999','Vel.mp3','2017-05-11 21:05:06',10,0,1,3),(153,'/home/storage/a/f0/62/gdoks1/public_html/client_data/fday/uploads/20/94753367','NullaTellus.jpeg','2016-08-12 11:15:51',1,220,1,7),(154,'/home/storage/a/f0/62/gdoks1/public_html/client_data/fday/uploads/42/40625847','ConsequatInConsequat.mpeg','2017-05-11 02:36:06',6,440,1,9),(156,'/home/storage/a/f0/62/gdoks1/public_html/client_data/fday/uploads/19/20384487','Odio.mpeg','2016-12-10 00:49:04',3,0,1,3),(157,'/home/storage/a/f0/62/gdoks1/public_html/client_data/fday/uploads/54/67372347','SedJusto.jpeg','2017-01-05 01:59:21',9,0,1,1),(158,'/home/storage/a/f0/62/gdoks1/public_html/client_data/fday/uploads/43/52269184','NuncNisl.tiff','2017-02-08 12:34:39',3,220,1,6),(159,'/home/storage/a/f0/62/gdoks1/public_html/client_data/fday/uploads/6/11591581','Quis.gif','2016-09-01 20:29:57',9,0,1,2),(160,'/home/storage/a/f0/62/gdoks1/public_html/client_data/fday/uploads/25/30844087','Odio.ppt','2017-06-04 03:56:52',5,440,1,10),(161,'/home/storage/a/f0/62/gdoks1/public_html/client_data/fday/uploads/9/21401266','In.mpeg','2016-07-26 15:43:33',3,880,1,2),(162,'/home/storage/a/f0/62/gdoks1/public_html/client_data/fday/uploads/21/44491047','Non.mov','2016-10-10 23:50:51',9,220,1,2),(163,'/home/storage/a/f0/62/gdoks1/public_html/client_data/fday/uploads/1/54296513','CurabiturIn.doc','2017-04-05 03:54:03',8,0,1,8),(164,'/home/storage/a/f0/62/gdoks1/public_html/client_data/fday/uploads/27/13436711','DiamNam.avi','2016-07-30 09:12:26',1,220,1,10),(165,'/home/storage/a/f0/62/gdoks1/public_html/client_data/fday/uploads/20/16275889','RisusPraesent.txt','2016-10-03 06:20:23',6,0,1,9),(166,'/home/storage/a/f0/62/gdoks1/public_html/client_data/fday/uploads/49/41028248','FuscePosuere.ppt','2016-12-15 14:55:48',10,660,1,8),(167,'/home/storage/a/f0/62/gdoks1/public_html/client_data/fday/uploads/10/36567106','OrciEgetOrci.mp3','2017-03-05 17:19:57',10,220,1,9),(173,'/home/storage/a/f0/62/gdoks1/public_html/client_data/fday/uploads/33/98656643','VolutpatQuamPede.mp3','2016-07-16 02:56:44',7,220,1,1),(174,'/home/storage/a/f0/62/gdoks1/public_html/client_data/fday/uploads/54/49566410','FeugiatNon.jpeg','2017-06-23 13:29:02',7,220,1,8),(175,'/home/storage/a/f0/62/gdoks1/public_html/client_data/fday/uploads/5/15310406','Nec.ppt','2016-12-06 16:52:53',1,220,1,9),(176,'/home/storage/a/f0/62/gdoks1/public_html/client_data/fday/uploads/43/83675431','MusVivamusVestibulum.doc','2017-06-08 02:48:35',4,220,1,9),(177,'/home/storage/a/f0/62/gdoks1/public_html/client_data/fday/uploads/38/73233994','EuMagna.avi','2016-07-13 00:35:42',4,660,1,9),(178,'/home/storage/a/f0/62/gdoks1/public_html/client_data/fday/uploads/13/68579408','MorbiA.mp3','2017-04-11 00:42:03',3,880,1,6),(179,'/home/storage/a/f0/62/gdoks1/public_html/client_data/fday/uploads/8/37654864','Vitae.tiff','2016-11-01 07:58:33',8,660,1,9),(180,'/home/storage/a/f0/62/gdoks1/public_html/client_data/fday/uploads/46/26038492','Ut.mpeg','2016-12-16 13:52:07',10,660,1,8),(181,'/home/storage/a/f0/62/gdoks1/public_html/client_data/fday/uploads/18/75908044','NonSodales.png','2017-06-20 21:10:27',6,0,1,3),(182,'/home/storage/a/f0/62/gdoks1/public_html/client_data/fday/uploads/38/98692192','NullamVarius.tiff','2017-02-22 09:54:55',3,0,1,4),(183,'/home/storage/a/f0/62/gdoks1/public_html/client_data/fday/uploads/21/82012929','PlaceratPraesent.xls','2017-04-14 15:55:17',4,0,1,7),(184,'/home/storage/a/f0/62/gdoks1/public_html/client_data/fday/uploads/36/28793790','MolestieSed.gif','2016-10-07 16:27:08',1,440,1,1),(186,'/home/storage/a/f0/62/gdoks1/public_html/client_data/fday/uploads/5/10828582','AnteVivamus.jpeg','2017-05-23 02:52:29',9,440,1,2),(187,'/home/storage/a/f0/62/gdoks1/public_html/client_data/fday/uploads/57/86491878','VestibulumQuam.pdf','2016-08-07 19:24:30',2,660,1,2),(189,'/home/storage/a/f0/62/gdoks1/public_html/client_data/fday/uploads/51/29859368','NullaQuisqueArcu.mpeg','2016-09-03 20:46:18',4,660,1,3),(190,'/home/storage/a/f0/62/gdoks1/public_html/client_data/fday/uploads/54/99868215','TurpisDonecPosuere.ppt','2016-07-22 08:15:47',3,440,1,8),(191,'/home/storage/a/f0/62/gdoks1/public_html/client_data/fday/uploads/51/51065714','Id.tiff','2016-09-09 16:39:53',4,660,1,5),(192,'/home/storage/a/f0/62/gdoks1/public_html/client_data/fday/uploads/24/69251865','NullaJusto.pdf','2016-08-09 03:33:11',1,660,1,6),(193,'/home/storage/a/f0/62/gdoks1/public_html/client_data/fday/uploads/33/76281276','AliquamAugueQuam.gif','2017-04-02 04:56:52',9,440,1,5),(194,'/home/storage/a/f0/62/gdoks1/public_html/client_data/fday/uploads/30/62429133','Ante.tiff','2016-09-30 10:44:05',7,0,1,10),(195,'/home/storage/a/f0/62/gdoks1/public_html/client_data/fday/uploads/25/92041654','SedInterdumVenenatis.xls','2016-11-13 21:21:05',9,220,1,3),(196,'/home/storage/a/f0/62/gdoks1/public_html/client_data/fday/uploads/32/97948310','PenatibusEt.tiff','2016-09-14 12:30:41',7,220,1,8),(197,'/home/storage/a/f0/62/gdoks1/public_html/client_data/fday/uploads/19/73438983','OrciPedeVenenatis.xls','2016-10-29 08:11:30',4,880,1,7),(198,'/home/storage/a/f0/62/gdoks1/public_html/client_data/fday/uploads/14/37010386','Luctus.mpeg','2017-04-23 20:31:49',5,220,1,2),(199,'/home/storage/a/f0/62/gdoks1/public_html/client_data/fday/uploads/27/38267979','FaucibusOrciLuctus.jpeg','2016-09-24 13:00:01',3,0,1,1),(200,'/home/storage/a/f0/62/gdoks1/public_html/client_data/fday/uploads/21/17947169','EratFermentumJusto.jpeg','2017-02-14 01:11:18',8,660,1,4),(201,'/home/storage/a/f0/62/gdoks1/public_html/client_data/fday/uploads/10/159525554cc8a3','1214327031apGYy4e.jpg','2017-06-27 09:53:40',1,16828,5,1),(202,'/home/storage/a/f0/62/gdoks1/public_html/client_data/fday/uploads/10/159525554ed406','1214625936yZynHVd.jpg','2017-06-27 09:53:40',1,143196,5,1),(203,'/home/storage/a/f0/62/gdoks1/public_html/client_data/fday/uploads/10/1595255551147a','1214751884LpWxall.jpg','2017-06-27 09:53:41',1,76772,5,1),(204,'/home/storage/a/f0/62/gdoks1/public_html/client_data/fday/uploads/60/1595255dc87da6','doc.pdf','2017-06-27 09:55:56',1,1352,3,4),(205,'/home/storage/a/f0/62/gdoks1/public_html/client_data/fday/uploads/61/159525a37d023e','1214327031apGYy4e.jpg','2017-06-27 10:14:31',1,16828,5,1),(206,'/home/storage/a/f0/62/gdoks1/public_html/client_data/fday/uploads/62/15956669bba03f','1214327031apGYy4e.jpg','2017-06-30 10:56:27',1,16828,5,1),(207,'/home/storage/a/f0/62/gdoks1/public_html/client_data/fday/uploads/62/15956669bbbde4','1214625936yZynHVd.jpg','2017-06-30 10:56:27',1,143196,5,1),(208,'/home/storage/a/f0/62/gdoks1/public_html/client_data/fday/uploads/62/15956669bbea27','1214751884LpWxall.jpg','2017-06-30 10:56:27',1,76772,5,1),(209,'/home/storage/a/f0/62/gdoks1/public_html/client_data/fday/uploads/62/15956669bc047d','1215471604fESdi9X.jpg','2017-06-30 10:56:27',1,181485,5,1),(210,'/home/storage/a/f0/62/gdoks1/public_html/client_data/fday/uploads/62/159566a173caf3','doc.pdf','2017-06-30 11:11:19',1,1352,5,1),(211,'/home/storage/a/f0/62/gdoks1/public_html/client_data/fday/uploads/62/15956d5d1c0942','FRY-1704.00-E11-006=0.dwg','2017-06-30 18:50:57',1,1550816,5,1),(212,'/home/storage/a/f0/62/gdoks1/public_html/client_data/fday/uploads/62/15956dc9a1a1dd','FRY-1704.00-E11-005=0.dwg','2017-06-30 19:19:54',1,1547923,5,1),(213,'/home/storage/a/f0/62/gdoks1/public_html/client_data/fday/uploads/64/15957b1872dc11','guia19465-20170603111233.pdf','2017-07-01 10:28:23',1,106163,5,1),(214,'/home/storage/a/f0/62/gdoks1/public_html/client_data/fday/uploads/64/15957b1872f351','ponto aterramento JDe.dwg','2017-07-01 10:28:23',1,1855030,5,1),(215,'/home/storage/a/f0/62/gdoks1/public_html/client_data/fday/uploads/64/15957b7d39a635','guia19465-20170603111233.pdf','2017-07-01 10:55:15',1,106163,5,1),(216,'/home/storage/a/f0/62/gdoks1/public_html/client_data/fday/uploads/64/15957b7d39be1c','nfse-1000814-0-201706031111559475980.pdf','2017-07-01 10:55:15',1,48128,5,1),(217,'/home/storage/a/f0/62/gdoks1/public_html/client_data/fday/uploads/65/1595e46482ef4a','1215471604fESdi9X.jpg','2017-07-06 10:16:40',1,181485,5,1),(218,'/home/storage/a/f0/62/gdoks1/public_html/client_data/fday/uploads/66/159629a1a387e5','Cartão de Embarque - GOL.pdf','2017-07-09 17:03:22',1,108596,5,1),(219,'/home/storage/a/f0/62/gdoks1/public_html/client_data/fday/uploads/66/159629a87162b5','CUSTO DE CARTÃO DE CRÉDITO.xlsx','2017-07-09 17:05:11',1,13171,5,1),(220,'/home/storage/a/f0/62/gdoks1/public_html/client_data/fday/uploads/66/159629a871911d','DADOS BANCÁRIOS DO GESA.docx','2017-07-09 17:05:11',1,13182,5,1),(221,'/home/storage/a/f0/62/gdoks1/public_html/client_data/fday/uploads/66/159629ae46b744','CUSTO DE CARTÃO DE CRÉDITO.xlsx','2017-07-09 17:06:44',1,13171,5,1),(222,'/home/storage/a/f0/62/gdoks1/public_html/client_data/fday/uploads/66/159629ae46d760','DADOS BANCÁRIOS DO GESA.docx','2017-07-09 17:06:44',1,13182,5,1),(223,'/home/storage/a/f0/62/gdoks1/public_html/client_data/fday/uploads/66/159629b391fb57','DTV- DOCUMENTO DE TRANSFERÊNCIA DE VALORES.doc','2017-07-09 17:08:09',1,205824,5,1),(224,'/home/storage/a/f0/62/gdoks1/public_html/client_data/fday/uploads/66/159629c675527b','ANUNCIO PREÇO LIVROS CLE.docx','2017-07-09 17:13:11',1,12941,5,1),(225,'/home/storage/a/f0/62/gdoks1/public_html/client_data/fday/uploads/66/15962a2d1ce7a8','CNPJ _ GESA -Cabula.pdf','2017-07-09 17:40:33',1,346765,5,1),(226,'/home/storage/a/f0/62/gdoks1/public_html/client_data/fday/uploads/66/15962a50db46e8','MARKETING E VENDAS DO LIVRO ESPÍRITA - FICHA DE INSCRIÇÃO.xlsx','2017-07-09 17:50:05',1,20663,4,1),(227,'/home/storage/a/f0/62/gdoks1/public_html/client_data/fday/uploads/54/15973eaa3c0d54','curriculu 2017.docx','2017-07-22 21:15:31',1,12483,5,1),(228,'/home/storage/a/f0/62/gdoks1/public_html/client_data/fday/uploads/67/159789ee13b412','Hydrangeas.jpg','2017-07-26 09:53:37',1,595284,5,1),(229,'/home/storage/a/f0/62/gdoks1/public_html/client_data/fday/uploads/68/159a0640484e79','FRY-1704.00-E08-001=0_FL01.dwg','2017-08-25 13:53:08',19,1154248,5,1),(230,'/home/storage/a/f0/62/gdoks1/public_html/client_data/fday/uploads/68/159a0648d9499e','FRY-1704.00-E08-001=0_FL02.dwg','2017-08-25 13:55:25',19,1077299,5,1),(231,'/home/storage/a/f0/62/gdoks1/public_html/client_data/fday/uploads/68/159a0648d96274','FRY-1704.00-E08-001=0_FL03.dwg','2017-08-25 13:55:25',19,1056159,5,1),(232,'/home/storage/a/f0/62/gdoks1/public_html/client_data/fday/uploads/68/159a0648d97ad9','FRY-1704.00-E08-001=0_FL04.dwg','2017-08-25 13:55:25',19,1077066,5,1),(233,'/home/storage/a/f0/62/gdoks1/public_html/client_data/fday/uploads/68/159a06584a24dd','FRY-1704.00-E08-001=0_FL05.dwg','2017-08-25 13:59:32',19,1079372,5,1),(234,'/home/storage/a/f0/62/gdoks1/public_html/client_data/fday/uploads/68/159a06584a42ed','FRY-1704.00-E08-001=0_FL06.dwg','2017-08-25 13:59:32',19,1112364,5,1),(235,'/home/storage/a/f0/62/gdoks1/public_html/client_data/fday/uploads/68/159a06584a73e2','FRY-1704.00-E08-001=0_FL07.dwg','2017-08-25 13:59:32',19,1054729,5,1),(236,'/home/storage/a/f0/62/gdoks1/public_html/client_data/fday/uploads/68/159a066eb41c33','FRY-1704.00-E08-001=0_FL06.dwg','2017-08-25 14:05:31',19,1112364,5,1),(237,'/home/storage/a/f0/62/gdoks1/public_html/client_data/fday/uploads/68/159a066eb43b2b','FRY-1704.00-E08-001=0_FL07.dwg','2017-08-25 14:05:31',19,1054729,5,1),(238,'/home/storage/a/f0/62/gdoks1/public_html/client_data/fday/uploads/68/159a066eb456a8','FRY-1704.00-E08-001=0_FL08.dwg','2017-08-25 14:05:31',19,1108276,5,1),(239,'/home/storage/a/f0/62/gdoks1/public_html/client_data/fday/uploads/68/159a066eb47aa0','FRY-1704.00-E08-001=0_FL09.dwg','2017-08-25 14:05:31',19,1251998,5,1),(240,'/home/storage/a/f0/62/gdoks1/public_html/client_data/fday/uploads/68/159a066eb4aa85','FRY-1704.00-E08-001=0_FL10.dwg','2017-08-25 14:05:31',19,1129260,5,1),(241,'/home/storage/a/f0/62/gdoks1/public_html/client_data/fday/uploads/68/159a066eb4c80f','FRY-1704.00-E08-001=0_FL11.dwg','2017-08-25 14:05:31',19,1166380,5,1),(242,'/home/storage/a/f0/62/gdoks1/public_html/client_data/fday/uploads/68/159a0693349594','FRY-1704.00-E08-001=0_FL15.dwg','2017-08-25 14:15:15',19,1171654,5,1),(243,'/home/storage/a/f0/62/gdoks1/public_html/client_data/fday/uploads/68/159a069aa1e2ad','FRY-1704.00-E08-001=0_FL12.dwg','2017-08-25 14:17:14',19,1210275,5,1),(244,'/home/storage/a/f0/62/gdoks1/public_html/client_data/fday/uploads/68/159a069aa1fdfb','FRY-1704.00-E08-001=0_FL13.dwg','2017-08-25 14:17:14',19,1184520,5,1),(245,'/home/storage/a/f0/62/gdoks1/public_html/client_data/fday/uploads/68/159a069aa215d2','FRY-1704.00-E08-001=0_FL14.dwg','2017-08-25 14:17:14',19,1065285,5,1),(246,'/home/storage/a/f0/62/gdoks1/public_html/client_data/fday/uploads/68/159a069aa22b2a','FRY-1704.00-E08-001=0_FL16.dwg','2017-08-25 14:17:14',19,1082452,5,1),(247,'/home/storage/a/f0/62/gdoks1/public_html/client_data/fday/uploads/68/159a069aa2486a','FRY-1704.00-E08-001=0_FL17.dwg','2017-08-25 14:17:14',19,1046253,5,1),(248,'/home/storage/a/f0/62/gdoks1/public_html/client_data/fday/uploads/68/159a069aa26082','FRY-1704.00-E08-001=0_FL18.dwg','2017-08-25 14:17:14',19,1093878,5,1),(249,'/home/storage/a/f0/62/gdoks1/public_html/client_data/fday/uploads/68/159a06a6b9144b','FRY-1704.00-E08-001=0_FL19.dwg','2017-08-25 14:20:27',19,1172698,5,1),(250,'/home/storage/a/f0/62/gdoks1/public_html/client_data/fday/uploads/68/159a06a6b932ff','FRY-1704.00-E08-001=0_FL20.dwg','2017-08-25 14:20:27',19,1097215,5,1),(251,'/home/storage/a/f0/62/gdoks1/public_html/client_data/fday/uploads/68/159a06a6b94fc2','FRY-1704.00-E08-001=0_FL21.dwg','2017-08-25 14:20:27',19,1041532,5,1),(252,'/home/storage/a/f0/62/gdoks1/public_html/client_data/fday/uploads/68/159a06a6b993b5','FRY-1704.00-E08-001=0_FL22.dwg','2017-08-25 14:20:27',19,1261970,5,1),(253,'/home/storage/a/f0/62/gdoks1/public_html/client_data/fday/uploads/68/159a06a6b9b0b5','FRY-1704.00-E08-001=0_FL23.dwg','2017-08-25 14:20:27',19,1052125,5,1),(254,'/home/storage/a/f0/62/gdoks1/public_html/client_data/fday/uploads/68/159a06a6b9cbb3','FRY-1704.00-E08-001=0_FL24.dwg','2017-08-25 14:20:27',19,1169918,5,1),(255,'/home/storage/a/f0/62/gdoks1/public_html/client_data/fday/uploads/68/159a06cdcc891b','FRY-1704.00-E08-001=0_FL25.dwg','2017-08-25 14:30:52',19,1051510,5,1),(256,'/home/storage/a/f0/62/gdoks1/public_html/client_data/fday/uploads/68/159a06cdcca51f','FRY-1704.00-E08-001=0_FL26.dwg','2017-08-25 14:30:52',19,1082432,5,1),(257,'/home/storage/a/f0/62/gdoks1/public_html/client_data/fday/uploads/68/159a06cdccbde1','FRY-1704.00-E08-001=0_FL27.dwg','2017-08-25 14:30:52',19,1166694,5,1),(258,'/home/storage/a/f0/62/gdoks1/public_html/client_data/fday/uploads/68/159a06d96ef11b','FRY-1704.00-E08-001=0_FL28.dwg','2017-08-25 14:33:58',19,3991598,5,1),(259,'/home/storage/a/f0/62/gdoks1/public_html/client_data/fday/uploads/68/159a06d96f1a41','FRY-1704.00-E08-001=0_FL29.dwg','2017-08-25 14:33:58',19,1041817,5,1),(260,'/home/storage/a/f0/62/gdoks1/public_html/client_data/fday/uploads/68/159a06d96f317f','FRY-1704.00-E08-001=0_FL30.dwg','2017-08-25 14:33:58',19,1082808,5,1),(261,'/home/storage/a/f0/62/gdoks1/public_html/client_data/fday/uploads/68/159a06d97007b0','FRY-1704.00-E08-001=0_FL31.dwg','2017-08-25 14:33:59',19,1048949,5,1),(262,'/home/storage/a/f0/62/gdoks1/public_html/client_data/fday/uploads/68/159a06e0290ce8','FRY-1704.00-E08-001=0_FL32.dwg','2017-08-25 14:35:46',19,1073047,5,1),(263,'/home/storage/a/f0/62/gdoks1/public_html/client_data/fday/uploads/68/159a06e0292913','FRY-1704.00-E08-001=0_FL33.dwg','2017-08-25 14:35:46',19,1042083,5,1),(264,'/home/storage/a/f0/62/gdoks1/public_html/client_data/fday/uploads/68/159a06e0293ef2','FRY-1704.00-E08-001=0_FL34.dwg','2017-08-25 14:35:46',19,1069548,5,1),(265,'/home/storage/a/f0/62/gdoks1/public_html/client_data/fday/uploads/68/159a06e02954b1','FRY-1704.00-E08-001=0_FL35.dwg','2017-08-25 14:35:46',19,1051366,5,1),(266,'/home/storage/a/f0/62/gdoks1/public_html/client_data/fday/uploads/69/159a06fd355870','IT104-DE-3000-70-005-REV.4 (CCM 5).dwg','2017-08-25 14:43:31',19,297960,4,1),(267,'/home/storage/a/f0/62/gdoks1/public_html/client_data/fday/uploads/69/159a06fd356dbd','IT104-DE-3000-70-005-REV.4 (CCM 5).pdf','2017-08-25 14:43:31',19,166526,4,1),(268,'/home/storage/a/f0/62/gdoks1/public_html/client_data/fday/uploads/69/159a070a47c766','3000-E060-F-A1-02275-REV.2 (CCM 6).dwg','2017-08-25 14:47:00',19,304668,2,1),(269,'/home/storage/a/f0/62/gdoks1/public_html/client_data/fday/uploads/69/159a070a48252a','3000-E060-F-A1-02275-REV.2 (CCM 6).pdf','2017-08-25 14:47:00',19,236963,2,1),(270,'/home/storage/a/f0/62/gdoks1/public_html/client_data/fday/uploads/69/159a071cea2fa3','0200-E060-A1-02145-REV.5  FL. 3-3(CCM  4).dwg','2017-08-25 14:51:58',19,255836,2,1),(271,'/home/storage/a/f0/62/gdoks1/public_html/client_data/fday/uploads/69/159a071cea4a2e','0200-E060-A1-02145-REV.5  FL. 3-3(CCM  4).pdf','2017-08-25 14:51:58',19,128308,2,1),(272,'/home/storage/a/f0/62/gdoks1/public_html/client_data/fday/uploads/69/159a071cea6809','0200-E060-A1-02145-REV.5  FL.1-3  (CCM 1).dwg','2017-08-25 14:51:58',19,307316,2,1),(273,'/home/storage/a/f0/62/gdoks1/public_html/client_data/fday/uploads/69/159a071cea7e86','0200-E060-A1-02145-REV.5  FL.1-3  (CCM 1).pdf','2017-08-25 14:51:58',19,257832,2,1),(274,'/home/storage/a/f0/62/gdoks1/public_html/client_data/fday/uploads/69/159a071cea9385','0200-E060-A1-02145-REV.5 FL. 2-3 (CCM-3).dwg','2017-08-25 14:51:58',19,280507,2,1),(275,'/home/storage/a/f0/62/gdoks1/public_html/client_data/fday/uploads/69/159a071ceaa985','0200-E060-A1-02145-REV.5 FL. 2-3 (CCM-3).pdf','2017-08-25 14:51:58',19,146723,2,1),(276,'/home/storage/a/f0/62/gdoks1/public_html/client_data/fday/uploads/69/159a0728da4d80','1000-E060-A1-02138-REV.2 (CCM 2).dwg','2017-08-25 14:55:09',19,286460,5,1),(277,'/home/storage/a/f0/62/gdoks1/public_html/client_data/fday/uploads/69/159a0728da9a39','1000-E060-A1-02138-REV.2 (CCM 2).pdf','2017-08-25 14:55:09',19,166286,5,1),(278,'/home/storage/a/f0/62/gdoks1/public_html/client_data/fday/uploads/69/159a073d382087','5000-E040-A1-15703-REV.3 (CCM-7-8).dwg','2017-08-25 15:00:35',19,333919,5,1),(279,'/home/storage/a/f0/62/gdoks1/public_html/client_data/fday/uploads/69/159a073d38380d','5000-E040-A1-15703-REV.3 (CCM-7-8).pdf','2017-08-25 15:00:35',19,641764,5,1),(280,'/home/storage/a/f0/62/gdoks1/public_html/client_data/fday/uploads/69/159a07454c2383','ITF-0390-E060-A0-02136-REV.I (Diagrama Funcional).dwg','2017-08-25 15:02:44',19,216713,5,1),(281,'/home/storage/a/f0/62/gdoks1/public_html/client_data/fday/uploads/69/159a07454c3b18','ITF-0390-E060-A0-02136-REV.I (Diagrama Funcional).pdf','2017-08-25 15:02:44',19,120699,5,1),(282,'/home/storage/a/f0/62/gdoks1/public_html/client_data/fday/uploads/69/159a074cc78417','300-E060-A1-02299 REV. D (Diagrama Unifilar Geral).pdf','2017-08-25 15:04:44',19,163616,2,1),(283,'/home/storage/a/f0/62/gdoks1/public_html/client_data/fday/uploads/69/159a074cc79743','300-E060-A1-02299-REV.D (Diagrama Unifilar Geral).dwg','2017-08-25 15:04:44',19,236062,2,1),(284,'/home/storage/a/f0/62/gdoks1/public_html/client_data/fday/uploads/68/159a0781c35892','FRY-1704.00-E25-007=0.pdf','2017-08-25 15:18:52',19,1878757,5,1),(285,'/home/storage/a/f0/62/gdoks1/public_html/client_data/fday/uploads/68/159a07862f25f2','FRY-1704.00-E25-006=0 - Casa de Bombas.pdf','2017-08-25 15:20:03',19,531578,5,1),(286,'/home/storage/a/f0/62/gdoks1/public_html/client_data/fday/uploads/68/159a078e69cd88','FRY-1704.00-E25-004=0 - Galpão de Residuos.pdf','2017-08-25 15:22:14',19,530948,5,1),(287,'/home/storage/a/f0/62/gdoks1/public_html/client_data/fday/uploads/68/159a0791b3a139','FRY-1704.00-E25-003=0 - Green Coffee.pdf','2017-08-25 15:23:07',19,531179,5,1),(288,'/home/storage/a/f0/62/gdoks1/public_html/client_data/fday/uploads/68/159a07996ccb7f','FRY-1704.00-E25-005=0 - Produtos Inflamaveis.pdf','2017-08-25 15:25:10',19,531380,5,1),(289,'/home/storage/a/f0/62/gdoks1/public_html/client_data/fday/uploads/68/159a07a4539951','FRY-1704.00-E25-001=0 - Galpão Existente.pdf','2017-08-25 15:28:05',19,150141,5,1),(290,'/home/storage/a/f0/62/gdoks1/public_html/client_data/fday/uploads/68/159a07abf9be56','FRY-1704.00-E25-002=0 - Portaria.pdf','2017-08-25 15:30:07',19,532199,5,1),(291,'/home/storage/a/f0/62/gdoks1/public_html/client_data/fday/uploads/68/159a07b403b088','FRY-1704.00-E20-001=0.pdf','2017-08-25 15:32:16',19,456402,5,1),(292,'/home/storage/a/f0/62/gdoks1/public_html/client_data/fday/uploads/68/159a07c9e977bb','03 - MARCA JDE - GREEN COFFEE.pdf','2017-08-25 15:38:06',19,252470,5,1),(293,'/home/storage/a/f0/62/gdoks1/public_html/client_data/fday/uploads/68/159a07d8d23e68','04 - MARCA JDE - GREEN COFFEE.pdf','2017-08-25 15:42:05',19,262087,5,1),(294,'/home/storage/a/f0/62/gdoks1/public_html/client_data/fday/uploads/68/159a07de6db6ef','FRY-1704.00-E18-001=0.pdf','2017-08-25 15:43:34',19,1893926,5,1),(295,'/home/storage/a/f0/62/gdoks1/public_html/client_data/fday/uploads/68/159a07ec455820','E1315.dwg','2017-08-25 15:47:16',19,167921,2,1),(296,'/home/storage/a/f0/62/gdoks1/public_html/client_data/fday/uploads/68/159a07ec456dc0','E1315.pdf','2017-08-25 15:47:16',19,124717,2,1),(297,'/home/storage/a/f0/62/gdoks1/public_html/client_data/fday/uploads/68/159a07f94b28d7','FRY-1704.00-E11-003=0.dwg','2017-08-25 15:50:44',19,1711374,5,1),(298,'/home/storage/a/f0/62/gdoks1/public_html/client_data/fday/uploads/68/159a07f94b4361','FRY-1704.00-E11-003=0.pdf','2017-08-25 15:50:44',19,212612,5,1),(299,'/home/storage/a/f0/62/gdoks1/public_html/client_data/fday/uploads/69/159a44d8c84788','ITF-300-E060-F-02299-0.docx','2017-08-28 13:06:20',19,753838,5,1),(300,'/home/storage/a/f0/62/gdoks1/public_html/client_data/fday/uploads/69/159a44d8c86ce4','ITF-300-E060-F-02299-0.pdf','2017-08-28 13:06:20',19,233774,5,1),(301,'/home/storage/a/f0/62/gdoks1/public_html/client_data/fday/uploads/68/159a44e3596913','FRY-1704.00-E11-004=0.dwg','2017-08-28 13:09:09',19,1006515,5,1),(302,'/home/storage/a/f0/62/gdoks1/public_html/client_data/fday/uploads/68/159a44e359951b','FRY-1704.00-E11-004=0.pdf','2017-08-28 13:09:09',19,70125,5,1),(303,'/home/storage/a/f0/62/gdoks1/public_html/client_data/fday/uploads/68/159a44e8748e48','FRY-1704.00-E11-001=0.dwg','2017-08-28 13:10:31',19,7140829,5,1),(304,'/home/storage/a/f0/62/gdoks1/public_html/client_data/fday/uploads/68/159a44e874e8b2','FRY-1704.00-E11-001=0.pdf','2017-08-28 13:10:31',19,899171,5,1),(305,'/home/storage/a/f0/62/gdoks1/public_html/client_data/fday/uploads/68/159a44fda197b2','FRY-1704.00-E11-002_FL2.pdf','2017-08-28 13:16:10',19,128980,5,1),(306,'/home/storage/a/f0/62/gdoks1/public_html/client_data/fday/uploads/68/159a44fda1af41','FRY-1704.00-E11-002=0_FL1.dwg','2017-08-28 13:16:10',19,1113550,5,1),(307,'/home/storage/a/f0/62/gdoks1/public_html/client_data/fday/uploads/68/159a44fda1c6f3','FRY-1704.00-E11-002=0_FL1.pdf','2017-08-28 13:16:10',19,158057,5,1),(308,'/home/storage/a/f0/62/gdoks1/public_html/client_data/fday/uploads/68/159a44fda1d971','FRY-1704.00-E11-002=0_FL2.dwg','2017-08-28 13:16:10',19,1135095,5,1),(309,'/home/storage/a/f0/62/gdoks1/public_html/client_data/fday/uploads/68/159a44fda1f148','FRY-1704.00-E11-002=0_FL2.pdf','2017-08-28 13:16:10',19,123759,5,1),(310,'/home/storage/a/f0/62/gdoks1/public_html/client_data/fday/uploads/69/159a450f36a700','329XE0309-REV.B (Diagrama QGBT).dwg','2017-08-28 13:20:51',19,268155,5,1),(311,'/home/storage/a/f0/62/gdoks1/public_html/client_data/fday/uploads/69/159a450f36bd23','329XE0309-REV.B (Diagrama QGBT).pdf','2017-08-28 13:20:51',19,246948,5,1),(312,'/home/storage/a/f0/62/gdoks1/public_html/client_data/fday/uploads/68/159a45165ee675','CAFEPILAO_EXE_EL01_REV01 - PRODUTOS INFLAMAVEIS EL.pdf','2017-08-28 13:22:45',19,653028,5,1),(313,'/home/storage/a/f0/62/gdoks1/public_html/client_data/fday/uploads/68/159a45165f01cf','CAFEPILAO_EXE_EL01_REV01 - PRODUTOS INFLAMAVEIS.dwg','2017-08-28 13:22:45',19,605836,5,1),(314,'/home/storage/a/f0/62/gdoks1/public_html/client_data/fday/uploads/68/159a4522225d66','SPDA 00407-DE-ELE-001-R1 - MARCA JDE - GREEN COFFEE.DWG','2017-08-28 13:25:54',19,7389044,5,1),(315,'/home/storage/a/f0/62/gdoks1/public_html/client_data/fday/uploads/72/159a45a7d442fc','FRY-1602-000-E18-001=0.pdf','2017-08-28 14:01:33',19,818355,5,1),(316,'/home/storage/a/f0/62/gdoks1/public_html/client_data/fday/uploads/74/159a4692ad85a7','DE-560-50-0533_FL1.dwg','2017-08-28 15:04:10',19,184288,5,1),(317,'/home/storage/a/f0/62/gdoks1/public_html/client_data/fday/uploads/74/159a4692ad9d17','DE-560-50-0533_FL1.pdf','2017-08-28 15:04:10',19,68626,5,1),(318,'/home/storage/a/f0/62/gdoks1/public_html/client_data/fday/uploads/74/159a4692adae45','DE-560-50-0533_FL2.DWG','2017-08-28 15:04:10',19,186048,5,1),(319,'/home/storage/a/f0/62/gdoks1/public_html/client_data/fday/uploads/74/159a4692adc029','DE-560-50-0533_FL2.pdf','2017-08-28 15:04:10',19,129822,5,1),(320,'/home/storage/a/f0/62/gdoks1/public_html/client_data/fday/uploads/74/159a4692add60f','DE-560-50-0533_FL3.DWG','2017-08-28 15:04:10',19,173568,5,1),(321,'/home/storage/a/f0/62/gdoks1/public_html/client_data/fday/uploads/74/159a4692ade8e9','DE-560-50-0533_FL3.pdf','2017-08-28 15:04:10',19,147017,5,1),(322,'/home/storage/a/f0/62/gdoks1/public_html/client_data/fday/uploads/74/159a4692adfa3c','DE-560-50-0533_FL4.DWG','2017-08-28 15:04:10',19,173344,5,1),(323,'/home/storage/a/f0/62/gdoks1/public_html/client_data/fday/uploads/74/159a4692ae0c4c','DE-560-50-0533_FL4.pdf','2017-08-28 15:04:10',19,75181,5,1),(324,'/home/storage/a/f0/62/gdoks1/public_html/client_data/fday/uploads/74/159a4692ae1dda','DE-560-50-0533_FL5.DWG','2017-08-28 15:04:10',19,266528,5,1),(325,'/home/storage/a/f0/62/gdoks1/public_html/client_data/fday/uploads/74/159a4692ae327f','DE-560-50-0533_FL5.pdf','2017-08-28 15:04:10',19,125438,5,1),(326,'/home/storage/a/f0/62/gdoks1/public_html/client_data/fday/uploads/74/159a4692ae4b5b','DE-560-50-0533_FL6.dwg.dwg','2017-08-28 15:04:10',19,183264,5,1),(327,'/home/storage/a/f0/62/gdoks1/public_html/client_data/fday/uploads/74/159a4692ae5dd8','DE-560-50-0533_FL6.pdf','2017-08-28 15:04:10',19,107045,5,1),(328,'/home/storage/a/f0/62/gdoks1/public_html/client_data/fday/uploads/74/159a4692ae6e6d','DE-560-50-0533_FL7.DWG','2017-08-28 15:04:10',19,183040,5,1),(329,'/home/storage/a/f0/62/gdoks1/public_html/client_data/fday/uploads/74/159a4692ae80b4','DE-560-50-0533_FL7.pdf','2017-08-28 15:04:10',19,59767,5,1),(330,'/home/storage/a/f0/62/gdoks1/public_html/client_data/fday/uploads/74/159a4692ae9194','DE-560-50-0533_FL8.dwg','2017-08-28 15:04:10',19,190656,5,1),(331,'/home/storage/a/f0/62/gdoks1/public_html/client_data/fday/uploads/74/159a4692aea911','DE-560-50-0533_FL8.pdf','2017-08-28 15:04:10',19,83074,5,1),(332,'/home/storage/a/f0/62/gdoks1/public_html/client_data/fday/uploads/74/159a4692aebc89','DE-560-50-0533_FL9.DWG','2017-08-28 15:04:10',19,172544,5,1),(333,'/home/storage/a/f0/62/gdoks1/public_html/client_data/fday/uploads/74/159a4692aee19c','DE-560-50-0533_FL9.pdf','2017-08-28 15:04:10',19,77653,5,1),(334,'/home/storage/a/f0/62/gdoks1/public_html/client_data/fday/uploads/74/159a4692af00b0','DE-560-50-0533_FL10.DWG','2017-08-28 15:04:10',19,251744,5,1),(335,'/home/storage/a/f0/62/gdoks1/public_html/client_data/fday/uploads/74/159a4692af1294','DE-560-50-0533_FL10.pdf','2017-08-28 15:04:10',19,95119,5,1),(336,'/home/storage/a/f0/62/gdoks1/public_html/client_data/fday/uploads/74/159a4692af2733','DE-560-50-0533_FL11.DWG','2017-08-28 15:04:10',19,184512,5,1),(337,'/home/storage/a/f0/62/gdoks1/public_html/client_data/fday/uploads/74/159a4692af3b88','DE-560-50-0533_FL11.pdf','2017-08-28 15:04:10',19,107945,5,1),(338,'/home/storage/a/f0/62/gdoks1/public_html/client_data/fday/uploads/74/159a4692b01155','DE-560-50-0533_FL12.DWG','2017-08-28 15:04:11',19,187392,5,1),(339,'/home/storage/a/f0/62/gdoks1/public_html/client_data/fday/uploads/74/159a4692b02733','DE-560-50-0533_FL12.pdf','2017-08-28 15:04:11',19,77383,5,1),(340,'/home/storage/a/f0/62/gdoks1/public_html/client_data/fday/uploads/74/159a4692b03ba8','DE-560-50-0533_FL13.dwg','2017-08-28 15:04:11',19,187360,5,1),(341,'/home/storage/a/f0/62/gdoks1/public_html/client_data/fday/uploads/74/159a4692b04ff8','DE-560-50-0533_FL13.pdf','2017-08-28 15:04:11',19,74748,5,1),(342,'/home/storage/a/f0/62/gdoks1/public_html/client_data/fday/uploads/74/159a469ab692bb','DE-560-50-0531_FL1.dwg','2017-08-28 15:06:19',19,987447,5,1),(343,'/home/storage/a/f0/62/gdoks1/public_html/client_data/fday/uploads/74/159a469ab6ba49','DE-560-50-0531_FL1.pdf','2017-08-28 15:06:19',19,68830,5,1),(344,'/home/storage/a/f0/62/gdoks1/public_html/client_data/fday/uploads/74/159a469ab6d109','DE-560-50-0531_FL2.DWG','2017-08-28 15:06:19',19,204426,5,1),(345,'/home/storage/a/f0/62/gdoks1/public_html/client_data/fday/uploads/74/159a469ab6ec32','DE-560-50-0531_FL2.pdf','2017-08-28 15:06:19',19,147585,5,1),(346,'/home/storage/a/f0/62/gdoks1/public_html/client_data/fday/uploads/74/159a469ab70165','DE-560-50-0531_FL3.DWG','2017-08-28 15:06:19',19,174193,5,1),(347,'/home/storage/a/f0/62/gdoks1/public_html/client_data/fday/uploads/74/159a469ab74c18','DE-560-50-0531_FL3.pdf','2017-08-28 15:06:19',19,145084,5,1),(348,'/home/storage/a/f0/62/gdoks1/public_html/client_data/fday/uploads/74/159a469ab78157','DE-560-50-0531_FL4.DWG','2017-08-28 15:06:19',19,174884,5,1),(349,'/home/storage/a/f0/62/gdoks1/public_html/client_data/fday/uploads/74/159a469ab79ae4','DE-560-50-0531_FL4.pdf','2017-08-28 15:06:19',19,163793,5,1),(350,'/home/storage/a/f0/62/gdoks1/public_html/client_data/fday/uploads/74/159a469ab7b8f0','DE-560-50-0531_FL5.DWG','2017-08-28 15:06:19',19,171476,5,1),(351,'/home/storage/a/f0/62/gdoks1/public_html/client_data/fday/uploads/74/159a469ab7cacf','DE-560-50-0531_FL5.pdf','2017-08-28 15:06:19',19,134185,5,1),(352,'/home/storage/a/f0/62/gdoks1/public_html/client_data/fday/uploads/74/159a469ab7e782','DE-560-50-0531_FL6.DWG','2017-08-28 15:06:19',19,192940,5,1),(353,'/home/storage/a/f0/62/gdoks1/public_html/client_data/fday/uploads/74/159a469ab7fb18','DE-560-50-0531_FL6.pdf','2017-08-28 15:06:19',19,138422,5,1),(354,'/home/storage/a/f0/62/gdoks1/public_html/client_data/fday/uploads/74/159a469ab8156c','DE-560-50-0531_FL7.DWG','2017-08-28 15:06:19',19,169412,5,1),(355,'/home/storage/a/f0/62/gdoks1/public_html/client_data/fday/uploads/74/159a469ab82787','DE-560-50-0531_FL7.pdf','2017-08-28 15:06:19',19,109458,5,1),(356,'/home/storage/a/f0/62/gdoks1/public_html/client_data/fday/uploads/74/159a469ab83a87','DE-560-50-0531_FL8.DWG','2017-08-28 15:06:19',19,176499,5,1),(357,'/home/storage/a/f0/62/gdoks1/public_html/client_data/fday/uploads/74/159a469ab84e84','DE-560-50-0531_FL8.pdf','2017-08-28 15:06:19',19,170665,5,1),(358,'/home/storage/a/f0/62/gdoks1/public_html/client_data/fday/uploads/74/159a469ab860bf','DE-560-50-0531_FL9.DWG','2017-08-28 15:06:19',19,188234,5,1),(359,'/home/storage/a/f0/62/gdoks1/public_html/client_data/fday/uploads/74/159a469ab87b3b','DE-560-50-0531_FL9.pdf','2017-08-28 15:06:19',19,169598,5,1),(360,'/home/storage/a/f0/62/gdoks1/public_html/client_data/fday/uploads/74/159a469ab88e24','DE-560-50-0531_FL10.DWG','2017-08-28 15:06:19',19,179829,5,1),(361,'/home/storage/a/f0/62/gdoks1/public_html/client_data/fday/uploads/74/159a469ab8afc0','DE-560-50-0531_FL10.pdf','2017-08-28 15:06:19',19,113972,5,1),(362,'/home/storage/a/f0/62/gdoks1/public_html/client_data/fday/uploads/74/159a469ab8cba4','DE-560-50-0531_FL11.DWG','2017-08-28 15:06:19',19,188705,5,1),(363,'/home/storage/a/f0/62/gdoks1/public_html/client_data/fday/uploads/74/159a469ab8ea58','DE-560-50-0531_FL11.pdf','2017-08-28 15:06:19',19,115693,5,1),(364,'/home/storage/a/f0/62/gdoks1/public_html/client_data/fday/uploads/74/159a469ab9096f','DE-560-50-0531_FL12.DWG','2017-08-28 15:06:19',19,169735,5,1),(365,'/home/storage/a/f0/62/gdoks1/public_html/client_data/fday/uploads/74/159a469ab91c9d','DE-560-50-0531_FL12.pdf','2017-08-28 15:06:19',19,136035,5,1),(366,'/home/storage/a/f0/62/gdoks1/public_html/client_data/fday/uploads/74/159a469ab92fe0','DE-560-50-0531_FL13.DWG','2017-08-28 15:06:19',19,191732,5,1),(367,'/home/storage/a/f0/62/gdoks1/public_html/client_data/fday/uploads/74/159a469ab949ee','DE-560-50-0531_FL13.pdf','2017-08-28 15:06:19',19,179829,5,1),(368,'/home/storage/a/f0/62/gdoks1/public_html/client_data/fday/uploads/74/159a469ab95db3','DE-560-50-0531_FL14.DWG','2017-08-28 15:06:19',19,165002,5,1),(369,'/home/storage/a/f0/62/gdoks1/public_html/client_data/fday/uploads/74/159a469ab9799d','DE-560-50-0531_FL14.pdf','2017-08-28 15:06:19',19,111771,5,1),(370,'/home/storage/a/f0/62/gdoks1/public_html/client_data/fday/uploads/74/159a469ab98ee9','plot.log','2017-08-28 15:06:19',19,237,5,1),(371,'/home/storage/a/f0/62/gdoks1/public_html/client_data/fday/uploads/74/159a46a1eb99b3','DE-560-70-0037_FL1.dwg','2017-08-28 15:08:14',19,959905,5,1),(372,'/home/storage/a/f0/62/gdoks1/public_html/client_data/fday/uploads/74/159a46a1ebb0c6','DE-560-70-0037_FL1.pdf','2017-08-28 15:08:14',19,70851,5,1),(373,'/home/storage/a/f0/62/gdoks1/public_html/client_data/fday/uploads/74/159a46a1ebd67f','DE-560-70-0037_FL2.DWG','2017-08-28 15:08:14',19,194135,5,1),(374,'/home/storage/a/f0/62/gdoks1/public_html/client_data/fday/uploads/74/159a46a1ebed94','DE-560-70-0037_FL2.pdf','2017-08-28 15:08:14',19,218285,5,1),(375,'/home/storage/a/f0/62/gdoks1/public_html/client_data/fday/uploads/74/159a46a1ec0a29','DE-560-70-0037_FL3.DWG','2017-08-28 15:08:14',19,188183,5,1),(376,'/home/storage/a/f0/62/gdoks1/public_html/client_data/fday/uploads/74/159a46a1ec1efb','DE-560-70-0037_FL3.pdf','2017-08-28 15:08:14',19,174943,5,1),(377,'/home/storage/a/f0/62/gdoks1/public_html/client_data/fday/uploads/74/159a46a1ec37bd','DE-560-70-0037_FL4.DWG','2017-08-28 15:08:14',19,219543,5,1),(378,'/home/storage/a/f0/62/gdoks1/public_html/client_data/fday/uploads/74/159a46a1ec4e12','DE-560-70-0037_FL4.pdf','2017-08-28 15:08:14',19,184183,5,1),(379,'/home/storage/a/f0/62/gdoks1/public_html/client_data/fday/uploads/74/159a46a1ec60f5','DE-560-70-0037_FL5.DWG','2017-08-28 15:08:14',19,325068,5,1),(380,'/home/storage/a/f0/62/gdoks1/public_html/client_data/fday/uploads/74/159a46a1ec7575','DE-560-70-0037_FL5.pdf','2017-08-28 15:08:14',19,109641,5,1),(381,'/home/storage/a/f0/62/gdoks1/public_html/client_data/fday/uploads/74/159a46ab647ae5','LC-565-50-0001_0.pdf','2017-08-28 15:10:46',19,107185,5,1),(382,'/home/storage/a/f0/62/gdoks1/public_html/client_data/fday/uploads/74/159a46ab648f95','LC-565-50-0001_0.xls','2017-08-28 15:10:46',19,564736,5,1),(383,'/home/storage/a/f0/62/gdoks1/public_html/client_data/fday/uploads/74/159a46c108a08d','LM-560-50-0001_R0.docx','2017-08-28 15:16:32',19,192938,5,1),(384,'/home/storage/a/f0/62/gdoks1/public_html/client_data/fday/uploads/74/159a46c108b578','LM-560-50-0001_R0.pdf','2017-08-28 15:16:32',19,49216,5,1),(385,'/home/storage/a/f0/62/gdoks1/public_html/client_data/fday/uploads/74/159a46ca7bdd9c','DE-560-50-0534_R0.dwg','2017-08-28 15:19:03',19,366828,5,1),(386,'/home/storage/a/f0/62/gdoks1/public_html/client_data/fday/uploads/74/159a46ca7c08a5','DE-560-50-0534_R0.pdf','2017-08-28 15:19:03',19,151770,5,1),(387,'/home/storage/a/f0/62/gdoks1/public_html/client_data/fday/uploads/74/159a46db1a0981','DE-560-50-0532_R0.dwg','2017-08-28 15:23:29',19,356281,5,1),(388,'/home/storage/a/f0/62/gdoks1/public_html/client_data/fday/uploads/74/159a46db1a1ea1','DE-560-50-0532_R0.pdf','2017-08-28 15:23:29',19,199867,5,1),(389,'/home/storage/a/f0/62/gdoks1/public_html/client_data/fday/uploads/74/159a470016d17e','LD-560-50-0001_R0.docx','2017-08-28 15:33:21',19,183334,5,1),(390,'/home/storage/a/f0/62/gdoks1/public_html/client_data/fday/uploads/74/159a470016e964','LD-560-50-0001_R0.pdf','2017-08-28 15:33:21',19,81900,5,1),(391,'/home/storage/a/f0/62/gdoks1/public_html/client_data/fday/uploads/75/159a5a1f8c4f6f','ART - Villas de Esplanada.PDF','2017-08-29 13:18:48',19,1156542,5,1),(392,'/home/storage/a/f0/62/gdoks1/public_html/client_data/fday/uploads/75/159a5a24157d91','FRY-1605.01-E20-001=0 - Carta de Apresentação e Quadro de Consumidores - Villas de Esplanada.PDF','2017-08-29 13:20:01',19,2341204,5,1),(393,'/home/storage/a/f0/62/gdoks1/public_html/client_data/fday/uploads/75/159a5a2812773f','Cartão CNPJ CATALONIA.PDF','2017-08-29 13:21:05',19,127147,5,1),(394,'/home/storage/a/f0/62/gdoks1/public_html/client_data/fday/uploads/75/159a5a2f7731f8','CNH - Nilson Nobrega.pdf','2017-08-29 13:23:03',19,406920,5,1),(395,'/home/storage/a/f0/62/gdoks1/public_html/client_data/fday/uploads/75/159a5a328ecc59','Contrato Social - CATALONIA EMPREENDIMENTOS LTDA..pdf','2017-08-29 13:23:52',19,1172631,5,1),(396,'/home/storage/a/f0/62/gdoks1/public_html/client_data/fday/uploads/75/159a5a35ab28d1','CREA - Caio Novaes.pdf','2017-08-29 13:24:42',19,96897,5,1),(397,'/home/storage/a/f0/62/gdoks1/public_html/client_data/fday/uploads/75/159a5a3ebe42f5','licença prévia baixio.pdf','2017-08-29 13:27:07',19,5616442,5,1),(398,'/home/storage/a/f0/62/gdoks1/public_html/client_data/fday/uploads/75/159a5a3ebe92fa','licença prévia baixio1.pdf','2017-08-29 13:27:07',19,1834181,5,1),(399,'/home/storage/a/f0/62/gdoks1/public_html/client_data/fday/uploads/75/159a5a3ebed498','Publicação Licença Prévia.docx','2017-08-29 13:27:07',19,33511,5,1),(400,'/home/storage/a/f0/62/gdoks1/public_html/client_data/fday/uploads/75/159a5a3ebf2f2e','Publicação Licença Prévia.pdf','2017-08-29 13:27:07',19,202744,5,1),(401,'/home/storage/a/f0/62/gdoks1/public_html/client_data/fday/uploads/75/159a5a445d362f','FRY-1605.01-E25-001=0 - MEMORIA DE CÁLCULO DE QUEDA DE TENSÃO DIMENSIONAMENTO DE RAMAIS DE ENTRADA.pdf','2017-08-29 13:28:37',19,314542,5,1),(402,'/home/storage/a/f0/62/gdoks1/public_html/client_data/fday/uploads/75/159a5a4d3b6051','FRY-1605.01-E20-002=0 -  MEMORIAL DESCRITIVO INSTALAÇÕES ELÉTRICAS.pdf','2017-08-29 13:30:59',19,137424,5,1),(403,'/home/storage/a/f0/62/gdoks1/public_html/client_data/fday/uploads/75/159a5a5144b280','FRY-1605.01-E20-003=0 - MEMORIAL DESCRITIVO REDE DE DISTRIBUIÇÃO ELÉTRICA.pdf','2017-08-29 13:32:04',19,665807,5,1),(404,'/home/storage/a/f0/62/gdoks1/public_html/client_data/fday/uploads/75/159a5a576df57f','Termo de Compromisso - Villas de Esplanada.PDF','2017-08-29 13:33:42',19,1146337,5,1),(405,'/home/storage/a/f0/62/gdoks1/public_html/client_data/fday/uploads/75/159a5a5eb69b73','FRY-1605.01-E12-001=0 - PLANTA DE ILUMINAÇÃO.dwg','2017-08-29 13:35:39',19,10863500,5,1),(406,'/home/storage/a/f0/62/gdoks1/public_html/client_data/fday/uploads/75/159a5a5eb707e4','FRY-1605.01-E12-001=0 - PLANTA DE ILUMINAÇÃO.pdf','2017-08-29 13:35:39',19,1143567,5,1),(407,'/home/storage/a/f0/62/gdoks1/public_html/client_data/fday/uploads/75/159a5a645cd9aa','FRY-1605.01-E10-001=0 - PLANTA DE SITUAÇÃO - IMPLANTAÇÃO.dwg','2017-08-29 13:37:09',19,10890469,5,1),(408,'/home/storage/a/f0/62/gdoks1/public_html/client_data/fday/uploads/75/159a5a645d2451','FRY-1605.01-E10-001=0 - PLANTA DE SITUAÇÃO - IMPLANTAÇÃO.pdf','2017-08-29 13:37:09',19,1249881,5,1),(409,'/home/storage/a/f0/62/gdoks1/public_html/client_data/fday/uploads/75/159a5a6b705f22','FRY-1605.01-E08-001=0 - PLANTAS E DETALHES DIAGRAMA UNIFILAR E QUADRO DE MEDIÇÃO.dwg','2017-08-29 13:39:03',19,2634250,5,1),(410,'/home/storage/a/f0/62/gdoks1/public_html/client_data/fday/uploads/75/159a5a6b70b265','FRY-1605.01-E08-001=0 - PLANTAS E DETALHES DIAGRAMA UNIFILAR E QUADRO DE MEDIÇÃO.pdf','2017-08-29 13:39:03',19,156771,5,1),(411,'/home/storage/a/f0/62/gdoks1/public_html/client_data/fday/uploads/75/159a5a6f07cdd6','Procuração - Villas de Esplanada.PDF','2017-08-29 13:40:00',19,953594,5,1),(412,'/home/storage/a/f0/62/gdoks1/public_html/client_data/fday/uploads/75/159a5a71831d60','Solicitação de Incorporação de rede elétrica - Villas de Esplanada.PDF','2017-08-29 13:40:40',19,965276,5,1),(413,'/home/storage/a/f0/62/gdoks1/public_html/client_data/fday/uploads/71/159a5af37a0d6a','FRY-1502.00-E06-001.rar','2017-08-29 14:15:19',19,3664209,5,1),(414,'/home/storage/a/f0/62/gdoks1/public_html/client_data/fday/uploads/71/159a5af37a3429','FRY-1502-GRD-001.pdf','2017-08-29 14:15:19',19,12206,5,1),(415,'/home/storage/a/f0/62/gdoks1/public_html/client_data/fday/uploads/71/159a5b0348c674','FRY-1502.00-E06-002=0.pdf','2017-08-29 14:19:32',19,2212501,5,1),(416,'/home/storage/a/f0/62/gdoks1/public_html/client_data/fday/uploads/71/159a5b0a4a7952','FRY-1502.00-E06-002=0_FL1.dwg','2017-08-29 14:21:24',19,996524,5,1),(417,'/home/storage/a/f0/62/gdoks1/public_html/client_data/fday/uploads/71/159a5b0a4a96b0','FRY-1502.00-E06-002=0_FL2.dwg','2017-08-29 14:21:24',19,997548,5,1),(418,'/home/storage/a/f0/62/gdoks1/public_html/client_data/fday/uploads/71/159a5b0a4aac0c','FRY-1502.00-E06-002=0_FL3.dwg','2017-08-29 14:21:24',19,995756,5,1),(419,'/home/storage/a/f0/62/gdoks1/public_html/client_data/fday/uploads/71/159a5b0a4ac0de','FRY-1502.00-E06-002=0_FL4.dwg','2017-08-29 14:21:24',19,996204,5,1),(420,'/home/storage/a/f0/62/gdoks1/public_html/client_data/fday/uploads/71/159a5b0a4ad612','FRY-1502.00-E06-002=0_FL5.dwg','2017-08-29 14:21:24',19,995692,5,1),(421,'/home/storage/a/f0/62/gdoks1/public_html/client_data/fday/uploads/71/159a5b0a4aef02','FRY-1502.00-E06-002=0_FL6.dwg','2017-08-29 14:21:24',19,1008588,5,1),(422,'/home/storage/a/f0/62/gdoks1/public_html/client_data/fday/uploads/71/159a5b0a4b0424','FRY-1502.00-E06-002=0_FL7.dwg','2017-08-29 14:21:24',19,1001900,5,1),(423,'/home/storage/a/f0/62/gdoks1/public_html/client_data/fday/uploads/71/159a5b0a4b199f','FRY-1502.00-E06-002=0_FL8.dwg','2017-08-29 14:21:24',19,1006444,5,1),(424,'/home/storage/a/f0/62/gdoks1/public_html/client_data/fday/uploads/71/159a5b0a4b2e60','FRY-1502.00-E06-002=0_FL9.dwg','2017-08-29 14:21:24',19,1000908,5,1),(425,'/home/storage/a/f0/62/gdoks1/public_html/client_data/fday/uploads/71/159a5b0a4b44b6','FRY-1502.00-E06-002=0_FL10.dwg','2017-08-29 14:21:24',19,1011340,5,1),(426,'/home/storage/a/f0/62/gdoks1/public_html/client_data/fday/uploads/71/159a5b0a4b5aff','FRY-1502.00-E06-002=0_FL11.dwg','2017-08-29 14:21:24',19,1006028,5,1),(427,'/home/storage/a/f0/62/gdoks1/public_html/client_data/fday/uploads/71/159a5b0a4b74af','FRY-1502.00-E06-002=0_FL12.dwg','2017-08-29 14:21:24',19,1010476,5,1),(428,'/home/storage/a/f0/62/gdoks1/public_html/client_data/fday/uploads/71/159a5b0a4b8ee3','FRY-1502.00-E06-002=0_FL13.dwg','2017-08-29 14:21:24',19,1003852,5,1),(429,'/home/storage/a/f0/62/gdoks1/public_html/client_data/fday/uploads/71/159a5b0a4ba609','FRY-1502.00-E06-002=0_FL14.dwg','2017-08-29 14:21:24',19,1009644,5,1),(430,'/home/storage/a/f0/62/gdoks1/public_html/client_data/fday/uploads/71/159a5b0a4bc160','FRY-1502.00-E06-002=0_FL15.dwg','2017-08-29 14:21:24',19,1002956,5,1),(431,'/home/storage/a/f0/62/gdoks1/public_html/client_data/fday/uploads/71/159a5b0a4bda4b','FRY-1502.00-E06-002=0_FL16.dwg','2017-08-29 14:21:24',19,980452,5,1),(432,'/home/storage/a/f0/62/gdoks1/public_html/client_data/fday/uploads/71/159a5b0a4bffee','FRY-1502.00-E06-002=0_FL17.dwg','2017-08-29 14:21:24',19,1000908,5,1),(433,'/home/storage/a/f0/62/gdoks1/public_html/client_data/fday/uploads/71/159a5b0a4c15c2','FRY-1502.00-E06-002=0_FL18.dwg','2017-08-29 14:21:24',19,1006444,5,1),(434,'/home/storage/a/f0/62/gdoks1/public_html/client_data/fday/uploads/71/159a5b0a4c2d69','FRY-1502.00-E06-002=0_FL19.dwg','2017-08-29 14:21:24',19,1005612,5,1),(435,'/home/storage/a/f0/62/gdoks1/public_html/client_data/fday/uploads/71/159a5b0a4c4540','FRY-1502.00-E06-002=0_FL20.dwg','2017-08-29 14:21:24',19,1011596,5,1),(436,'/home/storage/a/f0/62/gdoks1/public_html/client_data/fday/uploads/71/159a5b0a4c5d77','FRY-1502.00-E06-002=0_FL21.dwg','2017-08-29 14:21:24',19,1004844,5,1),(437,'/home/storage/a/f0/62/gdoks1/public_html/client_data/fday/uploads/71/159a5b0a4c78df','FRY-1502.00-E06-002=0_FL22.dwg','2017-08-29 14:21:24',19,1012844,5,1),(438,'/home/storage/a/f0/62/gdoks1/public_html/client_data/fday/uploads/71/159a5b0a4c8df0','FRY-1502.00-E06-002=0_FL23.dwg','2017-08-29 14:21:24',19,1008201,5,1),(439,'/home/storage/a/f0/62/gdoks1/public_html/client_data/fday/uploads/71/159a5b0a4ca365','FRY-1502.00-E06-002=0_FL24.dwg','2017-08-29 14:21:24',19,1008300,5,1),(440,'/home/storage/a/f0/62/gdoks1/public_html/client_data/fday/uploads/71/159a5b0a4cba3b','FRY-1502.00-E06-002=0_FL25.dwg','2017-08-29 14:21:24',19,1001964,5,1),(441,'/home/storage/a/f0/62/gdoks1/public_html/client_data/fday/uploads/71/159a5b0a4ccf8a','FRY-1502.00-E06-002=0_FL26.dwg','2017-08-29 14:21:24',19,1006508,5,1),(442,'/home/storage/a/f0/62/gdoks1/public_html/client_data/fday/uploads/71/159a5b0a4ce55e','FRY-1502.00-E06-002=0_FL27.dwg','2017-08-29 14:21:24',19,1000588,5,1),(443,'/home/storage/a/f0/62/gdoks1/public_html/client_data/fday/uploads/71/159a5b0a4cfac4','FRY-1502.00-E06-002=0_FL28.dwg','2017-08-29 14:21:24',19,1015820,5,1),(444,'/home/storage/a/f0/62/gdoks1/public_html/client_data/fday/uploads/71/159a5b0a4d10ea','FRY-1502.00-E06-002=0_FL29.dwg','2017-08-29 14:21:24',19,985127,5,1),(445,'/home/storage/a/f0/62/gdoks1/public_html/client_data/fday/uploads/71/159a5b0a4d2617','FRY-1502.00-E06-002=0_FL30.dwg','2017-08-29 14:21:24',19,1014796,5,1),(446,'/home/storage/a/f0/62/gdoks1/public_html/client_data/fday/uploads/71/159a5b0a4d40a0','FRY-1502.00-E06-002=0_FL31.dwg','2017-08-29 14:21:24',19,985063,5,1),(447,'/home/storage/a/f0/62/gdoks1/public_html/client_data/fday/uploads/71/159a5b0a4d6975','FRY-1502.00-E06-002=0_FL32.dwg','2017-08-29 14:21:24',19,1012844,5,1),(448,'/home/storage/a/f0/62/gdoks1/public_html/client_data/fday/uploads/71/159a5b0a4d8a8c','FRY-1502.00-E06-002=0_FL33.dwg','2017-08-29 14:21:24',19,1012172,5,1),(449,'/home/storage/a/f0/62/gdoks1/public_html/client_data/fday/uploads/71/159a5b0a4da421','FRY-1502.00-E06-002=0_FL34.dwg','2017-08-29 14:21:24',19,1007436,5,1),(450,'/home/storage/a/f0/62/gdoks1/public_html/client_data/fday/uploads/71/159a5b0a4dbaab','FRY-1502.00-E06-002=0_FL35.dwg','2017-08-29 14:21:24',19,1002540,5,1),(451,'/home/storage/a/f0/62/gdoks1/public_html/client_data/fday/uploads/71/159a5b0a4dd0f6','FRY-1502.00-E06-002=0_FL36.dwg','2017-08-29 14:21:24',19,981282,5,1),(452,'/home/storage/a/f0/62/gdoks1/public_html/client_data/fday/uploads/71/159a5b0a4de7ed','FRY-1502.00-E06-002=0_FL37.dwg','2017-08-29 14:21:24',19,976518,5,1),(453,'/home/storage/a/f0/62/gdoks1/public_html/client_data/fday/uploads/71/159a5b0a4e0342','FRY-1502.00-E06-002=0_FL38.dwg','2017-08-29 14:21:24',19,981442,5,1),(454,'/home/storage/a/f0/62/gdoks1/public_html/client_data/fday/uploads/71/159a5b0a4e187e','FRY-1502.00-E06-002=0_FL39.dwg','2017-08-29 14:21:24',19,976551,5,1),(455,'/home/storage/a/f0/62/gdoks1/public_html/client_data/fday/uploads/71/159a5b0a4e31ad','FRY-1502.00-E06-002=0_FL40.dwg','2017-08-29 14:21:24',19,981251,5,1),(456,'/home/storage/a/f0/62/gdoks1/public_html/client_data/fday/uploads/71/159a5b0a4e475f','FRY-1502.00-E06-002=0_FL41.dwg','2017-08-29 14:21:24',19,976613,5,1),(457,'/home/storage/a/f0/62/gdoks1/public_html/client_data/fday/uploads/71/159a5b0a4e5ea8','FRY-1502.00-E06-002=0_FL42.dwg','2017-08-29 14:21:24',19,982406,5,1),(458,'/home/storage/a/f0/62/gdoks1/public_html/client_data/fday/uploads/71/159a5b0a4e7475','FRY-1502.00-E06-002=0_FL43.dwg','2017-08-29 14:21:24',19,977699,5,1),(459,'/home/storage/a/f0/62/gdoks1/public_html/client_data/fday/uploads/71/159a5b0a4e8b47','FRY-1502.00-E06-002=0_FL44.dwg','2017-08-29 14:21:24',19,980897,5,1),(460,'/home/storage/a/f0/62/gdoks1/public_html/client_data/fday/uploads/71/159a5b0a4ea10f','FRY-1502.00-E06-002=0_FL45.dwg','2017-08-29 14:21:24',19,977955,5,1),(461,'/home/storage/a/f0/62/gdoks1/public_html/client_data/fday/uploads/71/159a5b0a4eb6cf','FRY-1502.00-E06-002=0_FL46.dwg','2017-08-29 14:21:24',19,978695,5,1),(462,'/home/storage/a/f0/62/gdoks1/public_html/client_data/fday/uploads/71/159a5b0a4eec30','FRY-1502.00-E06-002=0_FL47.dwg','2017-08-29 14:21:24',19,980833,5,1),(463,'/home/storage/a/f0/62/gdoks1/public_html/client_data/fday/uploads/71/159a5b0a4f1bc1','FRY-1502.00-E06-002=0_FL48.dwg','2017-08-29 14:21:24',19,977891,5,1),(464,'/home/storage/a/f0/62/gdoks1/public_html/client_data/fday/uploads/71/159a5b0a4f3426','FRY-1502.00-E06-002=0_FL49.dwg','2017-08-29 14:21:24',19,978822,5,1),(465,'/home/storage/a/f0/62/gdoks1/public_html/client_data/fday/uploads/71/159a5b0a500ca4','FRY-1502.00-E06-002=0_FL50.dwg','2017-08-29 14:21:25',19,981025,5,1),(466,'/home/storage/a/f0/62/gdoks1/public_html/client_data/fday/uploads/71/159a5b3d647915','FRY-1502.00-E06-002=0_FL1.dwg','2017-08-29 14:35:02',19,996524,5,1),(467,'/home/storage/a/f0/62/gdoks1/public_html/client_data/fday/uploads/71/159a5b4a4ce964','FRY-1502.00-E06-002=0_FL51.dwg','2017-08-29 14:38:28',19,977955,5,1),(468,'/home/storage/a/f0/62/gdoks1/public_html/client_data/fday/uploads/71/159a5b4a4d007e','FRY-1502.00-E06-002=0_FL52.dwg','2017-08-29 14:38:28',19,978757,5,1),(469,'/home/storage/a/f0/62/gdoks1/public_html/client_data/fday/uploads/71/159a5b4a4d14ee','FRY-1502.00-E06-002=0_FL53.dwg','2017-08-29 14:38:28',19,981183,5,1),(470,'/home/storage/a/f0/62/gdoks1/public_html/client_data/fday/uploads/71/159a5b4a4d2953','FRY-1502.00-E06-002=0_FL54.dwg','2017-08-29 14:38:28',19,977923,5,1),(471,'/home/storage/a/f0/62/gdoks1/public_html/client_data/fday/uploads/71/159a5b4a4d3e7c','FRY-1502.00-E06-002=0_FL55.dwg','2017-08-29 14:38:28',19,978758,5,1),(472,'/home/storage/a/f0/62/gdoks1/public_html/client_data/fday/uploads/71/159a5b4a4d58e3','FRY-1502.00-E06-002=0_FL56.dwg','2017-08-29 14:38:28',19,981023,5,1),(473,'/home/storage/a/f0/62/gdoks1/public_html/client_data/fday/uploads/71/159a5b4a4d76d3','FRY-1502.00-E06-002=0_FL57.dwg','2017-08-29 14:38:28',19,978018,5,1),(474,'/home/storage/a/f0/62/gdoks1/public_html/client_data/fday/uploads/71/159a5b4a4d8b70','FRY-1502.00-E06-002=0_FL58.dwg','2017-08-29 14:38:28',19,978855,5,1),(475,'/home/storage/a/f0/62/gdoks1/public_html/client_data/fday/uploads/71/159a5b4a4da301','FRY-1502.00-E06-002=0_FL59.dwg','2017-08-29 14:38:28',19,981023,5,1),(476,'/home/storage/a/f0/62/gdoks1/public_html/client_data/fday/uploads/71/159a5b4a4db9d0','FRY-1502.00-E06-002=0_FL60.dwg','2017-08-29 14:38:28',19,976125,5,1),(477,'/home/storage/a/f0/62/gdoks1/public_html/client_data/fday/uploads/71/159a5b4a4dd05e','FRY-1502.00-E06-002=0_FL61.dwg','2017-08-29 14:38:28',19,978436,5,1),(478,'/home/storage/a/f0/62/gdoks1/public_html/client_data/fday/uploads/71/159a5b74432bab','FRY-1502.00-E06-001=0.pdf','2017-08-29 14:49:40',19,388270,5,1),(479,'/home/storage/a/f0/62/gdoks1/public_html/client_data/fday/uploads/71/159a5b8526a895','FRY-1502.00-E06-002=0.pdf','2017-08-29 14:54:10',19,2212501,5,1),(480,'/home/storage/a/f0/62/gdoks1/public_html/client_data/fday/uploads/71/159a5b8526c823','FRY-1502.00-E06-002=0_FL1.dwg','2017-08-29 14:54:10',19,996524,5,1),(481,'/home/storage/a/f0/62/gdoks1/public_html/client_data/fday/uploads/71/159a5b8526e253','FRY-1502.00-E06-002=0_FL2.dwg','2017-08-29 14:54:10',19,997548,5,1),(482,'/home/storage/a/f0/62/gdoks1/public_html/client_data/fday/uploads/71/159a5b8526f9e8','FRY-1502.00-E06-002=0_FL3.dwg','2017-08-29 14:54:10',19,995756,5,1),(483,'/home/storage/a/f0/62/gdoks1/public_html/client_data/fday/uploads/71/159a5b85272b30','FRY-1502.00-E06-002=0_FL4.dwg','2017-08-29 14:54:10',19,996204,5,1),(484,'/home/storage/a/f0/62/gdoks1/public_html/client_data/fday/uploads/71/159a5b85274a07','FRY-1502.00-E06-002=0_FL5.dwg','2017-08-29 14:54:10',19,995692,5,1),(485,'/home/storage/a/f0/62/gdoks1/public_html/client_data/fday/uploads/71/159a5b852764fe','FRY-1502.00-E06-002=0_FL6.dwg','2017-08-29 14:54:10',19,1008588,5,1),(486,'/home/storage/a/f0/62/gdoks1/public_html/client_data/fday/uploads/71/159a5b85277d35','FRY-1502.00-E06-002=0_FL7.dwg','2017-08-29 14:54:10',19,1001900,5,1),(487,'/home/storage/a/f0/62/gdoks1/public_html/client_data/fday/uploads/71/159a5b85279387','FRY-1502.00-E06-002=0_FL8.dwg','2017-08-29 14:54:10',19,1006444,5,1),(488,'/home/storage/a/f0/62/gdoks1/public_html/client_data/fday/uploads/71/159a5b8527af73','FRY-1502.00-E06-002=0_FL9.dwg','2017-08-29 14:54:10',19,1000908,5,1),(489,'/home/storage/a/f0/62/gdoks1/public_html/client_data/fday/uploads/71/159a5b8527c72b','FRY-1502.00-E06-002=0_FL10.dwg','2017-08-29 14:54:10',19,1011340,5,1),(490,'/home/storage/a/f0/62/gdoks1/public_html/client_data/fday/uploads/71/159a5b8527dd98','FRY-1502.00-E06-002=0_FL11.dwg','2017-08-29 14:54:10',19,1006028,5,1),(491,'/home/storage/a/f0/62/gdoks1/public_html/client_data/fday/uploads/71/159a5b8527f5fb','FRY-1502.00-E06-002=0_FL12.dwg','2017-08-29 14:54:10',19,1010476,5,1),(492,'/home/storage/a/f0/62/gdoks1/public_html/client_data/fday/uploads/71/159a5b85281354','FRY-1502.00-E06-002=0_FL13.dwg','2017-08-29 14:54:10',19,1003852,5,1),(493,'/home/storage/a/f0/62/gdoks1/public_html/client_data/fday/uploads/71/159a5b852828a7','FRY-1502.00-E06-002=0_FL14.dwg','2017-08-29 14:54:10',19,1009644,5,1),(494,'/home/storage/a/f0/62/gdoks1/public_html/client_data/fday/uploads/71/159a5b8528405f','FRY-1502.00-E06-002=0_FL15.dwg','2017-08-29 14:54:10',19,1002956,5,1),(495,'/home/storage/a/f0/62/gdoks1/public_html/client_data/fday/uploads/71/159a5b85285784','FRY-1502.00-E06-002=0_FL16.dwg','2017-08-29 14:54:10',19,980452,5,1),(496,'/home/storage/a/f0/62/gdoks1/public_html/client_data/fday/uploads/71/159a5b85286c70','FRY-1502.00-E06-002=0_FL17.dwg','2017-08-29 14:54:10',19,1000908,5,1),(497,'/home/storage/a/f0/62/gdoks1/public_html/client_data/fday/uploads/71/159a5b852882e0','FRY-1502.00-E06-002=0_FL18.dwg','2017-08-29 14:54:10',19,1006444,5,1),(498,'/home/storage/a/f0/62/gdoks1/public_html/client_data/fday/uploads/71/159a5b8528998c','FRY-1502.00-E06-002=0_FL19.dwg','2017-08-29 14:54:10',19,1005612,5,1),(499,'/home/storage/a/f0/62/gdoks1/public_html/client_data/fday/uploads/71/159a5b8528b1cc','FRY-1502.00-E06-002=0_FL20.dwg','2017-08-29 14:54:10',19,1011596,5,1),(500,'/home/storage/a/f0/62/gdoks1/public_html/client_data/fday/uploads/71/159a5b8528dc9f','FRY-1502.00-E06-002=0_FL21.dwg','2017-08-29 14:54:10',19,1004844,5,1),(501,'/home/storage/a/f0/62/gdoks1/public_html/client_data/fday/uploads/71/159a5b8528f6d4','FRY-1502.00-E06-002=0_FL22.dwg','2017-08-29 14:54:10',19,1012844,5,1),(502,'/home/storage/a/f0/62/gdoks1/public_html/client_data/fday/uploads/71/159a5b85290c6a','FRY-1502.00-E06-002=0_FL23.dwg','2017-08-29 14:54:10',19,1008201,5,1),(503,'/home/storage/a/f0/62/gdoks1/public_html/client_data/fday/uploads/71/159a5b85292726','FRY-1502.00-E06-002=0_FL24.dwg','2017-08-29 14:54:10',19,1008300,5,1),(504,'/home/storage/a/f0/62/gdoks1/public_html/client_data/fday/uploads/71/159a5b852944c4','FRY-1502.00-E06-002=0_FL25.dwg','2017-08-29 14:54:10',19,1001964,5,1),(505,'/home/storage/a/f0/62/gdoks1/public_html/client_data/fday/uploads/71/159a5b85295afa','FRY-1502.00-E06-002=0_FL26.dwg','2017-08-29 14:54:10',19,1006508,5,1),(506,'/home/storage/a/f0/62/gdoks1/public_html/client_data/fday/uploads/71/159a5b852972a7','FRY-1502.00-E06-002=0_FL27.dwg','2017-08-29 14:54:10',19,1000588,5,1),(507,'/home/storage/a/f0/62/gdoks1/public_html/client_data/fday/uploads/71/159a5b85298947','FRY-1502.00-E06-002=0_FL28.dwg','2017-08-29 14:54:10',19,1015820,5,1),(508,'/home/storage/a/f0/62/gdoks1/public_html/client_data/fday/uploads/71/159a5b8529a421','FRY-1502.00-E06-002=0_FL29.dwg','2017-08-29 14:54:10',19,985127,5,1),(509,'/home/storage/a/f0/62/gdoks1/public_html/client_data/fday/uploads/71/159a5b8529c237','FRY-1502.00-E06-002=0_FL30.dwg','2017-08-29 14:54:10',19,1014796,5,1),(510,'/home/storage/a/f0/62/gdoks1/public_html/client_data/fday/uploads/71/159a5b958ec47c','FRY-1502.00-E06-002=0_FL31.dwg','2017-08-29 14:58:32',19,985063,5,1),(511,'/home/storage/a/f0/62/gdoks1/public_html/client_data/fday/uploads/71/159a5b958f11d9','FRY-1502.00-E06-002=0_FL32.dwg','2017-08-29 14:58:32',19,1012844,5,1),(512,'/home/storage/a/f0/62/gdoks1/public_html/client_data/fday/uploads/71/159a5b95901bc4','FRY-1502.00-E06-002=0_FL33.dwg','2017-08-29 14:58:33',19,1012172,5,1),(513,'/home/storage/a/f0/62/gdoks1/public_html/client_data/fday/uploads/71/159a5b95903546','FRY-1502.00-E06-002=0_FL34.dwg','2017-08-29 14:58:33',19,1007436,5,1),(514,'/home/storage/a/f0/62/gdoks1/public_html/client_data/fday/uploads/71/159a5b95904be0','FRY-1502.00-E06-002=0_FL35.dwg','2017-08-29 14:58:33',19,1002540,5,1),(515,'/home/storage/a/f0/62/gdoks1/public_html/client_data/fday/uploads/71/159a5b959060c3','FRY-1502.00-E06-002=0_FL36.dwg','2017-08-29 14:58:33',19,981282,5,1),(516,'/home/storage/a/f0/62/gdoks1/public_html/client_data/fday/uploads/71/159a5b95907830','FRY-1502.00-E06-002=0_FL37.dwg','2017-08-29 14:58:33',19,976518,5,1),(517,'/home/storage/a/f0/62/gdoks1/public_html/client_data/fday/uploads/71/159a5b95908fa0','FRY-1502.00-E06-002=0_FL38.dwg','2017-08-29 14:58:33',19,981442,5,1),(518,'/home/storage/a/f0/62/gdoks1/public_html/client_data/fday/uploads/71/159a5b9590a4f3','FRY-1502.00-E06-002=0_FL39.dwg','2017-08-29 14:58:33',19,976551,5,1),(519,'/home/storage/a/f0/62/gdoks1/public_html/client_data/fday/uploads/71/159a5b9590bcfa','FRY-1502.00-E06-002=0_FL40.dwg','2017-08-29 14:58:33',19,981251,5,1),(520,'/home/storage/a/f0/62/gdoks1/public_html/client_data/fday/uploads/71/159a5b9a9ac126','FRY-1502.00-E06-002=0_FL41.dwg','2017-08-29 14:59:53',19,976613,5,1),(521,'/home/storage/a/f0/62/gdoks1/public_html/client_data/fday/uploads/71/159a5b9a9adb12','FRY-1502.00-E06-002=0_FL42.dwg','2017-08-29 14:59:53',19,982406,5,1),(522,'/home/storage/a/f0/62/gdoks1/public_html/client_data/fday/uploads/71/159a5b9a9af0fc','FRY-1502.00-E06-002=0_FL43.dwg','2017-08-29 14:59:53',19,977699,5,1),(523,'/home/storage/a/f0/62/gdoks1/public_html/client_data/fday/uploads/71/159a5b9a9b0573','FRY-1502.00-E06-002=0_FL44.dwg','2017-08-29 14:59:53',19,980897,5,1),(524,'/home/storage/a/f0/62/gdoks1/public_html/client_data/fday/uploads/71/159a5b9a9b1ce2','FRY-1502.00-E06-002=0_FL45.dwg','2017-08-29 14:59:53',19,977955,5,1),(525,'/home/storage/a/f0/62/gdoks1/public_html/client_data/fday/uploads/71/159a5b9a9b3a38','FRY-1502.00-E06-002=0_FL46.dwg','2017-08-29 14:59:53',19,978695,5,1),(526,'/home/storage/a/f0/62/gdoks1/public_html/client_data/fday/uploads/71/159a5b9a9b5a7d','FRY-1502.00-E06-002=0_FL47.dwg','2017-08-29 14:59:53',19,980833,5,1),(527,'/home/storage/a/f0/62/gdoks1/public_html/client_data/fday/uploads/71/159a5b9a9b873d','FRY-1502.00-E06-002=0_FL48.dwg','2017-08-29 14:59:53',19,977891,5,1),(528,'/home/storage/a/f0/62/gdoks1/public_html/client_data/fday/uploads/71/159a5b9a9bb26f','FRY-1502.00-E06-002=0_FL49.dwg','2017-08-29 14:59:53',19,978822,5,1),(529,'/home/storage/a/f0/62/gdoks1/public_html/client_data/fday/uploads/71/159a5b9a9bd96b','FRY-1502.00-E06-002=0_FL50.dwg','2017-08-29 14:59:53',19,981025,5,1),(530,'/home/storage/a/f0/62/gdoks1/public_html/client_data/fday/uploads/71/159a5b9a9c1495','FRY-1502.00-E06-002=0_FL51.dwg','2017-08-29 14:59:53',19,977955,5,1),(531,'/home/storage/a/f0/62/gdoks1/public_html/client_data/fday/uploads/71/159a5b9a9c2b2f','FRY-1502.00-E06-002=0_FL52.dwg','2017-08-29 14:59:53',19,978757,5,1),(532,'/home/storage/a/f0/62/gdoks1/public_html/client_data/fday/uploads/71/159a5b9a9c40e0','FRY-1502.00-E06-002=0_FL53.dwg','2017-08-29 14:59:53',19,981183,5,1),(533,'/home/storage/a/f0/62/gdoks1/public_html/client_data/fday/uploads/71/159a5b9a9c590f','FRY-1502.00-E06-002=0_FL54.dwg','2017-08-29 14:59:53',19,977923,5,1),(534,'/home/storage/a/f0/62/gdoks1/public_html/client_data/fday/uploads/71/159a5b9a9c7441','FRY-1502.00-E06-002=0_FL55.dwg','2017-08-29 14:59:53',19,978758,5,1),(535,'/home/storage/a/f0/62/gdoks1/public_html/client_data/fday/uploads/71/159a5b9a9c97e2','FRY-1502.00-E06-002=0_FL56.dwg','2017-08-29 14:59:53',19,981023,5,1),(536,'/home/storage/a/f0/62/gdoks1/public_html/client_data/fday/uploads/71/159a5b9a9cac59','FRY-1502.00-E06-002=0_FL57.dwg','2017-08-29 14:59:53',19,978018,5,1),(537,'/home/storage/a/f0/62/gdoks1/public_html/client_data/fday/uploads/71/159a5b9a9cc0df','FRY-1502.00-E06-002=0_FL58.dwg','2017-08-29 14:59:53',19,978855,5,1),(538,'/home/storage/a/f0/62/gdoks1/public_html/client_data/fday/uploads/71/159a5b9a9cd64b','FRY-1502.00-E06-002=0_FL59.dwg','2017-08-29 14:59:53',19,981023,5,1),(539,'/home/storage/a/f0/62/gdoks1/public_html/client_data/fday/uploads/71/159a5b9a9cecbd','FRY-1502.00-E06-002=0_FL60.dwg','2017-08-29 14:59:53',19,976125,5,1),(540,'/home/storage/a/f0/62/gdoks1/public_html/client_data/fday/uploads/71/159a5b9a9d01fe','FRY-1502.00-E06-002=0_FL61.dwg','2017-08-29 14:59:53',19,978436,5,1),(541,'/home/storage/a/f0/62/gdoks1/public_html/client_data/fday/uploads/71/159a5ba672ab81','FRY-1502.00-E06-001=0.pdf','2017-08-29 15:03:03',19,716979,5,1),(542,'/home/storage/a/f0/62/gdoks1/public_html/client_data/fday/uploads/71/159a5ba672c4f7','FRY-1502.00-E06-001=0_FL1.dwg','2017-08-29 15:03:03',19,974814,5,1),(543,'/home/storage/a/f0/62/gdoks1/public_html/client_data/fday/uploads/71/159a5ba672e170','FRY-1502.00-E06-001=0_FL2.dwg','2017-08-29 15:03:03',19,982826,5,1),(544,'/home/storage/a/f0/62/gdoks1/public_html/client_data/fday/uploads/71/159a5ba672fdb5','FRY-1502.00-E06-001=0_FL3.dwg','2017-08-29 15:03:03',19,976671,5,1),(545,'/home/storage/a/f0/62/gdoks1/public_html/client_data/fday/uploads/71/159a5ba67317f8','FRY-1502.00-E06-001=0_FL4.dwg','2017-08-29 15:03:03',19,967698,5,1),(546,'/home/storage/a/f0/62/gdoks1/public_html/client_data/fday/uploads/71/159a5ba67335a7','FRY-1502.00-E06-001=0_FL5.dwg','2017-08-29 15:03:03',19,2617333,5,1),(547,'/home/storage/a/f0/62/gdoks1/public_html/client_data/fday/uploads/71/159a5ba6735f61','FRY-1502.00-E06-001=0_FL6.dwg','2017-08-29 15:03:03',19,988266,5,1),(548,'/home/storage/a/f0/62/gdoks1/public_html/client_data/fday/uploads/71/159a5ba673a6eb','FRY-1502.00-E06-001=0_FL7.dwg','2017-08-29 15:03:03',19,1010130,5,1),(549,'/home/storage/a/f0/62/gdoks1/public_html/client_data/fday/uploads/71/159a5ba673c712','FRY-1502.00-E06-001=0_FL8.dwg','2017-08-29 15:03:03',19,2500130,5,1),(550,'/home/storage/a/f0/62/gdoks1/public_html/client_data/fday/uploads/71/159a5ba674028b','FRY-1502.00-E06-001=0_FL9.dwg','2017-08-29 15:03:03',19,998956,5,1),(551,'/home/storage/a/f0/62/gdoks1/public_html/client_data/fday/uploads/71/159a5ba67423eb','FRY-1502.00-E06-001=0_FL10.dwg','2017-08-29 15:03:03',19,981368,5,1),(552,'/home/storage/a/f0/62/gdoks1/public_html/client_data/fday/uploads/71/159a5ba67450e6','FRY-1502.00-E06-001=0_FL11.dwg','2017-08-29 15:03:03',19,988909,5,1),(553,'/home/storage/a/f0/62/gdoks1/public_html/client_data/fday/uploads/71/159a5ba6747ee5','FRY-1502.00-E06-001=0_FL12.dwg','2017-08-29 15:03:03',19,981246,5,1),(554,'/home/storage/a/f0/62/gdoks1/public_html/client_data/fday/uploads/71/159a5ba674aad4','FRY-1502.00-E06-001=0_FL13.dwg','2017-08-29 15:03:03',19,980050,5,1),(555,'/home/storage/a/f0/62/gdoks1/public_html/client_data/fday/uploads/71/159a5ba674c722','FRY-1502.00-E06-001=0_FL14.dwg','2017-08-29 15:03:03',19,967702,5,1),(556,'/home/storage/a/f0/62/gdoks1/public_html/client_data/fday/uploads/71/159a5ba674e256','FRY-1502.00-E06-001=0_FL15.dwg','2017-08-29 15:03:03',19,977320,5,1),(557,'/home/storage/a/f0/62/gdoks1/public_html/client_data/fday/uploads/71/159a5ba674fcb0','FRY-1502.00-E06-001=0_FL16.dwg','2017-08-29 15:03:03',19,1001287,5,1),(558,'/home/storage/a/f0/62/gdoks1/public_html/client_data/fday/uploads/71/159a5ba6751d01','FRY-1502.00-E06-001=0_FL17.dwg','2017-08-29 15:03:03',19,979873,5,1),(559,'/home/storage/a/f0/62/gdoks1/public_html/client_data/fday/uploads/71/159a5ba6753898','FRY-1502.00-E06-001=0_FL18.dwg','2017-08-29 15:03:03',19,967797,5,1),(560,'/home/storage/a/f0/62/gdoks1/public_html/client_data/fday/uploads/71/159a5ba6755380','FRY-1502.00-E06-001=0_FL19.dwg','2017-08-29 15:03:03',19,979101,5,1),(561,'/home/storage/a/f0/62/gdoks1/public_html/client_data/fday/uploads/71/159a5ba6756e0e','FRY-1502.00-E06-001=0_FL20.dwg','2017-08-29 15:03:03',19,2532672,5,1),(562,'/home/storage/a/f0/62/gdoks1/public_html/client_data/fday/uploads/71/159a5ba67594ca','FRY-1502.00-E06-001=0_FL21.dwg','2017-08-29 15:03:03',19,2543991,5,1),(563,'/home/storage/a/f0/62/gdoks1/public_html/client_data/fday/uploads/71/159a5ba675be46','FRY-1502.00-E06-001=0_FL22.dwg','2017-08-29 15:03:03',19,2532634,5,1),(564,'/home/storage/a/f0/62/gdoks1/public_html/client_data/fday/uploads/71/159a5ba675eae2','FRY-1502.00-E06-001=0_FL23.dwg','2017-08-29 15:03:03',19,2494383,5,1),(565,'/home/storage/a/f0/62/gdoks1/public_html/client_data/fday/uploads/71/159a5ba676216b','FRY-1502.00-E06-001=0_FL24.dwg','2017-08-29 15:03:03',19,2527041,5,1),(566,'/home/storage/a/f0/62/gdoks1/public_html/client_data/fday/uploads/71/159a5ba6764c76','FRY-1502.00-E06-001=0_FL25.dwg','2017-08-29 15:03:03',19,2520090,5,1),(567,'/home/storage/a/f0/62/gdoks1/public_html/client_data/fday/uploads/71/159a5ba676745f','FRY-1502.00-E06-001=0_FL26.dwg','2017-08-29 15:03:03',19,2531853,5,1),(568,'/home/storage/a/f0/62/gdoks1/public_html/client_data/fday/uploads/71/159a5ba676a8f7','FRY-1502.00-E06-001=0_FL27.dwg','2017-08-29 15:03:03',19,2514295,5,1),(569,'/home/storage/a/f0/62/gdoks1/public_html/client_data/fday/uploads/71/159a5ba676d2c9','FRY-1502.00-E06-001=0_FL28.dwg','2017-08-29 15:03:03',19,2519306,5,1),(570,'/home/storage/a/f0/62/gdoks1/public_html/client_data/fday/uploads/71/159a5ba676f9ce','FRY-1502.00-E06-001=0_FL29.dwg','2017-08-29 15:03:03',19,2506286,5,1),(571,'/home/storage/a/f0/62/gdoks1/public_html/client_data/fday/uploads/71/159a5ba67724b0','FRY-1502.00-E06-001=0_FL30.dwg','2017-08-29 15:03:03',19,3091007,5,1),(572,'/home/storage/a/f0/62/gdoks1/public_html/client_data/fday/uploads/71/159a5ba67774d3','FRY-1502.00-E06-001=0_FL31.dwg','2017-08-29 15:03:03',19,3134412,5,1),(573,'/home/storage/a/f0/62/gdoks1/public_html/client_data/fday/uploads/71/159a5babf1378c','FRY-1502.00-E06-003=0.pdf','2017-08-29 15:04:31',19,988285,5,1),(574,'/home/storage/a/f0/62/gdoks1/public_html/client_data/fday/uploads/71/159a5babf150d2','FRY-1502.00-E06-003=0_FL1.dwg','2017-08-29 15:04:31',19,957408,5,1),(575,'/home/storage/a/f0/62/gdoks1/public_html/client_data/fday/uploads/71/159a5babf16670','FRY-1502.00-E06-003=0_FL2.dwg','2017-08-29 15:04:31',19,987712,5,1),(576,'/home/storage/a/f0/62/gdoks1/public_html/client_data/fday/uploads/71/159a5babf17af3','FRY-1502.00-E06-003=0_FL3.dwg','2017-08-29 15:04:31',19,966560,5,1),(577,'/home/storage/a/f0/62/gdoks1/public_html/client_data/fday/uploads/71/159a5babf18f58','FRY-1502.00-E06-003=0_FL4.dwg','2017-08-29 15:04:31',19,1028448,5,1),(578,'/home/storage/a/f0/62/gdoks1/public_html/client_data/fday/uploads/69/159a5c1af9d2cf','0200-E060-A1-02145-REV.5 FL. 2-3 (CCM-3).dwg','2017-08-29 15:34:07',19,280507,5,1),(579,'/home/storage/a/f0/62/gdoks1/public_html/client_data/fday/uploads/69/159a5c1af9edcc','0200-E060-A1-02145-REV.5 FL. 2-3 (CCM-3).pdf','2017-08-29 15:34:07',19,146723,5,1),(580,'/home/storage/a/f0/62/gdoks1/public_html/client_data/fday/uploads/69/159a5c1f7c1247','0200-E060-A1-02145-REV.5  FL. 3-3(CCM  4).dwg','2017-08-29 15:35:19',19,255836,5,1),(581,'/home/storage/a/f0/62/gdoks1/public_html/client_data/fday/uploads/69/159a5c1f7c2695','0200-E060-A1-02145-REV.5  FL. 3-3(CCM  4).pdf','2017-08-29 15:35:19',19,128308,5,1),(582,'/home/storage/a/f0/62/gdoks1/public_html/client_data/fday/uploads/69/159a5c25a751d9','0200-E060-A1-02145-REV.5  FL.1-3  (CCM 1).dwg','2017-08-29 15:36:58',19,307316,5,1),(583,'/home/storage/a/f0/62/gdoks1/public_html/client_data/fday/uploads/69/159a5c25a76d4c','0200-E060-A1-02145-REV.5  FL.1-3  (CCM 1).pdf','2017-08-29 15:36:58',19,257832,5,1),(584,'/home/storage/a/f0/62/gdoks1/public_html/client_data/fday/uploads/69/159a5c95109ce3','ITF-0390-E060-A0-02136-REV.I (Diagrama Funcional).dwg','2017-08-29 16:06:41',19,216941,5,1),(585,'/home/storage/a/f0/62/gdoks1/public_html/client_data/fday/uploads/69/159a5c9510bfdb','ITF-0390-E060-A0-02136-REV.I (Diagrama Funcional).pdf','2017-08-29 16:06:41',19,120706,5,1),(586,'/home/storage/a/f0/62/gdoks1/public_html/client_data/fday/uploads/69/159a5c987a7c8e','300-E060-A1-02299 REV. D (Diagrama Unifilar Geral).pdf','2017-08-29 16:07:35',19,163620,5,1),(587,'/home/storage/a/f0/62/gdoks1/public_html/client_data/fday/uploads/69/159a5c987a9186','300-E060-A1-02299-REV.D (Diagrama Unifilar Geral).dwg','2017-08-29 16:07:35',19,236798,5,1),(588,'/home/storage/a/f0/62/gdoks1/public_html/client_data/fday/uploads/69/159a5c9ac6abce','IT104-DE-3000-70-005-REV.4 (CCM 5).dwg','2017-08-29 16:08:12',19,296038,5,1),(589,'/home/storage/a/f0/62/gdoks1/public_html/client_data/fday/uploads/69/159a5c9ac6bdc9','IT104-DE-3000-70-005-REV.4 (CCM-5).pdf','2017-08-29 16:08:12',19,163515,5,1),(590,'/home/storage/a/f0/62/gdoks1/public_html/client_data/fday/uploads/69/159a5c9dee9b10','ITF-300-E060-F-02299-0.docx','2017-08-29 16:09:02',19,748936,5,1),(591,'/home/storage/a/f0/62/gdoks1/public_html/client_data/fday/uploads/69/159a5c9deebb6f','ITF-300-E060-F-02299-0.pdf','2017-08-29 16:09:02',19,226973,5,1),(592,'/home/storage/a/f0/62/gdoks1/public_html/client_data/fday/uploads/69/159a5ca0aa8b34','3000-E060-F-A1-02275-REV.2 (CCM 6).dwg','2017-08-29 16:09:46',19,307775,5,1),(593,'/home/storage/a/f0/62/gdoks1/public_html/client_data/fday/uploads/69/159a5ca0aa9dd7','3000-E060-F-A1-02275-REV.2 (CCM 6).pdf','2017-08-29 16:09:46',19,236891,5,1),(594,'/home/storage/a/f0/62/gdoks1/public_html/client_data/fday/uploads/69/159a5ca3491a6c','0200-E060-A1-02145-REV.5  FL.1-3  (CCM 1).dwg','2017-08-29 16:10:28',19,297157,5,1),(595,'/home/storage/a/f0/62/gdoks1/public_html/client_data/fday/uploads/69/159a5ca3493192','0200-E060-A1-02145-REV.5  FL.1-3 (CCM-1).pdf','2017-08-29 16:10:28',19,238148,5,1),(596,'/home/storage/a/f0/62/gdoks1/public_html/client_data/fday/uploads/69/159a5ca55d106a','0200-E060-A1-02145-REV.5 FL. 2-3 (CCM-3).dwg','2017-08-29 16:11:01',19,279416,5,1),(597,'/home/storage/a/f0/62/gdoks1/public_html/client_data/fday/uploads/69/159a5ca55d34c2','0200-E060-A1-02145-REV.5 FL. 2-3 (CCM-3).pdf','2017-08-29 16:11:01',19,139735,5,1),(598,'/home/storage/a/f0/62/gdoks1/public_html/client_data/fday/uploads/69/159a5ca7947c81','0200-E060-A1-02145-REV.5  FL. 3-3 (CCM-4).pdf','2017-08-29 16:11:37',19,123193,5,1),(599,'/home/storage/a/f0/62/gdoks1/public_html/client_data/fday/uploads/69/159a5ca7949004','0200-E060-A1-02145-REV.5  FL. 3-3(CCM  4).dwg','2017-08-29 16:11:37',19,176113,5,1),(600,'/home/storage/a/f0/62/gdoks1/public_html/client_data/fday/uploads/69/159a5caa1ab730','1000-E060-A1-02138-REV.2 (CCM 2).dwg','2017-08-29 16:12:17',19,285189,5,1),(601,'/home/storage/a/f0/62/gdoks1/public_html/client_data/fday/uploads/69/159a5caa1ad0bc','1000-E060-A1-02138-REV.2 (CCM 2).pdf','2017-08-29 16:12:17',19,157530,5,1),(602,'/home/storage/a/f0/62/gdoks1/public_html/client_data/fday/uploads/69/159a5caef3a593','329XE0309-REV.B (Diagrama QGBT).dwg','2017-08-29 16:13:35',19,268729,5,1),(603,'/home/storage/a/f0/62/gdoks1/public_html/client_data/fday/uploads/69/159a5caef3c03d','329XE0309-REV.B (QGBT).pdf','2017-08-29 16:13:35',19,242540,5,1),(604,'/home/storage/a/f0/62/gdoks1/public_html/client_data/fday/uploads/69/159a5cb10b1bff','5000-E040-A1-15703-REV.3 (CCM-7-8).dwg','2017-08-29 16:14:08',19,334147,5,1),(605,'/home/storage/a/f0/62/gdoks1/public_html/client_data/fday/uploads/69/159a5cb10b3225','5000-E040-A1-15703-REV.3 (CCM-7-8).pdf','2017-08-29 16:14:08',19,641743,5,1),(606,'/home/storage/a/f0/62/gdoks1/public_html/client_data/fday/uploads/70/159a6fd836030a','FRY-1702.01-T15-002.pdf','2017-08-30 14:01:39',19,2016102,5,1),(607,'/home/storage/a/f0/62/gdoks1/public_html/client_data/fday/uploads/70/159a6fe0c3d484','FRY-1702.01-T15-003.pdf','2017-08-30 14:03:56',19,5348509,5,1),(608,'/home/storage/a/f0/62/gdoks1/public_html/client_data/fday/uploads/70/159a6feb13221b','FRY-1702.01-T15-004.pdf','2017-08-30 14:06:41',19,956995,5,1),(609,'/home/storage/a/f0/62/gdoks1/public_html/client_data/fday/uploads/70/159a6fef118da7','FRY-1702.01-T15-005.pdf','2017-08-30 14:07:45',19,774541,5,1),(610,'/home/storage/a/f0/62/gdoks1/public_html/client_data/fday/uploads/70/159a6ffb3b71ce','FRY-1702.01-T15-001.pdf','2017-08-30 14:10:59',19,965735,5,1),(611,'/home/storage/a/f0/62/gdoks1/public_html/client_data/fday/uploads/70/159a700443bbcc','FRY-1702.01-T15-006.pdf','2017-08-30 14:13:24',19,623850,5,1),(612,'/home/storage/a/f0/62/gdoks1/public_html/client_data/fday/uploads/76/159a7073920b16','FRY-1701.00-E10-001=0.dwg','2017-08-30 14:43:05',19,1007602,5,1),(613,'/home/storage/a/f0/62/gdoks1/public_html/client_data/fday/uploads/76/159a7078b9ba24','FRY-1609.01-E00-001=1.docx','2017-08-30 14:44:27',19,126273,5,1),(614,'/home/storage/a/f0/62/gdoks1/public_html/client_data/fday/uploads/76/159a707d7bf6f3','FRY-1701.00-E25-001=0.docx','2017-08-30 14:45:43',19,180597,5,1),(615,'/home/storage/a/f0/62/gdoks1/public_html/client_data/fday/uploads/76/159a708216753a','FRY-1609.01-E06-002=0.dwg','2017-08-30 14:46:57',19,3153322,5,1),(616,'/home/storage/a/f0/62/gdoks1/public_html/client_data/fday/uploads/76/159a7086724dc7','FRY-1701.01-E20-001=0.docx','2017-08-30 14:48:07',19,132579,5,1),(617,'/home/storage/a/f0/62/gdoks1/public_html/client_data/fday/uploads/76/159a708969c60a','FRY-1609.01-E06-001=0.dwg','2017-08-30 14:48:54',19,3052535,5,1),(618,'/home/storage/a/f0/62/gdoks1/public_html/client_data/fday/uploads/73/159a70b7c1183e','FRY-1505-000-E18-001=0.pdf','2017-08-30 15:01:16',19,782120,5,1),(619,'/home/storage/a/f0/62/gdoks1/public_html/client_data/fday/uploads/77/159a71249493e4','AGB-ZDP-05-006.dwg','2017-08-30 15:30:17',19,1289991,5,1),(620,'/home/storage/a/f0/62/gdoks1/public_html/client_data/fday/uploads/77/159a712494b7b2','AGB-ZDP-05-006.pdf','2017-08-30 15:30:17',19,585937,5,1),(621,'/home/storage/a/f0/62/gdoks1/public_html/client_data/fday/uploads/77/159a713594faed','AGB-DCI-05-001.pdf','2017-08-30 15:34:49',19,1091088,5,1),(622,'/home/storage/a/f0/62/gdoks1/public_html/client_data/fday/uploads/77/159a7135952a63','AGB-DCI-05-001-FL.1-5.dwg','2017-08-30 15:34:49',19,383909,5,1),(623,'/home/storage/a/f0/62/gdoks1/public_html/client_data/fday/uploads/77/159a71359558ad','AGB-DCI-05-001-FL.2-5.dwg','2017-08-30 15:34:49',19,173952,5,1),(624,'/home/storage/a/f0/62/gdoks1/public_html/client_data/fday/uploads/77/159a7135957eb4','AGB-DCI-05-001-FL.3-5.dwg','2017-08-30 15:34:49',19,215936,5,1),(625,'/home/storage/a/f0/62/gdoks1/public_html/client_data/fday/uploads/77/159a713595abb1','AGB-DCI-05-001-FL.4-5.dwg','2017-08-30 15:34:49',19,192704,5,1),(626,'/home/storage/a/f0/62/gdoks1/public_html/client_data/fday/uploads/77/159a713595f350','AGB-DCI-05-001-FL.5-5.dwg','2017-08-30 15:34:49',19,425144,5,1),(627,'/home/storage/a/f0/62/gdoks1/public_html/client_data/fday/uploads/77/159a7139550e88','AGB-DCI-05-011.docx','2017-08-30 15:35:49',19,179784,5,1),(628,'/home/storage/a/f0/62/gdoks1/public_html/client_data/fday/uploads/77/159a71395522e1','AGB-DCI-05-011.pdf','2017-08-30 15:35:49',19,166266,5,1),(629,'/home/storage/a/f0/62/gdoks1/public_html/client_data/fday/uploads/77/159a713d0d1c79','AGB-ZDP-05-001.pdf','2017-08-30 15:36:48',19,1065457,5,1),(630,'/home/storage/a/f0/62/gdoks1/public_html/client_data/fday/uploads/77/159a713d0d5ea0','AGB-ZDP-05-001-FL.1-5.dwg','2017-08-30 15:36:48',19,130976,5,1),(631,'/home/storage/a/f0/62/gdoks1/public_html/client_data/fday/uploads/77/159a713d0d9697','AGB-ZDP-05-001-FL.2-5.dwg','2017-08-30 15:36:48',19,137888,5,1),(632,'/home/storage/a/f0/62/gdoks1/public_html/client_data/fday/uploads/77/159a713d0dc540','AGB-ZDP-05-001-FL.3-5.dwg','2017-08-30 15:36:48',19,159296,5,1),(633,'/home/storage/a/f0/62/gdoks1/public_html/client_data/fday/uploads/77/159a713d0dec49','AGB-ZDP-05-001-FL.4-5.dwg','2017-08-30 15:36:48',19,141696,5,1),(634,'/home/storage/a/f0/62/gdoks1/public_html/client_data/fday/uploads/77/159a713d0e13f6','AGB-ZDP-05-001-FL.5-5.dwg','2017-08-30 15:36:48',19,155232,5,1),(635,'/home/storage/a/f0/62/gdoks1/public_html/client_data/fday/uploads/77/159a714383e26c','AGB-ZDP-05-006.dwg','2017-08-30 15:38:32',19,1289991,5,1),(636,'/home/storage/a/f0/62/gdoks1/public_html/client_data/fday/uploads/77/159a7143840b65','AGB-ZDP-05-006.pdf','2017-08-30 15:38:32',19,585937,5,1),(637,'/home/storage/a/f0/62/gdoks1/public_html/client_data/fday/uploads/77/159a7146285c87','AGB-ZDP-05-011.docx','2017-08-30 15:39:14',19,179752,5,1),(638,'/home/storage/a/f0/62/gdoks1/public_html/client_data/fday/uploads/77/159a7146286ea7','AGB-ZDP-05-011.pdf','2017-08-30 15:39:14',19,167229,5,1),(639,'/home/storage/a/f0/62/gdoks1/public_html/client_data/fday/uploads/77/159a716fc0f3c1','AGB-DCI-05-006.dwg','2017-08-30 15:50:20',19,1237628,5,1),(640,'/home/storage/a/f0/62/gdoks1/public_html/client_data/fday/uploads/77/159a716fc112c9','AGB-DCI-05-006.pdf','2017-08-30 15:50:20',19,526571,5,1),(641,'/home/storage/a/f0/62/gdoks1/public_html/client_data/fday/uploads/78/159a71dcf3f67a','DE-3315.00-1221-700-MDP-004=0.dwg','2017-08-30 16:19:27',19,324704,5,1),(642,'/home/storage/a/f0/62/gdoks1/public_html/client_data/fday/uploads/78/159a71dfa10761','DE-3315.00-1221-780-MDP-002=0.dwg','2017-08-30 16:20:10',19,244896,5,1),(643,'/home/storage/a/f0/62/gdoks1/public_html/client_data/fday/uploads/78/159a71e4caf755','ET-3315.00-1221-705-MDP-001=0.doc','2017-08-30 16:21:32',19,96768,5,1),(644,'/home/storage/a/f0/62/gdoks1/public_html/client_data/fday/uploads/78/159a71ea2840b2','DE-3307.00-1221-780-MDP-001=0.dwg','2017-08-30 16:22:58',19,312704,5,1),(645,'/home/storage/a/f0/62/gdoks1/public_html/client_data/fday/uploads/78/159a71ed54022f','MC-3315.00-1221-781-MDP-001=0.doc','2017-08-30 16:23:49',19,536064,5,1),(646,'/home/storage/a/f0/62/gdoks1/public_html/client_data/fday/uploads/79/159a84ad126e1e','DE-3307.00-8100-782-MDP-001=A.dwg','2017-08-31 13:43:45',19,528514,5,1),(647,'/home/storage/a/f0/62/gdoks1/public_html/client_data/fday/uploads/79/159a84b09ec742','FD-3307.00-8100-742-MDP-003=A.doc','2017-08-31 13:44:41',19,1196032,5,1),(648,'/home/storage/a/f0/62/gdoks1/public_html/client_data/fday/uploads/79/159a84b62de1de','DE-3307.00-8100-946-MDP-006=0_F3-3.dwg','2017-08-31 13:46:10',19,231852,5,1),(649,'/home/storage/a/f0/62/gdoks1/public_html/client_data/fday/uploads/79/159a84b62dfc1b','DE-3307.00-8100-946-MDP-006=A_F1-3.dwg','2017-08-31 13:46:10',19,145452,5,1),(650,'/home/storage/a/f0/62/gdoks1/public_html/client_data/fday/uploads/79/159a84b62e2af0','DE-3307.00-8100-946-MDP-006=A_F2-3.dwg','2017-08-31 13:46:10',19,170220,5,1),(651,'/home/storage/a/f0/62/gdoks1/public_html/client_data/fday/uploads/79/159a84be472b29','FD-3307.00-8100-742-MDP-003=A.doc','2017-08-31 13:48:20',19,1196032,5,1),(652,'/home/storage/a/f0/62/gdoks1/public_html/client_data/fday/uploads/79/159a84c7a554c9','FD-3307.00-8100-742-MDP-005=A.doc','2017-08-31 13:50:50',19,1170432,5,1),(653,'/home/storage/a/f0/62/gdoks1/public_html/client_data/fday/uploads/79/159a84cd794a39','DE-3307.00-8100-700-MDP-013=A.dwg','2017-08-31 13:52:23',19,606839,5,1),(654,'/home/storage/a/f0/62/gdoks1/public_html/client_data/fday/uploads/79/159a84d69c8701','DE-3307.00-8100-700-MDP-011=A.dwg','2017-08-31 13:54:49',19,638622,5,1),(655,'/home/storage/a/f0/62/gdoks1/public_html/client_data/fday/uploads/79/159a84db7da144','DE-3307.00-8100-700-MDP-012=A.dwg','2017-08-31 13:56:07',19,757489,5,1),(656,'/home/storage/a/f0/62/gdoks1/public_html/client_data/fday/uploads/80/159a852af88b9f','MC-3307 02-5330-782-MDP-001=0.doc','2017-08-31 14:17:19',19,891392,5,1),(657,'/home/storage/a/f0/62/gdoks1/public_html/client_data/fday/uploads/80/159a852af8a79b','MC-3307 02-5330-782-MDP-001=0.pdf','2017-08-31 14:17:19',19,131726,5,1),(658,'/home/storage/a/f0/62/gdoks1/public_html/client_data/fday/uploads/80/159a85362f1a79','FD-3307 02-5330-712-MDP-002=0.doc','2017-08-31 14:20:18',19,658432,5,1),(659,'/home/storage/a/f0/62/gdoks1/public_html/client_data/fday/uploads/80/159a8536301ebc','FD-3307 02-5330-712-MDP-002=0.pdf','2017-08-31 14:20:19',19,96811,5,1),(660,'/home/storage/a/f0/62/gdoks1/public_html/client_data/fday/uploads/80/159a85456c541c','FD-3307 02-5330-712-MDP-003=0.doc','2017-08-31 14:24:22',19,659456,5,1),(661,'/home/storage/a/f0/62/gdoks1/public_html/client_data/fday/uploads/80/159a85456c6e70','FD-3307 02-5330-712-MDP-003=0.pdf','2017-08-31 14:24:22',19,96836,5,1),(662,'/home/storage/a/f0/62/gdoks1/public_html/client_data/fday/uploads/80/159a8547c19c8e','FD-3307 02-5330-712-MDP-001=0.doc','2017-08-31 14:25:00',19,659456,5,1),(663,'/home/storage/a/f0/62/gdoks1/public_html/client_data/fday/uploads/80/159a8547c1b3d8','FD-3307 02-5330-712-MDP-001=0.pdf','2017-08-31 14:25:00',19,96832,5,1),(664,'/home/storage/a/f0/62/gdoks1/public_html/client_data/fday/uploads/81/159a8590c18bd7','FRY-1406.00-S03-001=0.pdf','2017-08-31 14:44:28',19,376688,5,1),(665,'/home/storage/a/f0/62/gdoks1/public_html/client_data/fday/uploads/81/159a8594cabfe4','FRY-1406.00-E28-001=0.pdf','2017-08-31 14:45:32',19,142170,5,1),(666,'/home/storage/a/f0/62/gdoks1/public_html/client_data/fday/uploads/81/159a859eda94e5','FRY-1406.00-E18-001=0.pdf','2017-08-31 14:48:13',19,5307391,5,1),(667,'/home/storage/a/f0/62/gdoks1/public_html/client_data/fday/uploads/82/159a85e24c3379','P-1296-0-825-E080-83430_0.dwg','2017-08-31 15:06:12',19,2091360,5,1),(668,'/home/storage/a/f0/62/gdoks1/public_html/client_data/fday/uploads/82/159a85e24c61a4','P-1296-1-825-E080-83430_0.pdf','2017-08-31 15:06:12',19,288327,5,1),(669,'/home/storage/a/f0/62/gdoks1/public_html/client_data/fday/uploads/82/159a85ecdbe1df','P-1296-825-IBSC-83435_0.pdf','2017-08-31 15:09:01',19,64645,5,1),(670,'/home/storage/a/f0/62/gdoks1/public_html/client_data/fday/uploads/82/159a85ecdc0946','P-1296-825-IBSC-83435_0.xls','2017-08-31 15:09:01',19,1080320,5,1),(671,'/home/storage/a/f0/62/gdoks1/public_html/client_data/fday/uploads/82/159a85f6b033bf','P-1296-282-IBSC-83095_0.pdf','2017-08-31 15:11:39',19,58860,5,1),(672,'/home/storage/a/f0/62/gdoks1/public_html/client_data/fday/uploads/82/159a85f6b04764','P-1296-282-IBSC-83095_0.xls','2017-08-31 15:11:39',19,1062912,5,1),(673,'/home/storage/a/f0/62/gdoks1/public_html/client_data/fday/uploads/82/159a85f9fd31de','P-1296-825-ZBSC-83433_0.doc','2017-08-31 15:12:31',19,952832,5,1),(674,'/home/storage/a/f0/62/gdoks1/public_html/client_data/fday/uploads/82/159a85f9fd57de','P-1296-825-ZBSC-83433_0.pdf','2017-08-31 15:12:31',19,142134,5,1),(675,'/home/storage/a/f0/62/gdoks1/public_html/client_data/fday/uploads/82/159a85fd4e2190','P-1296-282-ZBSC-83093_0.doc','2017-08-31 15:13:24',19,923136,5,1),(676,'/home/storage/a/f0/62/gdoks1/public_html/client_data/fday/uploads/82/159a85fd4e3a74','P-1296-282-ZBSC-83093_0.pdf','2017-08-31 15:13:24',19,141352,5,1),(677,'/home/storage/a/f0/62/gdoks1/public_html/client_data/fday/uploads/82/159a8601839ced','282-E040-A0-129849_5.dwg','2017-08-31 15:14:32',19,1857920,5,1),(678,'/home/storage/a/f0/62/gdoks1/public_html/client_data/fday/uploads/82/159a860183b6e8','282-E040-A0-129849_5.pdf','2017-08-31 15:14:32',19,622218,5,1),(679,'/home/storage/a/f0/62/gdoks1/public_html/client_data/fday/uploads/83/159a8625633a50','FRY-1404-000-E18-001=0 - PORT.docx','2017-08-31 15:24:06',19,3148967,5,1),(680,'/home/storage/a/f0/62/gdoks1/public_html/client_data/fday/uploads/83/159a8625638f9a','FRY-1404-000-E18-001=0 - PORT.pdf','2017-08-31 15:24:06',19,1370602,5,1),(681,'/home/storage/a/f0/62/gdoks1/public_html/client_data/fday/uploads/83/159a862874d8f6','FRY-1404-000-E18-001=0 - ING.docx','2017-08-31 15:24:55',19,3762774,5,1),(682,'/home/storage/a/f0/62/gdoks1/public_html/client_data/fday/uploads/83/159a86287503c6','FRY-1404-000-E18-001=0 - ING.pdf','2017-08-31 15:24:55',19,1295730,5,1),(683,'/home/storage/a/f0/62/gdoks1/public_html/client_data/fday/uploads/84/159a8693e3bdb6','DE-4100.01-5144-942-MDP-001_R0_F1-1.dwg','2017-08-31 15:53:34',19,430675,5,1),(684,'/home/storage/a/f0/62/gdoks1/public_html/client_data/fday/uploads/84/159a8698c3b05e','MC-4100.01-5144-94F-MDP-001_R0.1_F1-23.doc','2017-08-31 15:54:52',19,605696,5,1),(685,'/home/storage/a/f0/62/gdoks1/public_html/client_data/fday/uploads/84/159a869bd2587d','MC-4100.01-5144-94F-MDP-006_R0.1_F1-12.doc','2017-08-31 15:55:41',19,367616,5,1),(686,'/home/storage/a/f0/62/gdoks1/public_html/client_data/fday/uploads/84/159a86a3999984','MC-4100.01-5144-94F-MDP-002_R0.1_F1-18.doc','2017-08-31 15:57:45',19,631808,5,1),(687,'/home/storage/a/f0/62/gdoks1/public_html/client_data/fday/uploads/84/159a86a6a92c95','MC-4100.01-5144-94F-MDP-004_R0.1_F1-12.doc','2017-08-31 15:58:34',19,457216,5,1),(688,'/home/storage/a/f0/62/gdoks1/public_html/client_data/fday/uploads/84/159a86a99b76a7','MC-4100.01-5144-94F-MDP-003_R0.1_F1-11.doc','2017-08-31 15:59:21',19,1051648,5,1),(689,'/home/storage/a/f0/62/gdoks1/public_html/client_data/fday/uploads/84/159a86ad292dbf','MC-4100.01-5144-94F-MDP-005_R0.1_F1-11.doc','2017-08-31 16:00:18',19,919040,5,1),(690,'/home/storage/a/f0/62/gdoks1/public_html/client_data/fday/uploads/85/159a86c84db241','DE-3307.00-8100-760-MDP-007=A_F1-10.dwg','2017-08-31 16:07:32',19,227638,5,1),(691,'/home/storage/a/f0/62/gdoks1/public_html/client_data/fday/uploads/85/159a86c84dd577','DE-3307.00-8100-760-MDP-007=A_F2-10.dwg','2017-08-31 16:07:32',19,567212,5,1),(692,'/home/storage/a/f0/62/gdoks1/public_html/client_data/fday/uploads/85/159a86c84df791','DE-3307.00-8100-760-MDP-007=A_F3-10.dwg','2017-08-31 16:07:32',19,540044,5,1),(693,'/home/storage/a/f0/62/gdoks1/public_html/client_data/fday/uploads/85/159a86c84e0b12','DE-3307.00-8100-760-MDP-007=A_F4-10.dwg','2017-08-31 16:07:32',19,261996,5,1),(694,'/home/storage/a/f0/62/gdoks1/public_html/client_data/fday/uploads/85/159a86c84e2127','DE-3307.00-8100-760-MDP-007=A_F5-10.dwg','2017-08-31 16:07:32',19,569964,5,1),(695,'/home/storage/a/f0/62/gdoks1/public_html/client_data/fday/uploads/85/159a86c84e3fdb','DE-3307.00-8100-760-MDP-007=A_F6-10.dwg','2017-08-31 16:07:32',19,550732,5,1),(696,'/home/storage/a/f0/62/gdoks1/public_html/client_data/fday/uploads/85/159a86c84e5dac','DE-3307.00-8100-760-MDP-007=A_F7-10.dwg','2017-08-31 16:07:32',19,547084,5,1),(697,'/home/storage/a/f0/62/gdoks1/public_html/client_data/fday/uploads/85/159a86c84e8c9a','DE-3307.00-8100-760-MDP-007=A_F8-10.dwg','2017-08-31 16:07:32',19,535190,5,1),(698,'/home/storage/a/f0/62/gdoks1/public_html/client_data/fday/uploads/85/159a86c84ebd73','DE-3307.00-8100-760-MDP-007=A_F9-10.dwg','2017-08-31 16:07:32',19,557612,5,1),(699,'/home/storage/a/f0/62/gdoks1/public_html/client_data/fday/uploads/85/159a86c84f1531','DE-3307.00-8100-760-MDP-007=A_F10-10.dwg','2017-08-31 16:07:32',19,570220,5,1),(700,'/home/storage/a/f0/62/gdoks1/public_html/client_data/fday/uploads/85/159a86cc400a39','DE-3307.00-8100-760-MDP-001=A_F1-6.dwg','2017-08-31 16:08:36',19,652712,5,1),(701,'/home/storage/a/f0/62/gdoks1/public_html/client_data/fday/uploads/85/159a86cc403995','DE-3307.00-8100-760-MDP-001=A_F2-6.dwg','2017-08-31 16:08:36',19,549324,5,1),(702,'/home/storage/a/f0/62/gdoks1/public_html/client_data/fday/uploads/85/159a86cc406cb9','DE-3307.00-8100-760-MDP-001=A_F3-6.dwg','2017-08-31 16:08:36',19,182591,5,1),(703,'/home/storage/a/f0/62/gdoks1/public_html/client_data/fday/uploads/85/159a86cc4098e0','DE-3307.00-8100-760-MDP-001=A_F4-6.dwg','2017-08-31 16:08:36',19,252583,5,1),(704,'/home/storage/a/f0/62/gdoks1/public_html/client_data/fday/uploads/85/159a86cc40aae0','DE-3307.00-8100-760-MDP-001=A_F5-6.dwg','2017-08-31 16:08:36',19,158542,5,1),(705,'/home/storage/a/f0/62/gdoks1/public_html/client_data/fday/uploads/85/159a86cc40bd18','DE-3307.00-8100-760-MDP-001=A_F6-6.dwg','2017-08-31 16:08:36',19,312019,5,1),(706,'/home/storage/a/f0/62/gdoks1/public_html/client_data/fday/uploads/73/159a9b379bea15','FRY-1505-000-E18-001=0.pdf','2017-09-01 15:22:33',19,782120,5,1),(707,'/home/storage/a/f0/62/gdoks1/public_html/client_data/fday/uploads/85/159b04a0dad331','DE-3307.00-8100-760-MDP-007=A_F1-10.dwg','2017-09-06 15:18:37',19,227638,5,1),(708,'/home/storage/a/f0/62/gdoks1/public_html/client_data/fday/uploads/85/159b04a0db0320','DE-3307.00-8100-760-MDP-007=A_F2-10.dwg','2017-09-06 15:18:37',19,567212,5,1),(709,'/home/storage/a/f0/62/gdoks1/public_html/client_data/fday/uploads/85/159b04a0db1add','DE-3307.00-8100-760-MDP-007=A_F3-10.dwg','2017-09-06 15:18:37',19,540044,5,1),(710,'/home/storage/a/f0/62/gdoks1/public_html/client_data/fday/uploads/85/159b04a0db326c','DE-3307.00-8100-760-MDP-007=A_F4-10.dwg','2017-09-06 15:18:37',19,261996,5,1),(711,'/home/storage/a/f0/62/gdoks1/public_html/client_data/fday/uploads/85/159b04a0db484b','DE-3307.00-8100-760-MDP-007=A_F5-10.dwg','2017-09-06 15:18:37',19,569964,5,1),(712,'/home/storage/a/f0/62/gdoks1/public_html/client_data/fday/uploads/85/159b04a0db66aa','DE-3307.00-8100-760-MDP-007=A_F6-10.dwg','2017-09-06 15:18:37',19,550732,5,1),(713,'/home/storage/a/f0/62/gdoks1/public_html/client_data/fday/uploads/85/159b04a0db7bb8','DE-3307.00-8100-760-MDP-007=A_F7-10.dwg','2017-09-06 15:18:37',19,547084,5,1),(714,'/home/storage/a/f0/62/gdoks1/public_html/client_data/fday/uploads/85/159b04a0db9541','DE-3307.00-8100-760-MDP-007=A_F8-10.dwg','2017-09-06 15:18:37',19,535190,5,1),(715,'/home/storage/a/f0/62/gdoks1/public_html/client_data/fday/uploads/85/159b04a0dbaa46','DE-3307.00-8100-760-MDP-007=A_F9-10.dwg','2017-09-06 15:18:37',19,557612,5,1),(716,'/home/storage/a/f0/62/gdoks1/public_html/client_data/fday/uploads/85/159b04a0dbbfaa','DE-3307.00-8100-760-MDP-007=A_F10-10.dwg','2017-09-06 15:18:37',19,570220,5,1),(717,'/home/storage/a/f0/62/gdoks1/public_html/client_data/fday/uploads/85/159b6e15965f00','DE-3307.00-8100-946-MDP-005=0_F1-3.dwg','2017-09-11 15:17:45',19,128544,5,1),(718,'/home/storage/a/f0/62/gdoks1/public_html/client_data/fday/uploads/85/159b6e159690c4','DE-3307.00-8100-946-MDP-005=0_F2-3.dwg','2017-09-11 15:17:45',19,131463,5,1),(719,'/home/storage/a/f0/62/gdoks1/public_html/client_data/fday/uploads/85/159b6e1596a255','DE-3307.00-8100-946-MDP-005=0_F3-3.dwg','2017-09-11 15:17:45',19,212442,5,1),(720,'/home/storage/a/f0/62/gdoks1/public_html/client_data/fday/uploads/85/159b6e27ed0b83','DE-3307.00-8100-946-MDP-011=0_F1-3.dwg','2017-09-11 15:22:38',19,114585,5,1),(721,'/home/storage/a/f0/62/gdoks1/public_html/client_data/fday/uploads/85/159b6e27ed20df','DE-3307.00-8100-946-MDP-011=0_F2-3.dwg','2017-09-11 15:22:38',19,133059,5,1),(722,'/home/storage/a/f0/62/gdoks1/public_html/client_data/fday/uploads/85/159b6e27ed330b','DE-3307.00-8100-946-MDP-011=0_F3-3.dwg','2017-09-11 15:22:38',19,286638,5,1),(723,'/home/storage/a/f0/62/gdoks1/public_html/client_data/fday/uploads/85/159b6e2ec44178','DE-3307.00-8100-946-MDP-001=A.dwg','2017-09-11 15:24:28',19,586103,5,1),(724,'/home/storage/a/f0/62/gdoks1/public_html/client_data/fday/uploads/85/159b6e36e31b70','FD-3307.00-8100-742-MDP-004=A.doc','2017-09-11 15:26:38',19,1198080,5,1),(725,'/home/storage/a/f0/62/gdoks1/public_html/client_data/fday/uploads/85/159b6e3ae5760c','FD-3307.00-8100-741-MDP-011=0.doc','2017-09-11 15:27:42',19,1196032,5,1),(726,'/home/storage/a/f0/62/gdoks1/public_html/client_data/fday/uploads/85/159b6e42119d67','FD-3307.00-8100-741-MDP-007=A.doc','2017-09-11 15:29:37',19,1196544,5,1),(727,'/home/storage/a/f0/62/gdoks1/public_html/client_data/fday/uploads/85/159b6e4d0daa06','LI-3307.00-8100-721-MDP-004=A.doc','2017-09-11 15:32:32',19,178176,5,1),(728,'/home/storage/a/f0/62/gdoks1/public_html/client_data/fday/uploads/85/159b6e5467e2ce','MC-3307.00-8100-721-MDP-001=A.doc','2017-09-11 15:34:30',19,339456,5,1),(729,'/home/storage/a/f0/62/gdoks1/public_html/client_data/fday/uploads/85/159b6e62b1fefd','MC-3307.00-8100-700-MDP-001=0.doc','2017-09-11 15:38:19',19,4317696,5,1),(730,'/home/storage/a/f0/62/gdoks1/public_html/client_data/fday/uploads/85/159b6e67a3e8bd','MD-3307.00-8100-700-MDP-001=0.doc','2017-09-11 15:39:38',19,211456,5,1),(731,'/home/storage/a/f0/62/gdoks1/public_html/client_data/fday/uploads/85/159b6e7c27a282','DE-3307.00-8100-700-MDP-014=0.dwg','2017-09-11 15:45:06',19,202048,5,1),(732,'/home/storage/a/f0/62/gdoks1/public_html/client_data/fday/uploads/85/159b81c0c35c47','DE-3307.00-8100-700-MDP-013=0.dwg','2017-09-12 13:40:28',19,314176,5,1),(733,'/home/storage/a/f0/62/gdoks1/public_html/client_data/fday/uploads/88/159c15f3806621','FRY-1705.00-E18-001=0.pdf','2017-09-19 14:17:28',19,1739318,5,1),(734,'/home/storage/a/f0/62/gdoks1/public_html/client_data/fday/uploads/87/159c15f7ec6d21','FRY-1608.00-E18-001=0.pdf','2017-09-19 14:18:38',19,2614943,5,1),(735,'/home/storage/a/f0/62/gdoks1/public_html/client_data/fday/uploads/87/159c164879d7cc','FRY-1608.00-E18-001=0.pdf','2017-09-19 14:40:07',19,3107537,5,1),(736,'/home/storage/a/f0/62/gdoks1/public_html/client_data/fday/uploads/85/15a2c35947a238','comprovante de residencia020.pdf','2017-12-09 17:12:20',1,570073,4,4),(737,'/home/storage/a/f0/62/gdoks1/public_html//client_data/fday/uploads/90/15a2ee3aa5906a','2017.03.04-SAA-CXVD-PE-DE-HID-001.dwg','2017-12-11 17:59:38',19,1689388,5,1),(738,'/home/storage/a/f0/62/gdoks1/public_html//client_data/fday/uploads/90/15a2ee3f207ec1','2017.03.04-SAA-DET-PE-DE-HID-001.dwg','2017-12-11 18:00:50',19,1752324,5,1),(739,'/home/storage/a/f0/62/gdoks1/public_html//client_data/fday/uploads/90/15a2ee49031a5c','2017.03.05-SAA-GER-PH-DE-HID-001.dwg','2017-12-11 18:03:28',19,15641512,5,1),(740,'/home/storage/a/f0/62/gdoks1/public_html//client_data/fday/uploads/90/15a2ee4d5815bc','2017.03.04-SAA-LUR-PB-DE-HID-001-R0.dwg','2017-12-11 18:04:37',19,1726795,5,1),(741,'/home/storage/a/f0/62/gdoks1/public_html//client_data/fday/uploads/90/15a2ee54413c83','2017.03.05-SES-DIS-PH-DE-HID-005 E 006-R0.dwg','2017-12-11 18:06:28',19,24884188,5,1),(742,'/home/storage/a/f0/62/gdoks1/public_html//client_data/fday/uploads/90/15a2ee6044cc29','2017.03.05-SAA-DIS-PH-DE-HID-001 E 004-R0.dwg','2017-12-11 18:09:40',19,26195668,5,1),(743,'/home/storage/a/f0/62/gdoks1/public_html//client_data/fday/uploads/90/15a2ee6d9e68ea','2017.03.04-SAA-RES-PB-DE-HID-001-R0.dwg','2017-12-11 18:13:13',19,3668836,5,1),(744,'/home/storage/a/f0/62/gdoks1/public_html//client_data/fday/uploads/90/15a2ee89d6ccb2','MC_LOTEAMENTO-FINAL-R1.xlsx','2017-12-11 18:20:45',19,132312,5,1),(745,'/home/storage/a/f0/62/gdoks1/public_html//client_data/fday/uploads/90/15a2ee8d0c7907','01-SAA-HID-TX-HID-001-R1.docx','2017-12-11 18:21:36',19,164683,5,1);
/*!40000 ALTER TABLE `gdoks_arquivos` ENABLE KEYS */;
UNLOCK TABLES;

--
-- Table structure for table `gdoks_cargos`
--

DROP TABLE IF EXISTS `gdoks_cargos`;
/*!40101 SET @saved_cs_client     = @@character_set_client */;
/*!40101 SET character_set_client = utf8 */;
CREATE TABLE `gdoks_cargos` (
  `id` int(11) NOT NULL AUTO_INCREMENT,
  `nome` varchar(45) NOT NULL,
  `valor_hh` decimal(12,2) NOT NULL DEFAULT '0.00',
  `id_empresa` int(11) NOT NULL,
  PRIMARY KEY (`id`),
  UNIQUE KEY `uq_nome_de_cargo_na_empresa` (`nome`,`id_empresa`),
  KEY `FK_cargos_x_empresas_idx` (`id_empresa`),
  CONSTRAINT `FK_cargos_x_empresas` FOREIGN KEY (`id_empresa`) REFERENCES `gdoks_empresas` (`id`) ON DELETE NO ACTION ON UPDATE NO ACTION
) ENGINE=InnoDB AUTO_INCREMENT=5 DEFAULT CHARSET=utf8;
/*!40101 SET character_set_client = @saved_cs_client */;

--
-- Dumping data for table `gdoks_cargos`
--

LOCK TABLES `gdoks_cargos` WRITE;
/*!40000 ALTER TABLE `gdoks_cargos` DISABLE KEYS */;
INSERT INTO `gdoks_cargos` VALUES (1,'Engenheiro 1',500.00,1),(2,'Engenheiro 2',755.00,1),(3,'Técnico 1',350.00,1),(4,'Engenheiro 3',900.00,1);
/*!40000 ALTER TABLE `gdoks_cargos` ENABLE KEYS */;
UNLOCK TABLES;

--
-- Table structure for table `gdoks_clientes`
--

DROP TABLE IF EXISTS `gdoks_clientes`;
/*!40101 SET @saved_cs_client     = @@character_set_client */;
/*!40101 SET character_set_client = utf8 */;
CREATE TABLE `gdoks_clientes` (
  `id` int(11) NOT NULL AUTO_INCREMENT,
  `cpf` varchar(14) DEFAULT NULL,
  `cnpj` varchar(18) DEFAULT NULL,
  `nome` varchar(45) NOT NULL,
  `nome_fantasia` varchar(45) DEFAULT NULL,
  `registrado_em` datetime NOT NULL,
  `id_empresa` int(11) NOT NULL,
  `contato_nome` varchar(45) DEFAULT NULL,
  `contato_email` varchar(45) DEFAULT NULL,
  `contato_telefone` varchar(15) DEFAULT NULL,
  `ftp_host` varchar(60) DEFAULT NULL,
  `ftp_usuario` varchar(20) DEFAULT NULL,
  `ftp_senha` blob,
  `endereco` varchar(256) DEFAULT NULL,
  PRIMARY KEY (`id`),
  KEY `FK_cliente_x_empresas_idx` (`id_empresa`),
  CONSTRAINT `FK_cliente_x_empresas` FOREIGN KEY (`id_empresa`) REFERENCES `gdoks_empresas` (`id`) ON DELETE NO ACTION ON UPDATE NO ACTION
) ENGINE=InnoDB AUTO_INCREMENT=45 DEFAULT CHARSET=utf8;
/*!40101 SET character_set_client = @saved_cs_client */;

--
-- Dumping data for table `gdoks_clientes`
--

LOCK TABLES `gdoks_clientes` WRITE;
/*!40000 ALTER TABLE `gdoks_clientes` DISABLE KEYS */;
INSERT INTO `gdoks_clientes` VALUES (17,NULL,'02.333.707/0036-75','Jacobs Douwe Egberts BR','JDE','2017-08-14 09:44:22',1,'Naiara Cerqueira','contato@teste1.com.br','21045558','','',NULL,NULL),(18,NULL,'03.928.294/0001-04','ITF CHEMICAL','ITF CHEMICAL','2017-08-23 14:15:31',1,'Charles Mendson','charles@itf.com.br','32114445','','',NULL,NULL),(19,NULL,'69.119.386/0001-51','GAMESA EOLICA BRASIL LTDA.','GAMESA','2017-08-24 14:34:02',1,'IGOR VENTURA','igor@gamesa.com','41410504','','',NULL,NULL),(20,NULL,'20.364.458/0001-37','BRAESA EMPREENDIMENTOS, INVESTIMENTOS E PARTI','BRAESA','2017-08-24 14:44:02',1,'Caio Novais','caionovais@braesa.com.br','(71) 3022 4075','','',NULL,NULL),(21,'391.543.784-00',NULL,'José Maria Bezerra Leite','José Maria Bezerra Leite','2017-08-24 14:49:34',1,'José Maria','JoseMaria@gmail.com.br','71 30121696','','',NULL,NULL),(22,NULL,'10.648.922/0001-63','ALL EFLUENTES DO NORDESTE LTDA','ALL METAIS','2017-08-24 14:52:27',1,'FELIPE MESSIAS','felipe@allmetais.com.br','7141410504','','',NULL,NULL),(23,NULL,'14.791.410/0001-02','LOM ENGENHARIA CIVIL E ELETRICA LTDA - EPP','LOM ENGENHARIA','2017-08-24 15:00:45',1,'BRUNO LOPES','contato@lomengenharia.com.br','71 3500-5190','','',NULL,NULL),(24,NULL,'60.398.369/0006-30','PARANAPANEMA S/A','PARANAPANEMA','2017-08-24 15:07:46',1,'NAIANA DOMINGUES','JAMYR@PARANAPANEMA.COM.BR','(71) 2199-1692','','',NULL,NULL),(25,NULL,'04.435.451/0001-02','CONSUNAV SALVADOR SERVICOS NAVAIS LTDA - ME','CONSUNAV','2017-08-24 15:15:13',1,'CARL GROHS','carl@consunav.com.br','71 3243-6702','','',NULL,NULL),(26,NULL,'02.317.111/0001-51','INTERTECHNE MODULLAR PROJETOS S.A','INTERTECHNE MODULLAR','2017-08-24 15:32:30',1,'GEOVANE SANTANA','MODULLAR@MODULLAR.COM.BR','(71) 3271-0091','','',NULL,NULL),(27,NULL,'15.102.213/0001-00','J MACEDO ALIMENTOS S/A','J MACEDO','2017-08-24 15:38:11',1,'DAIANA SOARES','daiana@JMACEDO.com.br','7141410504','','',NULL,NULL),(28,NULL,'69.037.133/0001-39','BAHIA SPECIALTY CELLULOSE SA','BSC','2017-08-24 15:40:48',1,'JOSÉ LUIZ GAZOLA','luis_araujo@bahiaspeccell.com','(71) 3634-0535','','',NULL,NULL),(29,NULL,'02.805.820/0017-43','EXTERRAN SERVICOS DE OLEO E GAS LTDA','EXTERRAN','2017-08-24 15:46:16',1,'FABRICIO FREITAS','FABRICIO@exterran.com.br','7141410504','','',NULL,NULL),(30,NULL,'26.461.699/0001-80','COMPANHIA NACIONAL DE ABASTECIMENTO CONAB','CONAB','2017-08-24 15:53:26',1,'Janine Martins','janine.martins@conab.gov.br','21 3861-5785','','',NULL,NULL),(31,NULL,'02.912.332/0002-59','KUKA SYSTEMS DO BRASIL LTDA','KUKA SYSTEMS','2017-08-25 13:13:29',1,'KUKA SYSTEMS','JORGE.VIEIRA@KUKASYSTEMS.COM.BR','(11) 3382-2110','','',NULL,NULL),(32,NULL,'00.352.294/0162-03','EMPRESA BRASILEIRA DE INFRAESTRUTURA AEROPORT','INFRAERO','2017-08-25 13:23:07',1,'Tereza','TEREZA_MARQUES.SBBE@IFRAER.GOV.BR','(91) 3210-6031','','',NULL,NULL),(33,NULL,'04.958.828/0001-08','JKM ENGENHARIA LTDA','JKM Engenharia','2017-08-25 13:30:53',1,'Anthony','skcont@terra.com.br','(011) 3333-1522','','',NULL,NULL),(34,NULL,'33.000.167/1072-59','PETROLEO BRASILEIRO S A PETROBRAS','PETROBRAS','2017-09-04 15:51:35',1,'Anthony','Anthony@faraday.com.br','71 41410504','','',NULL,NULL),(35,NULL,'56.991.441/0004-08','AVON COSMETICOS LTDA.','AVON','2017-09-14 15:39:31',1,'Anthony','fiscal.bahia@avon.com','71 41410504','','',NULL,NULL),(36,NULL,'06.145.027/0001-59','MAXI ENGENHARIA E CONSULTORIA LTDA - EPP','MAXI ENGENHARIA','2017-09-14 15:47:43',1,'Anthony','MAXIENGENHARIA@MAXIENGENHARIA.COM.BR','71 41410504','','',NULL,NULL),(37,NULL,'08.157.187/0001-43','Alpha Brazil Gestão & Recursos Ltda.','Alpha Brazil','2017-09-18 14:02:00',1,'Lauro Fontenele','laurofontenele@alphabrazil.com.br','71 3022-4075','','',NULL,NULL),(38,NULL,'08.469.336/0001-00','JKM CONSULTORIA E PROJETOS LTDA','JKM','2017-09-18 14:24:45',1,'Anthony','setorfiscal@accta.com.br','(71) 3341-2062','','',NULL,NULL),(39,NULL,'09.091.440/0001-76','T.W.O ENGENHARIA LTDA - ME','T.W.O','2017-09-18 14:35:10',1,'Anthony','PRATICA@FOCOSMAIS.COM.BR','(71) 3015-4075','','',NULL,NULL),(40,NULL,'00.352.294/0162-03','EMPRESA BRASILEIRA DE INFRAESTRUTURA AEROPORT','INFRAERO','2017-09-18 14:39:54',1,'TEREZA','TEREZA_MARQUES.SBBE@IFRAER.GOV.BR','(91) 3210-6031 ','','',NULL,NULL),(41,NULL,'00.394.460/0135-53','MINISTERIO DA FAZENDA','SUPERINTENDENCIA REG DA RECEITA FEDERAL DO BR','2017-09-18 15:14:02',1,'Anthony','MINISTERIODAFAZENDA@MINISTERIODAFAZENDA.com.b','(41) 3320-8276','','',NULL,NULL),(42,NULL,'01.401.976/0001-39','CONDOMÍNIO CENTRO EMPRESARIAL ELDORADO','CONDOMÍNIO ELDORADO','2017-09-19 13:35:16',1,'Domenico Fioravanti','domenico@asfeb.org.br','71. 2201 2200','','',NULL,NULL),(43,NULL,'08.949.395/0001-85','CONDOMINIO EDIFICIO RESERVA DO CANDEAL','CONDOMINIO EDIFICIO RESERVA DO CANDEAL','2017-09-19 13:56:02',1,'Adonias Aquino','reservadocandeal@hotmail.com','(71) 3016.4532 ','','',NULL,NULL),(44,NULL,'03.642.342/0001-01','TECON SALVADOR S.A,','Tecon','2017-12-11 15:18:03',1,'José Carlos Teles','josecarlos.teles@teconsalvador.com.br','71 2106-1522','','georgia','\r\?\r\Vi	e5','Av. Eng. Oscar Pontes, nº 97, água de meninos');
/*!40000 ALTER TABLE `gdoks_clientes` ENABLE KEYS */;
UNLOCK TABLES;

--
-- Table structure for table `gdoks_codigos_emi`
--

DROP TABLE IF EXISTS `gdoks_codigos_emi`;
/*!40101 SET @saved_cs_client     = @@character_set_client */;
/*!40101 SET character_set_client = utf8 */;
CREATE TABLE `gdoks_codigos_emi` (
  `id` int(11) NOT NULL AUTO_INCREMENT,
  `id_empresa` int(11) DEFAULT NULL,
  `simbolo` varchar(5) DEFAULT NULL,
  `nome` varchar(45) DEFAULT NULL,
  PRIMARY KEY (`id`),
  KEY `FK_emi_id_empresa_x_id_empresa_idx` (`id_empresa`),
  CONSTRAINT `FK_emi_id_empresa_x_id_empresa` FOREIGN KEY (`id_empresa`) REFERENCES `gdoks_empresas` (`id`) ON DELETE NO ACTION ON UPDATE NO ACTION
) ENGINE=InnoDB AUTO_INCREMENT=17 DEFAULT CHARSET=utf8;
/*!40101 SET character_set_client = @saved_cs_client */;

--
-- Dumping data for table `gdoks_codigos_emi`
--

LOCK TABLES `gdoks_codigos_emi` WRITE;
/*!40000 ALTER TABLE `gdoks_codigos_emi` DISABLE KEYS */;
INSERT INTO `gdoks_codigos_emi` VALUES (1,1,'AP','Para aprovação'),(2,1,'CC','Como construído'),(3,1,'CD','Cancelado'),(4,1,'CF','Como fabricado'),(5,1,'CO','Para comentários'),(6,1,'CP','Como comprado'),(7,1,'CT','Certificado'),(8,1,'ES','Estudo, preliminar'),(9,1,'FA','Para fabricação'),(10,1,'PI','Para informação'),(11,1,'LC','Para construção'),(12,1,'OR','Para orçamento, cotação'),(13,1,'PC','Para compra'),(14,1,'PD','Para detalhamento'),(15,1,'PU','Para utilização'),(16,1,'PR','Para Registro');
/*!40000 ALTER TABLE `gdoks_codigos_emi` ENABLE KEYS */;
UNLOCK TABLES;

--
-- Table structure for table `gdoks_daos`
--

DROP TABLE IF EXISTS `gdoks_daos`;
/*!40101 SET @saved_cs_client     = @@character_set_client */;
/*!40101 SET character_set_client = utf8 */;
CREATE TABLE `gdoks_daos` (
  `id` int(11) NOT NULL AUTO_INCREMENT,
  `nome` varchar(100) DEFAULT NULL,
  `nome_unico` varchar(45) DEFAULT NULL,
  `nome_cliente` varchar(200) DEFAULT NULL,
  `tipo` varchar(45) DEFAULT NULL,
  `tamanho` int(11) DEFAULT NULL,
  `id_projeto` int(11) DEFAULT NULL,
  PRIMARY KEY (`id`),
  UNIQUE KEY `UQ_nome_x_projeto` (`nome`,`id_projeto`),
  KEY `FK_daos_x_projetos_idx` (`id_projeto`),
  CONSTRAINT `FK_daos_x_projetos` FOREIGN KEY (`id_projeto`) REFERENCES `gdoks_projetos` (`id`) ON DELETE CASCADE ON UPDATE CASCADE
) ENGINE=InnoDB AUTO_INCREMENT=2 DEFAULT CHARSET=utf8 COMMENT='documentos de abertura de operações';
/*!40101 SET character_set_client = @saved_cs_client */;

--
-- Dumping data for table `gdoks_daos`
--

LOCK TABLES `gdoks_daos` WRITE;
/*!40000 ALTER TABLE `gdoks_daos` DISABLE KEYS */;
INSERT INTO `gdoks_daos` VALUES (1,'Contrato','15a3054a8197a9','contratowilsonSons.pdf','application/pdf',8215848,91);
/*!40000 ALTER TABLE `gdoks_daos` ENABLE KEYS */;
UNLOCK TABLES;

--
-- Table structure for table `gdoks_disciplinas`
--

DROP TABLE IF EXISTS `gdoks_disciplinas`;
/*!40101 SET @saved_cs_client     = @@character_set_client */;
/*!40101 SET character_set_client = utf8 */;
CREATE TABLE `gdoks_disciplinas` (
  `id` int(11) NOT NULL AUTO_INCREMENT,
  `nome` varchar(100) DEFAULT NULL,
  `sigla` varchar(4) DEFAULT NULL,
  `ativa` bit(1) DEFAULT b'1',
  `id_empresa` int(11) NOT NULL,
  PRIMARY KEY (`id`),
  UNIQUE KEY `UNIQUE_sigla` (`sigla`,`id_empresa`),
  KEY `FK_cliente_idx` (`id_empresa`),
  CONSTRAINT `FK_cliente` FOREIGN KEY (`id_empresa`) REFERENCES `gdoks_empresas` (`id`) ON DELETE NO ACTION ON UPDATE NO ACTION
) ENGINE=InnoDB AUTO_INCREMENT=17 DEFAULT CHARSET=utf8;
/*!40101 SET character_set_client = @saved_cs_client */;

--
-- Dumping data for table `gdoks_disciplinas`
--

LOCK TABLES `gdoks_disciplinas` WRITE;
/*!40000 ALTER TABLE `gdoks_disciplinas` DISABLE KEYS */;
INSERT INTO `gdoks_disciplinas` VALUES (1,'Direção / Gestão','A','',1),(2,'Administração','B','',1),(3,'Civil','C','',1),(4,'Elétrica','ELE','',1),(5,'Telecomunicações','TEL','',1),(6,'Instrumentação','I','',1),(7,'Suprimentos','H','',1),(8,'Mecânica','M','',1),(9,'Processo','P','',1),(10,'Tecnologia','J','',1),(11,'Estimativas e Controle de Custos','K','',1),(12,'Tubulações','T','',1),(13,'Informática','X','',1),(14,'Planejamento','S','',1),(15,'Automação','U','',1),(16,'Segurança','Seg','',1);
/*!40000 ALTER TABLE `gdoks_disciplinas` ENABLE KEYS */;
UNLOCK TABLES;

--
-- Table structure for table `gdoks_documentos`
--

DROP TABLE IF EXISTS `gdoks_documentos`;
/*!40101 SET @saved_cs_client     = @@character_set_client */;
/*!40101 SET character_set_client = utf8 */;
CREATE TABLE `gdoks_documentos` (
  `id` int(11) NOT NULL AUTO_INCREMENT,
  `nome` varchar(100) DEFAULT NULL,
  `codigo` varchar(45) DEFAULT NULL,
  `codigo_cliente` varchar(45) DEFAULT NULL,
  `codigo_alternativo` varchar(45) DEFAULT NULL,
  `id_subarea` int(11) DEFAULT NULL,
  `id_subdisciplina` int(11) DEFAULT NULL,
  `datahora_do_checkout` datetime DEFAULT NULL,
  `idu_checkout` int(11) DEFAULT NULL,
  PRIMARY KEY (`id`),
  KEY `FK_subdisciplinas_idx` (`id_subdisciplina`),
  KEY `FK_idu_checkout_x_usuarios_idx` (`idu_checkout`),
  KEY `FK_doc_id_subarea_x_subareas_idx` (`id_subarea`),
  CONSTRAINT `FK_doc_id_subarea_x_subareas` FOREIGN KEY (`id_subarea`) REFERENCES `gdoks_subareas` (`id`) ON DELETE NO ACTION ON UPDATE NO ACTION,
  CONSTRAINT `FK_id_subdisciplina` FOREIGN KEY (`id_subdisciplina`) REFERENCES `gdoks_subdisciplinas` (`id`) ON DELETE NO ACTION ON UPDATE NO ACTION,
  CONSTRAINT `FK_idu_checkout_x_usuarios` FOREIGN KEY (`idu_checkout`) REFERENCES `gdoks_usuarios` (`id`) ON DELETE NO ACTION ON UPDATE NO ACTION
) ENGINE=InnoDB AUTO_INCREMENT=792 DEFAULT CHARSET=utf8;
/*!40101 SET character_set_client = @saved_cs_client */;

--
-- Dumping data for table `gdoks_documentos`
--

LOCK TABLES `gdoks_documentos` WRITE;
/*!40000 ALTER TABLE `gdoks_documentos` DISABLE KEYS */;
INSERT INTO `gdoks_documentos` VALUES (615,'Detalhes de Instalação','FRY-1704.00-E08-00',NULL,NULL,375,51,'2017-08-25 14:35:59',19),(616,'Memoria de Calculo- SPDA Galpão Existente','FRY-1704.00-E25-001',NULL,NULL,375,68,'2017-08-25 15:28:13',19),(617,'Memoria de Cálculo- SPDA Portaria','FRY-1704.00-E25-002',NULL,NULL,375,68,'2017-08-25 15:30:13',19),(618,'Memoria de Cálculo - SPDA Green Coffee','FRY-1704.00-E25-003',NULL,NULL,375,68,'2017-08-25 15:23:13',19),(619,'Memoria de Cálculo - SPDA Galpão de Resíduos','FRY-1704.00-E25-004',NULL,NULL,375,68,NULL,NULL),(620,'Memoria de Cálculo - SPDA Produtos Inflamáveis','FRY-1704.00-E25-005',NULL,NULL,375,68,'2017-08-25 15:25:30',19),(621,'Memoria de Cálculo - SPDA Casa de Bombas','FRY-1704.00-E25-006',NULL,NULL,375,68,'2017-08-25 15:21:17',19),(622,'Memoria de Cálculo - Aterramento','FRY-1704.00-E25-007',NULL,NULL,375,68,'2017-08-25 15:19:01',19),(623,'Memorial Descritivo','FRY-1704.00-E20-001',NULL,NULL,375,63,'2017-08-25 15:32:24',19),(624,'Plantas de SPDA e Aterramento01','FRY-1704.00-E11-001',NULL,NULL,375,54,'2017-08-28 13:10:39',19),(626,'Plantas de SPDA e Aterramento 02','FRY-1704.00-E11-002',NULL,NULL,375,54,'2017-08-28 13:16:18',19),(629,'Plantas de SPDA e Aterramento003','FRY-1704.00-E11-003',NULL,NULL,375,54,'2017-08-25 15:51:06',19),(630,'Plantas de SPDA e Aterramento04','FRY-1704.00-E11-004',NULL,NULL,375,54,'2017-08-28 13:09:25',19),(631,'Relatorio de Inspeção - SPDA e Aterramento','FRY-1704.00-E18-001',NULL,NULL,375,61,'2017-08-25 15:43:41',19),(634,'MARCA JDE - GREEN COFFEE','03',NULL,NULL,375,54,'2017-08-25 15:38:13',19),(635,'MARCA JDE - GREEN COFFEE','04',NULL,NULL,375,54,'2017-08-25 15:42:15',19),(636,'MARCA JDE - GREEN COFFEEr1','SPDA 00407-DE-ELE-001-R1 ',NULL,NULL,375,54,'2017-08-28 13:26:03',19),(637,'PRODUTOS INFLAMÁVEIS','CAFEPILAO_EXE_EL01_REV01',NULL,NULL,375,54,'2017-08-28 13:22:51',19),(638,'Instalações elétricas - Aterramento','E1315',NULL,NULL,375,54,'2017-08-28 13:17:07',19),(648,'RESISTIVIDADE DO SOLO, RESISTÊNCIA DE MALHA E TENSÕES DE TOQUE E PASSO','FRY-1602-000-E18-001',NULL,NULL,378,61,'2017-08-28 14:01:41',19),(658,'Carta de Apresentação - Praias de Esplanada','FRY-1605.01-E20-001',NULL,NULL,380,63,'2017-08-29 13:20:07',19),(659,'Procuração - Praias de Esplanada','Procuração',NULL,NULL,380,71,'2017-08-29 13:40:06',19),(660,'Contrato Social - Catalonia','Contrato Social - Catalonia',NULL,NULL,380,71,'2017-08-29 13:24:02',19),(661,'Termo de Compromisso - Garantia de Materiais e Equipamentos','Termo de Compromisso',NULL,NULL,380,71,'2017-08-29 13:34:05',19),(662,'Solicitação de Incorporação de rede elétrica','Solicitação de Incorporação',NULL,NULL,380,71,'2017-08-29 13:40:50',19),(663,'CNH Nilson Nobrega','CNH Nilson Nobrega',NULL,NULL,380,71,'2017-08-29 13:23:08',19),(664,'CREA Caio Novaes','CREA Caio Novaes',NULL,NULL,380,71,'2017-08-29 13:24:47',19),(665,'Cartão CNPJ CATALONIA','Cartão CNPJ CATALONIA',NULL,NULL,380,71,'2017-08-29 13:21:15',19),(666,'Licenciamento - Plano Baixio','Licenciamento - Plano Baixio',NULL,NULL,380,71,'2017-08-29 13:27:44',19),(667,'ART','ART',NULL,NULL,380,71,'2017-08-29 13:18:57',19),(668,'MEMORIA DE CÁLCULO DE QUEDA DE TENSÃO E DIMENSIONAMENTO DE RAMAIS DE ENTRADA','FRY-1605.01-E25-001',NULL,NULL,380,68,'2017-08-29 13:28:48',19),(669,'MEMORIAL DESCRITIVO INSTALAÇÕES ELÉTRICAS','FRY-1605.01-E20-002',NULL,NULL,380,63,'2017-08-29 13:31:05',19),(670,'MEMORIAL DESCRITIVO REDE DE DISTRIBUIÇÃO ELÉTRICA','FRY-1605.01-E20-003',NULL,NULL,380,63,'2017-08-29 13:32:11',19),(671,'PLANTA DE SITUAÇÃO - IMPLANTAÇÃO','FRY-1605.01-E10-001',NULL,NULL,380,60,'2017-08-29 13:37:18',19),(672,'PLANTA DE ILUMINAÇÃO - PLANTA BAIXA','FRY-1605.01-E12-001',NULL,NULL,380,55,'2017-08-29 13:35:52',19),(673,'PLANTAS E DETALHES DIAGRAMA UNIFILAR E QUADRO DE MEDIÇÃO','FRY-1605.01-E08-001',NULL,NULL,380,53,'2017-08-29 13:39:08',19),(674,'DIAGRAMA TRIFILAR E QUADRO DE CARGAS - QDIT-PRO','FRY-1502.00-E06-001',NULL,NULL,377,69,'2017-08-29 14:15:28',19),(675,'DIAGRAMA FUNCIONAL - PN-01','FRY-1502.00-E06-002',NULL,NULL,377,69,'2017-08-29 15:00:39',19),(676,'DIAGRAMA FUNCIONAL - QGBT-01','FRY-1502.00-E06-003',NULL,NULL,377,69,'2017-08-29 14:50:02',19),(677,'DIAGRAMA FUNCIONAL - QGBT-01','FRY-1502.00-E06-001',NULL,NULL,377,69,'2017-08-29 15:03:28',19),(678,'DIAGRAMA FUNCIONAL - PN-01','FRY-1502.00-E06-002',NULL,NULL,377,69,'2017-08-29 14:45:55',19),(679,'DIAGRAMA TRIFILAR E QUADRO DE CARGAS - ','FRY-1502.00-E06-003',NULL,NULL,377,69,'2017-08-29 15:04:43',19),(682,'Planta I – CCM-01 – Diagrama Unifilar','ITF-0200-E060-A1-02145 FL.1/3',NULL,NULL,376,48,'2017-08-29 16:10:33',19),(683,'Planta I – CCM-03 – Diagrama Unifilar','ITF-0200-E060-A1-02145 FL.2/3',NULL,NULL,376,48,'2017-08-29 16:11:08',19),(684,'Planta I – CCM-04 – Diagrama Unifilar','ITF-0200-E060-A1-02145 FL.3/3',NULL,NULL,376,48,'2017-08-29 16:11:46',19),(685,'Planta II – CCM-02 – Diagrama Unifilar','1000-E060A1-02138 ',NULL,NULL,376,48,'2017-08-29 16:12:22',19),(686,'Fabrica de Ferrolat – CCM-05 - Diagrama Unifilar','3000-E060-A1-02000',NULL,NULL,376,48,'2017-08-29 16:08:19',19),(687,'Nova Planta de HPD  – CCM-06 - Diagrama Unifilar','3000-E060-F-A1-02275',NULL,NULL,376,48,'2017-08-29 16:09:52',19),(688,'Planta V  –  CCM-07/08 - Diagrama Unifilar','5000-E040-A1-15703',NULL,NULL,376,48,'2017-08-29 16:14:15',19),(689,'Planta IV  –  ELÉTRICA – Diagrama do QGBT-0301 – Pav. Superior','329XE0309',NULL,NULL,376,48,'2017-08-29 16:13:40',19),(690,'Diagrama Unifilar Geral','300-E060-A1-C2299  ',NULL,NULL,376,48,'2017-08-29 16:07:41',19),(691,'Cabine Blindada SE Entrada e Medição – Padrão COELBA -  34,5 kV – Instalação ao Tempo – Diagrama Fun','ITF-0390-E060-40-02136',NULL,NULL,376,48,'2017-08-29 16:07:01',19),(692,'Memorial Descritivo','ITF-300-E060-F-02299',NULL,NULL,376,63,'2017-08-29 16:09:07',19),(694,'Mapa de Riscos - Programa Vira Vida','FRY-1702.01-T15-001 ',NULL,NULL,381,285,NULL,NULL),(695,'Mapa de Riscos - ADM 1º  Pavimento','FRY-1702.01-T15-002',NULL,NULL,381,285,'2017-09-01 13:47:53',19),(696,'Mapa de Riscos - ADM Térreo','FRY-1702.01-T15-003',NULL,NULL,381,285,NULL,NULL),(697,'Mapa de Riscos - Produção - Cubo / Hub / Logística','FRY-1702.01-T15-004',NULL,NULL,381,285,NULL,NULL),(698,'Mapa de Riscos - Produção - Nacelle / Aerogeradores / Logística / Adm','FRY-1702.01-T15-005',NULL,NULL,381,285,NULL,NULL),(699,'Mapa de Riscos - SL Man / CS Res Cont / CS Bat / Matqui','FRY-1702.01-T15-006',NULL,NULL,381,285,NULL,NULL),(700,'Especificação Técnica de Equipamentos Sistema Ininterrupta de Energia - NOBREAK','FRY-1701.00-E00-001 ',NULL,NULL,382,45,'2017-08-30 14:44:33',19),(701,'Memória de Cálculo Dimensionamento de Condutores Elétricos','FRY-1701.00-E25-001',NULL,NULL,382,68,'2017-08-30 14:45:50',19),(702,'Alimentação dos Painéis Transformador e Laboratório - Planta de Força','FRY-1701.00-E10-001',NULL,NULL,382,53,'2017-08-30 14:43:44',19),(703,'Quadro de Distribuição do Transformador - Diagrama Trifilar e Quadro de Cargas','FRY-1701.00-E06-001',NULL,NULL,382,69,'2017-08-30 14:49:00',19),(704,'Painel do Laboratório - Diagrama Trifilar','FRY-1701.00-E06-002',NULL,NULL,382,69,'2017-08-30 14:47:06',19),(705,'Memoria Descritivo de Montagem','FRY-1701.00-E20-001',NULL,NULL,382,63,'2017-08-30 14:48:11',19),(706,'RELATORIO – RESISTIVIDADE DO SOLO, RESISTÊNCIA DE MALHA E TENSÕES DE TOQUE E PASSO','FRY-1505-000-E18-001',NULL,NULL,383,61,'2017-09-01 15:22:45',19),(707,'ARRANJO DOS EQUIPAMENTOS ELÉTRICOS ','AGB-ZDP-05-006',NULL,NULL,384,53,'2017-08-30 15:38:37',19),(708,'MEMORIA DE CALCULO DE CURTO CIRCUITO ','AGB-ZDP-05-011',NULL,NULL,384,68,'2017-08-30 15:39:20',19),(709,'DIAGRAMA UNIFILAR GERAL','AGB-ZDP-05-001',NULL,NULL,384,48,'2017-08-30 15:36:58',19),(710,'ARRANJO DOS EQUIPAMENTOS ELÉTRICOS ','AGB-DCI-05-006',NULL,NULL,384,53,'2017-08-30 15:50:34',19),(711,'MEMORIA DE CALCULO DE CURTO CIRCUITO ','AGB-DCI-05-011',NULL,NULL,384,68,'2017-08-30 15:35:57',19),(712,'DIAGRAMA UNIFILAR GERAL ','AGB-DCI-05-001',NULL,NULL,384,48,'2017-08-30 15:34:54',19),(713,'POLO ARARA RP-3315.0402 - ATERRAMENTO E SPDA - PLANTA','DE-3307.00-1221-780-MDP-001',NULL,NULL,385,54,'2017-08-30 16:23:03',19),(714,'ARARA AZUL - SKID SG-3315.00-001 - ATERRAMENTO E SPDA - PLANTA','DE-3307.00-1221-780-MDP-002',NULL,NULL,385,54,'2017-08-30 16:20:15',19),(715,'ARARA AZUL - DISTRIBUIÇÃO DE FORÇA - PLANTA','DE-3307.00-1221-780-MDP-004',NULL,NULL,385,53,'2017-08-30 16:19:32',19),(716,'SISTEMA DE PROTEÇÃO DE DESCARGAS ATMOSFERICAS','MC-3307.00-1221-781-MDP-001',NULL,NULL,385,54,'2017-08-30 16:23:54',19),(717,'ESPECIFICAÇÃO TECNICA - SISTEMA DE ENERGIA SOLAR','ET-3307.00-1221-705-MDP-001',NULL,NULL,385,43,'2017-08-30 16:21:37',19),(718,'PLANTA DE FORÇA - IMPLANTAÇÃO','DE-3307.00-8100-700-MDP-011',NULL,NULL,386,53,'2017-08-31 13:55:18',19),(719,'PLANTA DE ILUMINAÇÃO - GALPÃO','DE-3307.00-8100-700-MDP-012',NULL,NULL,386,55,'2017-08-31 13:56:19',19),(720,'PLANTA DE FORÇA GERAL','DE-3307.00-8100-700-MDP-013',NULL,NULL,386,53,'2017-08-31 13:52:28',19),(721,'ATERRAMENTO - GALPÃO','DE-3307.00-8100-782-MDP-001',NULL,NULL,386,54,'2017-08-31 13:43:52',19),(722,'DIAGRAMA TRIFILAR E QUADRO DE CARGAS - PL-05','DE-3307.00-8100-946-MDP-006',NULL,NULL,386,69,'2017-08-31 13:46:18',19),(723,'FOLHA DE DADOS - PAINEL DE ILUMINAÇÃO E TOMADA - PL-05','FD-3307.00-8100-742-MDP-005',NULL,NULL,386,61,'2017-08-31 13:51:09',19),(724,'FOLHA DE DADOS - PAINEL DE ILUMINAÇÃO E TOMADA - PL-03','FD-3307.00-8100-742-MDP-003',NULL,NULL,386,61,'2017-08-31 13:48:25',19),(725,'DIAGRAMA TRIFILAR E QUADRO DE CARGAS - PL-03','FD-3307.00-8100-742-MDP-003',NULL,NULL,386,69,'2017-08-31 13:45:19',19),(726,'MOTOR ELÉTRICO DE INDUÇÃO TRIFÁSICO MB-5330014A/B/C 1','FD-3307.02-5330-712-MDP-001',NULL,NULL,387,44,'2017-08-31 14:25:06',19),(727,'MOTOR ELÉTRICO DE INDUÇÃO TRIFÁSICO MB-5330013A/B/C/D','FD-3307.02-5330-712-MDP-002',NULL,NULL,387,44,'2017-08-31 14:20:25',19),(728,'MOTOR ELÉTRICO DE INDUÇÃO TRIFÁSICO MB-5330014A/B/C','FD-3307.02-5330-712-MDP-003',NULL,NULL,387,44,'2017-08-31 14:24:27',19),(729,'MALHA DE ATERRAMENTO','MC-3307.02-5330-782-MDP-001',NULL,NULL,387,68,'2017-08-31 14:17:42',19),(730,'PRONTUARIO DAS INSTALAÇÕES ELÉTRICAS – PIE','FRY-1406.00-E28-001',NULL,NULL,388,61,'2017-08-31 14:46:49',19),(731,'RELATÓRIO DE NÃO CONFORMIDADE DIAGNOSTICO DE CONFORMIDADE COM A NORMA NR-10','FRY-1406.00-E18-001',NULL,NULL,388,61,'2017-08-31 14:48:34',19),(732,'PLANEJAMENTO DAS NÃO CONFORMIDADE','FRY-1406.00-S03-001',NULL,NULL,388,61,'2017-08-31 14:44:32',19),(733,'MEMORIA DE CALCULO DE SPDA - OZÔNIO - AREA 282','P-1296-282-ZBSC-83093',NULL,NULL,389,68,'2017-08-31 15:13:29',19),(734,'PLANTA DE GERAÇÃO DE OZÔNIO - DISTRIBUIÇÃO DE FORÇA, CONTROLE E ATERRAMENTO - PLANTA E CORTES','282-E04-A0-129849',NULL,NULL,389,54,'2017-08-31 15:14:44',19),(735,'LISTA DE MATERIAIS - OZÔNIO - AREA 282','P-1296-282-IBSC-83095',NULL,NULL,389,56,'2017-08-31 15:11:44',19),(736,'MEMORIA DE CALCULO DE SPDA - LABORATORIO DE PESQUISA - AREA 825','P-1296-825-ZBSC-83433',NULL,NULL,389,68,'2017-08-31 15:12:37',19),(737,'LABORATORIO DE PESQUISA - SPDA - VISTA E PLANTA','P-1296-0-825-E080-834030',NULL,NULL,389,54,'2017-08-31 15:06:18',19),(738,'LISTA DE MATERIAIS - LABORATORIO DE PESQUISA - AREA 825','P-1296-825-IBSC-83435',NULL,NULL,389,56,'2017-08-31 15:10:26',19),(739,'\"RELATORIO – RESISTIVIDADE E ESTRATIFICAÇÃO DO SOLO DA ESTAÇÃO DE COMPRENSSÃO MANATI - VERSÃO EM POR','FRY-1404-000-E18-001',NULL,NULL,390,61,'2017-08-31 15:24:13',19),(740,'\"REPORT – RESISTIVITY AND STRATIFICATION OF SOIL OF STATION OF COMPRESSION MANATI - VERSÃO EM INGLES','FRY-1404-000-E18-001',NULL,NULL,390,61,'2017-08-31 15:25:06',19),(741,'ENERGIA INCIDENTE DE ARCO ELÉTRICO','MC-4100.01-5144-94F-MDP-006',NULL,NULL,391,68,'2017-08-31 15:55:46',19),(742,'SISTEMA DE CORRENTE CONTÍNUA','MC-4100.01-5144-94F-MDP-005',NULL,NULL,391,68,'2017-08-31 16:00:27',19),(743,'CURTO-CIRCUITO','MC-4100.01-5144-94F-MDP-001',NULL,NULL,391,68,'2017-08-31 15:54:56',19),(744,'FLUXO DE CARGAS','MC-4100.01-5144-94F-MDP-002',NULL,NULL,391,68,'2017-08-31 15:57:52',19),(745,'PARTIDA DE MOTORES','MC-4100.01-5144-94F-MDP-004',NULL,NULL,391,68,'2017-08-31 15:58:41',19),(746,'SELETIVIDADE','MC-4100.01-5144-94F-MDP-003',NULL,NULL,391,68,'2017-08-31 15:59:27',19),(747,'ARRANJO DE EQUIPAMENTO','DE-4100.01-5144-942-MDP-001',NULL,NULL,391,60,'2017-08-31 15:53:43',19),(748,'PLANTA DE INFRA ESTRUTURA - REDE DE DADOS E VOZ - CONTAINER','DE-3307.00-8100-760-MDP-001',NULL,NULL,392,52,'2017-08-31 16:08:41',19),(750,'NOVO PC DO HORTOMERCADO DIAGRAMA UNIFILAR GERAL','FRY-1303-000-E05-001_001',NULL,NULL,393,48,NULL,NULL),(751,'DETALHES TIPICOS - REDE DE DADOS E VOZ - CONTAINER','DE-3307.00-8100-760-MDP-007',NULL,NULL,392,51,'2017-09-06 15:22:10',19),(752,'MEMORIAL DESCRITIVO DO SISTEMA ELETRICO','MD-3307.00-8100-700-MDP-001',NULL,NULL,392,63,'2017-09-11 15:39:44',19),(753,'MEMORIA DE CALCULO - DIMENSIONAMENTO DE CONDUTORES','MC-3307.00-8100-721-MDP-001',NULL,NULL,392,68,'2017-09-11 15:34:36',19),(754,'MEMORIA DE CALCULO - ILUMINAÇÃO','MC-3307.00-8100-700-MDP-001',NULL,NULL,392,68,'2017-09-11 15:39:48',19),(755,'FOLHA DE DADOS - PL04','FD-3307.00-8100-742-MDP-004',NULL,NULL,392,44,'2017-09-11 15:26:46',19),(756,'FOLHA DE DADOS - PN04','FD-3307.00-8100-741-MDP-011',NULL,NULL,392,44,'2017-09-11 15:27:48',19),(757,'FOLHA DE DADOS - PN24SF','FD-3307.00-8100-741-MDP-007',NULL,NULL,392,44,'2017-09-11 15:29:51',19),(758,'DIAGRAMA UNIFILAR GERAL','DE-3307.00-8100-946-MDP-001',NULL,NULL,392,48,'2017-09-11 15:25:33',19),(759,'DIAGRAMA TRIFILAR E QUADRO DE CARGAS - PL04','DE-3307.00-8100-946-MDP-005',NULL,NULL,392,69,'2017-09-11 15:19:44',19),(760,'DIAGRAMA TRIFILAR E QUADRO DE CARGAS - PN04','DE-3307.00-8100-946-MDP-011DE-3307.00-8100-94',NULL,NULL,392,69,'2017-09-11 15:22:49',19),(761,'PLANTA DE ILUMINAÇÃO EXTERNA','DE-3307.00-8100-700-MDP-014',NULL,NULL,392,55,'2017-09-11 15:45:24',19),(762,'PLANTA DE FORÇA GERAL','DE-3307.00-8100-700-MDP-013',NULL,NULL,392,53,'2017-09-12 13:41:04',19),(763,'LISTA DE CABOS','LI-3307.00-8100-721-MDP-004',NULL,NULL,392,58,'2017-09-11 15:32:42',19),(767,'RELATÓRIO DE NÃO CONFORMIDADE SPDA','FRY-1608.00-E18-001',NULL,NULL,394,61,'2017-09-19 14:40:50',19),(768,'teste','TTT','','',392,57,NULL,NULL),(769,'CAIXA VENTOSA DESCARGA DN50 A DN250, VISTA SUPERIOR, PLANTA BAIXA E CORTE','2017.03.04-SAA-CXVD-PE-DE-HID-001','1606',NULL,396,36,NULL,NULL),(770,'DETALHES DE LIGAÇÃO PREDIAL, REGISTRO E BLOCOS DE ANCORAGEM PARA REDE','2017.03.04-SAA-DET-PE-DE-HID-001','1606',NULL,396,36,NULL,NULL),(771,'GERAL REDE','2017.03.05-SAA-GER-PH-DE-HID-001','1606',NULL,396,36,NULL,NULL),(772,'LAY OUT E URBANIZAÇÃO RESERVATÓRIO DE 200M³','2017.03.04-SAA-LUR-PB-DE-HID-001-R0','1606',NULL,396,36,NULL,NULL),(773,'REDE CÁLCULO','2017.03.05-SES-DIS-PH-DE-HID-005 E 006-R0','1606',NULL,396,36,NULL,NULL),(774,'REDE-DETALHAMENTO','2017.03.05-SAA-DIS-PH-DE-HID-001 E 004-R0','1606',NULL,396,36,NULL,NULL),(775,'RESERVATÓRIO APOIADO DE 200M³- PLANTA BAIXA, CORTES E DETALHES','2017.03.04-SAA-RES-PB-DE-HID-001-R0.dwg',NULL,NULL,396,36,NULL,NULL),(776,'MC','MC_LOTEAMENTO-FINAL-R1','1606',NULL,396,36,NULL,NULL),(777,'TX','01-SAA-HID-TX-HID-001-R1','1606',NULL,396,36,NULL,NULL),(787,'Armazem','Armazem',NULL,NULL,402,35,NULL,NULL),(788,'Guarita gate in','Guarita gate in',NULL,NULL,402,35,NULL,NULL),(789,'Guarita gate out','Guarita gate out',NULL,NULL,402,35,NULL,NULL),(790,'Guarita triagem','Guarita triagem',NULL,NULL,402,35,NULL,NULL),(791,'mariner','mariner',NULL,NULL,402,35,NULL,NULL);
/*!40000 ALTER TABLE `gdoks_documentos` ENABLE KEYS */;
UNLOCK TABLES;

--
-- Table structure for table `gdoks_documentos_x_dependencias`
--

DROP TABLE IF EXISTS `gdoks_documentos_x_dependencias`;
/*!40101 SET @saved_cs_client     = @@character_set_client */;
/*!40101 SET character_set_client = utf8 */;
CREATE TABLE `gdoks_documentos_x_dependencias` (
  `id` int(11) NOT NULL AUTO_INCREMENT,
  `id_documento` int(11) DEFAULT NULL,
  `id_dependencia` int(11) DEFAULT NULL,
  PRIMARY KEY (`id`),
  KEY `FK_documentos_x_doc_dependente_idx` (`id_documento`),
  KEY `FK_documentos_x_doc_pai_idx` (`id_dependencia`),
  CONSTRAINT `FK_documentos_x_doc_dependente` FOREIGN KEY (`id_documento`) REFERENCES `gdoks_documentos` (`id`) ON DELETE CASCADE ON UPDATE CASCADE,
  CONSTRAINT `FK_documentos_x_doc_pai` FOREIGN KEY (`id_dependencia`) REFERENCES `gdoks_documentos` (`id`) ON DELETE CASCADE ON UPDATE CASCADE
) ENGINE=InnoDB DEFAULT CHARSET=utf8;
/*!40101 SET character_set_client = @saved_cs_client */;

--
-- Dumping data for table `gdoks_documentos_x_dependencias`
--

LOCK TABLES `gdoks_documentos_x_dependencias` WRITE;
/*!40000 ALTER TABLE `gdoks_documentos_x_dependencias` DISABLE KEYS */;
/*!40000 ALTER TABLE `gdoks_documentos_x_dependencias` ENABLE KEYS */;
UNLOCK TABLES;

--
-- Table structure for table `gdoks_empresas`
--

DROP TABLE IF EXISTS `gdoks_empresas`;
/*!40101 SET @saved_cs_client     = @@character_set_client */;
/*!40101 SET character_set_client = utf8 */;
CREATE TABLE `gdoks_empresas` (
  `id` int(11) NOT NULL AUTO_INCREMENT,
  `nome` varchar(45) NOT NULL,
  `codigo` varchar(5) NOT NULL,
  PRIMARY KEY (`id`),
  UNIQUE KEY `nome_UNIQUE` (`nome`),
  UNIQUE KEY `codigo_UNIQUE` (`codigo`)
) ENGINE=InnoDB AUTO_INCREMENT=2 DEFAULT CHARSET=utf8;
/*!40101 SET character_set_client = @saved_cs_client */;

--
-- Dumping data for table `gdoks_empresas`
--

LOCK TABLES `gdoks_empresas` WRITE;
/*!40000 ALTER TABLE `gdoks_empresas` DISABLE KEYS */;
INSERT INTO `gdoks_empresas` VALUES (1,'Faraday','fday');
/*!40000 ALTER TABLE `gdoks_empresas` ENABLE KEYS */;
UNLOCK TABLES;

--
-- Table structure for table `gdoks_especialistas`
--

DROP TABLE IF EXISTS `gdoks_especialistas`;
/*!40101 SET @saved_cs_client     = @@character_set_client */;
/*!40101 SET character_set_client = utf8 */;
CREATE TABLE `gdoks_especialistas` (
  `id` int(11) NOT NULL AUTO_INCREMENT,
  `id_usuario` int(11) DEFAULT NULL,
  `id_disciplina` int(11) DEFAULT NULL,
  PRIMARY KEY (`id`),
  UNIQUE KEY `UNIQUE_usuario_x_disciplina` (`id_usuario`,`id_disciplina`),
  KEY `FK_especialistas_x_disciplinas_idx` (`id_disciplina`),
  CONSTRAINT `FK_especialistas_x_disciplinas` FOREIGN KEY (`id_disciplina`) REFERENCES `gdoks_disciplinas` (`id`) ON DELETE CASCADE ON UPDATE CASCADE,
  CONSTRAINT `FK_especialistas_x_usuarios` FOREIGN KEY (`id_usuario`) REFERENCES `gdoks_usuarios` (`id`) ON DELETE CASCADE ON UPDATE CASCADE
) ENGINE=InnoDB AUTO_INCREMENT=78 DEFAULT CHARSET=utf8;
/*!40101 SET character_set_client = @saved_cs_client */;

--
-- Dumping data for table `gdoks_especialistas`
--

LOCK TABLES `gdoks_especialistas` WRITE;
/*!40000 ALTER TABLE `gdoks_especialistas` DISABLE KEYS */;
INSERT INTO `gdoks_especialistas` VALUES (62,1,1),(68,1,2),(76,1,3),(71,1,4),(23,1,6),(2,1,9),(16,1,10),(14,1,11),(57,1,15),(69,2,2),(77,2,3),(70,2,4),(36,2,8),(26,2,14),(61,3,1),(32,3,12),(46,3,13),(56,3,15),(75,4,3),(1,4,10),(40,4,13),(8,5,7),(12,5,10),(10,5,13),(5,6,10),(20,6,12),(7,7,5),(3,7,7),(30,7,12),(43,7,13),(53,7,15),(28,8,10),(74,9,3),(44,9,9),(33,9,10),(19,9,12),(55,9,15),(9,10,5),(29,10,11),(35,10,13),(6,10,14),(54,10,15),(72,19,4),(73,19,16);
/*!40000 ALTER TABLE `gdoks_especialistas` ENABLE KEYS */;
UNLOCK TABLES;

--
-- Table structure for table `gdoks_grds`
--

DROP TABLE IF EXISTS `gdoks_grds`;
/*!40101 SET @saved_cs_client     = @@character_set_client */;
/*!40101 SET character_set_client = utf8 */;
CREATE TABLE `gdoks_grds` (
  `id` int(11) NOT NULL AUTO_INCREMENT,
  `id_projeto` int(11) NOT NULL,
  `codigo` varchar(60) NOT NULL,
  `obs` varchar(256) DEFAULT NULL,
  `datahora_registro` datetime NOT NULL,
  `datahora_enviada` datetime DEFAULT NULL,
  `unique_link` varchar(60) DEFAULT NULL,
  PRIMARY KEY (`id`),
  UNIQUE KEY `codigo_UNIQUE` (`codigo`),
  KEY `FK_grd_x_id_projeto_idx` (`id_projeto`),
  CONSTRAINT `FK_grd_x_id_projeto` FOREIGN KEY (`id_projeto`) REFERENCES `gdoks_projetos` (`id`) ON DELETE CASCADE ON UPDATE CASCADE
) ENGINE=InnoDB AUTO_INCREMENT=10 DEFAULT CHARSET=utf8;
/*!40101 SET character_set_client = @saved_cs_client */;

--
-- Dumping data for table `gdoks_grds`
--

LOCK TABLES `gdoks_grds` WRITE;
/*!40000 ALTER TABLE `gdoks_grds` DISABLE KEYS */;
INSERT INTO `gdoks_grds` VALUES (1,72,'GRD-2017-000001','','2017-08-29 13:46:59',NULL,NULL),(2,71,'GRD-2017-000002','','2017-08-29 15:07:38',NULL,'cc119b5477645d85b7493494e76ec9cf'),(3,79,'GRD-2017-000003','','2017-09-01 15:52:36',NULL,NULL),(4,85,'GRD-2017-000004','','2017-09-06 15:24:53',NULL,NULL),(5,85,'GRD-2017-000005','','2017-09-12 13:43:43','2017-12-11 17:27:51','ffd015dcc2d15a87943ff7432afc1d90'),(6,87,'GRD-2017-000006','','2017-09-19 14:42:28',NULL,'a5565b7cae9c6591a1f7867274f19fc1'),(7,85,'GRD-2017-000007','','2017-12-09 17:23:00',NULL,'0b4ebfac3f4c0bef70fc09f6fbbf55d8'),(8,90,'GRD-2017-000008','','2017-12-12 12:41:55','2017-12-12 18:05:34','bbd60faead20d0d8be62e6b5edac0cf0'),(9,90,'GRD-2017-000009','','2017-12-12 19:30:45','2017-12-12 19:31:26',NULL);
/*!40000 ALTER TABLE `gdoks_grds` ENABLE KEYS */;
UNLOCK TABLES;

--
-- Table structure for table `gdoks_grds_x_revisoes`
--

DROP TABLE IF EXISTS `gdoks_grds_x_revisoes`;
/*!40101 SET @saved_cs_client     = @@character_set_client */;
/*!40101 SET character_set_client = utf8 */;
CREATE TABLE `gdoks_grds_x_revisoes` (
  `id_grd` int(11) NOT NULL,
  `id_revisao` int(11) NOT NULL,
  `id_codEMI` int(11) NOT NULL,
  `id_tipo` int(11) NOT NULL,
  `nFolhas` int(11) DEFAULT NULL,
  `nVias` int(11) DEFAULT NULL,
  UNIQUE KEY `UQ_id_grd_x_id_rev` (`id_revisao`,`id_grd`),
  KEY `FK_grd_revisoes_x_id_revisoes_idx` (`id_revisao`),
  KEY `FK_grd_grd_x_id_grd_idx` (`id_grd`),
  KEY `FK_grd_x_rev_id_codEMI_idx` (`id_codEMI`),
  KEY `FK_grd_x_rev_id_tipo_idx` (`id_tipo`),
  CONSTRAINT `FK_grd_grd_x_id_grd` FOREIGN KEY (`id_grd`) REFERENCES `gdoks_grds` (`id`) ON DELETE CASCADE ON UPDATE CASCADE,
  CONSTRAINT `FK_grd_revisoes_x_id_revisoes` FOREIGN KEY (`id_revisao`) REFERENCES `gdoks_revisoes` (`id`) ON DELETE CASCADE ON UPDATE CASCADE,
  CONSTRAINT `FK_grd_x_rev_id_codEMI` FOREIGN KEY (`id_codEMI`) REFERENCES `gdoks_codigos_emi` (`id`) ON DELETE NO ACTION ON UPDATE NO ACTION,
  CONSTRAINT `FK_grd_x_rev_id_tipo` FOREIGN KEY (`id_tipo`) REFERENCES `gdoks_tipos_de_doc` (`id`) ON DELETE NO ACTION ON UPDATE NO ACTION
) ENGINE=InnoDB DEFAULT CHARSET=utf8;
/*!40101 SET character_set_client = @saved_cs_client */;

--
-- Dumping data for table `gdoks_grds_x_revisoes`
--

LOCK TABLES `gdoks_grds_x_revisoes` WRITE;
/*!40000 ALTER TABLE `gdoks_grds_x_revisoes` DISABLE KEYS */;
INSERT INTO `gdoks_grds_x_revisoes` VALUES (1,648,2,1,1,1),(2,674,2,1,1,1),(3,718,2,1,1,1),(3,719,2,1,1,1),(3,720,2,1,1,1),(3,721,2,1,1,1),(3,722,2,1,1,1),(3,723,2,1,1,1),(3,724,2,1,1,1),(3,725,2,1,1,1),(4,748,2,1,1,1),(7,748,2,1,1,1),(4,751,2,1,1,1),(7,751,2,1,1,1),(5,752,2,1,1,1),(7,752,2,1,1,1),(5,753,2,1,1,1),(7,753,2,1,1,1),(5,754,2,1,1,1),(7,754,2,1,1,1),(5,755,2,1,1,1),(5,756,2,1,1,1),(5,757,2,1,1,1),(5,758,2,1,1,1),(5,759,2,1,1,1),(5,760,2,1,1,1),(5,761,2,1,1,1),(5,762,2,1,1,1),(5,763,2,1,1,1),(6,767,2,1,1,1),(8,770,2,1,1,1),(9,770,2,1,1,1),(8,771,2,1,1,1),(9,771,2,1,1,1),(8,772,2,1,1,1),(9,772,2,1,1,1),(8,773,2,1,1,1),(9,773,2,1,1,1),(8,774,2,1,1,1),(9,774,2,1,1,1),(8,775,2,1,1,1),(9,775,2,1,1,1),(8,776,2,1,1,1),(9,776,2,1,1,1),(8,777,2,1,1,1),(9,777,2,1,1,1),(8,778,2,1,1,1),(9,778,2,1,1,1);
/*!40000 ALTER TABLE `gdoks_grds_x_revisoes` ENABLE KEYS */;
UNLOCK TABLES;

--
-- Table structure for table `gdoks_hhemdocs`
--

DROP TABLE IF EXISTS `gdoks_hhemdocs`;
/*!40101 SET @saved_cs_client     = @@character_set_client */;
/*!40101 SET character_set_client = utf8 */;
CREATE TABLE `gdoks_hhemdocs` (
  `id` int(11) NOT NULL AUTO_INCREMENT,
  `id_doc` int(11) DEFAULT NULL,
  `id_cargo` int(11) DEFAULT NULL,
  `hh` int(11) DEFAULT NULL,
  PRIMARY KEY (`id`),
  UNIQUE KEY `uq_doc_x_cargo` (`id_doc`,`id_cargo`),
  KEY `fk_id_cargo_x_cargos_idx` (`id_cargo`),
  KEY `fk_id_documento_x_documentos_idx` (`id_doc`),
  CONSTRAINT `fk_hhemdocs_x_documentos` FOREIGN KEY (`id_doc`) REFERENCES `gdoks_documentos` (`id`) ON DELETE CASCADE ON UPDATE CASCADE,
  CONSTRAINT `fk_id_cargo_x_cargos` FOREIGN KEY (`id_cargo`) REFERENCES `gdoks_cargos` (`id`) ON DELETE CASCADE ON UPDATE CASCADE
) ENGINE=InnoDB AUTO_INCREMENT=2 DEFAULT CHARSET=utf8;
/*!40101 SET character_set_client = @saved_cs_client */;

--
-- Dumping data for table `gdoks_hhemdocs`
--

LOCK TABLES `gdoks_hhemdocs` WRITE;
/*!40000 ALTER TABLE `gdoks_hhemdocs` DISABLE KEYS */;
INSERT INTO `gdoks_hhemdocs` VALUES (1,768,3,6);
/*!40000 ALTER TABLE `gdoks_hhemdocs` ENABLE KEYS */;
UNLOCK TABLES;

--
-- Table structure for table `gdoks_log`
--

DROP TABLE IF EXISTS `gdoks_log`;
/*!40101 SET @saved_cs_client     = @@character_set_client */;
/*!40101 SET character_set_client = utf8 */;
CREATE TABLE `gdoks_log` (
  `id` int(11) NOT NULL AUTO_INCREMENT,
  `id_usuario` int(11) NOT NULL,
  `id_acao` int(11) NOT NULL,
  `parametros` varchar(256) DEFAULT NULL,
  `data` datetime NOT NULL,
  PRIMARY KEY (`id`),
  KEY `FK_id_usuario_idx` (`id_usuario`),
  KEY `FK_id_acao_idx` (`id_acao`),
  CONSTRAINT `FK_id_acao` FOREIGN KEY (`id_acao`) REFERENCES `gdoks_acoes` (`id`) ON DELETE NO ACTION ON UPDATE NO ACTION,
  CONSTRAINT `FK_id_usuario` FOREIGN KEY (`id_usuario`) REFERENCES `gdoks_usuarios` (`id`) ON DELETE CASCADE ON UPDATE CASCADE
) ENGINE=InnoDB AUTO_INCREMENT=1047 DEFAULT CHARSET=utf8;
/*!40101 SET character_set_client = @saved_cs_client */;

--
-- Dumping data for table `gdoks_log`
--

LOCK TABLES `gdoks_log` WRITE;
/*!40000 ALTER TABLE `gdoks_log` DISABLE KEYS */;
INSERT INTO `gdoks_log` VALUES (1,1,1,NULL,'2017-06-25 01:33:17'),(2,1,1,NULL,'2017-06-25 08:50:04'),(3,1,1,NULL,'2017-06-25 09:19:48'),(4,1,1,NULL,'2017-06-25 09:25:54'),(5,1,1,NULL,'2017-06-25 09:34:44'),(6,1,1,NULL,'2017-06-25 09:39:00'),(7,1,1,NULL,'2017-06-25 09:43:28'),(8,1,1,NULL,'2017-06-25 11:56:43'),(9,1,1,NULL,'2017-06-25 14:26:28'),(10,1,1,NULL,'2017-06-25 17:35:02'),(11,1,37,'2,[8|1]','2017-06-25 17:36:53'),(12,1,37,'15,[7|10|9|3|1]','2017-06-25 17:37:15'),(13,1,37,'3,[9|4|1]','2017-06-25 17:37:30'),(14,1,37,'1,[3|1]','2017-06-25 17:37:53'),(15,1,37,'4,[4|10|8|2|1]','2017-06-25 17:38:09'),(16,1,39,'292,82','2017-06-25 17:40:21'),(17,1,39,'292,83','2017-06-25 17:41:16'),(18,1,39,'292,84','2017-06-25 17:42:03'),(19,1,1,NULL,'2017-06-26 06:00:12'),(20,1,1,NULL,'2017-06-26 08:04:12'),(21,1,1,NULL,'2017-06-26 12:03:03'),(22,1,40,'55,FRY-12345.12345,20','2017-06-26 14:36:57'),(23,1,42,'55,FRY-12345.12345,20','2017-06-26 14:52:28'),(24,1,42,'55,FRY-12345.12345,35','2017-06-26 14:53:16'),(25,1,42,'55,FRY-12345.12345,35','2017-06-26 14:55:59'),(26,1,1,NULL,'2017-06-26 17:04:16'),(27,1,1,NULL,'2017-06-27 05:48:33'),(28,1,1,NULL,'2017-06-27 05:50:32'),(29,1,1,NULL,'2017-06-27 09:52:05'),(30,1,40,'56,NDR-1111-1111,10','2017-06-27 09:52:48'),(31,1,39,'208,85','2017-06-27 09:53:41'),(32,1,38,'10,[3|1]','2017-06-27 09:54:12'),(33,1,39,'68,86','2017-06-27 09:55:56'),(34,1,38,'2,[2|1]','2017-06-27 09:56:18'),(35,1,17,'0,Projeto 1,PRJ-1,5,1,2017-06-27T13:02:18.943Z,2017-08-31T03:00:00.000Z,1','2017-06-27 10:02:38'),(36,1,18,'0,Área 1,A1,61','2017-06-27 10:02:48'),(37,1,18,'0,Área 2,A2,61','2017-06-27 10:02:56'),(38,1,35,'0,A11,A11,181','2017-06-27 10:03:11'),(39,1,24,'0,Documento 1,DOC1,2017-06-21,61,47,361','2017-06-27 10:04:01'),(40,1,40,'57,NDV-0001-0001,61','2017-06-27 10:04:43'),(41,1,40,'58,NDV-0002-0001,61','2017-06-27 10:13:40'),(42,1,39,'601,87','2017-06-27 10:14:32'),(43,1,41,'58','2017-06-27 10:15:19'),(44,1,1,NULL,'2017-06-28 14:48:24'),(45,1,3,'Sérgio Moura,sergiomoura@faraday.com.br,sergio2,1','2017-06-28 15:05:19'),(46,1,3,'Sérgio Moura,sergiomoura@faraday.com.br,sergio,1','2017-06-28 15:05:25'),(47,1,1,NULL,'2017-06-28 20:22:35'),(48,1,1,NULL,'2017-06-28 21:40:25'),(49,1,1,NULL,'2017-06-28 23:40:29'),(50,1,1,NULL,'2017-06-28 23:40:49'),(51,1,1,NULL,'2017-06-28 23:55:18'),(52,1,1,NULL,'2017-06-28 23:56:01'),(53,1,1,NULL,'2017-06-29 00:38:31'),(54,1,1,NULL,'2017-06-29 00:39:37'),(55,1,1,NULL,'2017-06-29 00:41:02'),(56,1,1,NULL,'2017-06-29 02:11:07'),(57,1,1,NULL,'2017-06-29 02:11:39'),(58,1,1,NULL,'2017-06-29 02:12:30'),(59,1,1,NULL,'2017-06-29 02:41:08'),(60,1,1,NULL,'2017-06-29 02:43:25'),(61,1,1,NULL,'2017-06-29 02:45:17'),(62,1,1,NULL,'2017-06-29 02:46:12'),(63,1,1,NULL,'2017-06-29 06:40:15'),(64,1,1,NULL,'2017-06-29 06:45:15'),(65,1,1,NULL,'2017-06-29 09:08:57'),(66,1,1,NULL,'2017-06-29 09:14:38'),(67,1,1,NULL,'2017-06-29 09:29:05'),(68,1,1,NULL,'2017-06-29 10:23:37'),(69,1,1,NULL,'2017-06-29 10:29:29'),(70,1,1,NULL,'2017-06-29 10:29:36'),(71,1,1,NULL,'2017-06-29 10:31:29'),(72,1,1,NULL,'2017-06-29 10:45:45'),(73,1,1,NULL,'2017-06-29 11:57:15'),(74,1,1,NULL,'2017-06-29 11:57:28'),(75,1,1,NULL,'2017-06-29 12:08:40'),(76,1,1,NULL,'2017-06-29 12:08:51'),(77,1,1,NULL,'2017-06-29 13:10:19'),(78,1,1,NULL,'2017-06-29 13:33:21'),(79,1,1,NULL,'2017-06-29 13:33:26'),(80,1,1,NULL,'2017-06-29 13:45:38'),(81,1,1,NULL,'2017-06-29 14:19:41'),(82,1,1,NULL,'2017-06-29 15:21:13'),(83,1,1,NULL,'2017-06-29 15:36:55'),(84,1,1,NULL,'2017-06-29 15:40:03'),(85,1,1,NULL,'2017-06-29 15:44:09'),(86,1,1,NULL,'2017-06-29 15:44:15'),(87,1,1,NULL,'2017-06-29 15:44:32'),(88,1,1,NULL,'2017-06-29 15:53:29'),(89,1,1,NULL,'2017-06-29 15:53:35'),(90,1,1,NULL,'2017-06-29 15:59:37'),(91,1,1,NULL,'2017-06-29 16:15:38'),(92,1,1,NULL,'2017-06-29 16:15:42'),(93,1,1,NULL,'2017-06-29 16:15:47'),(94,1,1,NULL,'2017-06-29 16:16:14'),(95,1,1,NULL,'2017-06-29 16:19:04'),(96,1,1,NULL,'2017-06-29 16:28:33'),(97,1,1,NULL,'2017-06-29 16:28:50'),(98,1,1,NULL,'2017-06-29 16:29:24'),(99,1,1,NULL,'2017-06-29 16:45:47'),(100,1,1,NULL,'2017-06-29 19:09:40'),(101,1,1,NULL,'2017-06-29 19:40:32'),(102,1,1,NULL,'2017-06-29 19:41:45'),(103,1,1,NULL,'2017-06-29 19:41:49'),(104,1,1,NULL,'2017-06-29 19:50:47'),(105,1,1,NULL,'2017-06-29 19:57:30'),(106,1,1,NULL,'2017-06-29 19:58:07'),(107,1,1,NULL,'2017-06-30 03:45:48'),(108,1,1,NULL,'2017-06-30 04:07:10'),(109,1,1,NULL,'2017-06-30 04:08:57'),(110,1,1,NULL,'2017-06-30 04:09:26'),(111,1,1,NULL,'2017-06-30 04:14:15'),(112,1,1,NULL,'2017-06-30 04:14:20'),(113,1,1,NULL,'2017-06-30 04:29:18'),(114,1,1,NULL,'2017-06-30 04:33:37'),(115,1,1,NULL,'2017-06-30 09:29:28'),(116,1,1,NULL,'2017-06-30 08:47:43'),(117,1,1,NULL,'2017-06-30 09:04:14'),(118,1,1,NULL,'2017-06-30 09:11:26'),(119,1,1,NULL,'2017-06-30 09:12:55'),(120,1,4,'Teste Oitenta e Oito da Silva,teste88@teste.com,teste88,1','2017-06-30 09:30:07'),(121,1,3,'Teste Oito da Silva,teste8@teste.com,teste8,1','2017-06-30 09:30:38'),(122,1,4,'Teste 9,teste9@teste.com,teste9,1','2017-06-30 09:31:23'),(123,1,1,NULL,'2017-06-30 09:37:51'),(124,1,4,'Teste 10,teste10@teste.com,teste10,1','2017-06-30 09:38:24'),(125,1,1,NULL,'2017-06-30 09:39:03'),(126,1,4,'Teste 11,teste11@teste.com,teste11,1','2017-06-30 09:40:20'),(127,1,1,NULL,'2017-06-30 10:15:28'),(128,1,4,'Teste 12,teste12@teste.com,teste12,1','2017-06-30 10:16:07'),(129,17,1,NULL,'2017-06-30 10:16:28'),(130,1,1,NULL,'2017-06-30 10:16:53'),(131,1,17,'0,Projeto 2,PRJ-2,1,2,2017-06-30T03:00:00.000Z,2017-08-31T03:00:00.000Z,1','2017-06-30 10:18:05'),(132,1,18,'0,Área 1,A1,62','2017-06-30 10:18:37'),(133,1,18,'0,Área 2,A2,62','2017-06-30 10:18:47'),(134,1,35,'0,Sub 1.1,S1.1,183','2017-06-30 10:19:09'),(135,1,35,'0,Sub 1.2,S1.2,184','2017-06-30 10:19:40'),(136,1,35,'0,Sub 2.1,S2.1,184','2017-06-30 10:20:02'),(137,1,35,'0,Sub 2.2,S2.2,184','2017-06-30 10:20:36'),(138,1,21,'dao 5,large-1102328-1.jpg,image/jpeg,75792,301','2017-06-30 10:25:03'),(139,1,21,'dao 4,doc.pdf,application/pdf,1352,302','2017-06-30 10:25:03'),(140,1,21,'dao 3,1215471604fESdi9X.jpg,image/jpeg,181485,303','2017-06-30 10:25:03'),(141,1,21,'dao 2,1214751884LpWxall.jpg,image/jpeg,76772,304','2017-06-30 10:25:03'),(142,1,21,'dao 1,1214625936yZynHVd.jpg,image/jpeg,143196,305','2017-06-30 10:25:03'),(143,1,34,'363,Sub 1.2,S1.2,183','2017-06-30 10:27:31'),(144,1,24,'0,PRJ2-Doc1,PRJ2-DOC1-0001,2017-07-14,62,27,363','2017-06-30 10:29:15'),(145,1,24,'0,Prj2-DOC2,proj3-DOC2-0001,2017-07-28,62,11,365','2017-06-30 10:52:28'),(146,1,39,'602,88','2017-06-30 10:56:27'),(147,1,38,'3,[9|3|1]','2017-06-30 11:01:11'),(148,1,40,'59,FRY-00001-00001,62','2017-06-30 11:02:35'),(149,1,41,'59','2017-06-30 11:03:11'),(150,1,39,'603,89','2017-06-30 11:11:19'),(151,1,1,NULL,'2017-06-30 18:35:38'),(152,1,17,'0,Projeto 3,PRJ-001,1,3,2017-06-30T22:36:48.343Z,2017-09-01T03:00:00.000Z,1','2017-06-30 18:37:41'),(153,1,24,'0,Planta SPDA,E11,2017-06-30,62,54,362','2017-06-30 18:43:33'),(154,1,39,'604,90','2017-06-30 18:50:57'),(155,1,38,'4,[3|9|4]','2017-06-30 18:51:49'),(156,1,38,'4,[3|9|4|1]','2017-06-30 18:52:18'),(157,1,23,'604,Planta SPDA,FRY-1704.00-E11-004,1,604,75,2017-06-30,90,62,54,362','2017-06-30 19:00:12'),(158,1,39,'604,91','2017-06-30 19:19:54'),(159,1,40,'60,FRY-1704-GRD-001,62','2017-06-30 19:21:53'),(160,1,41,'60','2017-06-30 19:26:20'),(161,1,41,'60','2017-06-30 19:26:39'),(162,1,1,NULL,'2017-07-01 09:50:00'),(163,1,17,'0,Projeto 5,PRJ-5,1,2,2017-07-01T13:50:25.040Z,2017-08-31T03:00:00.000Z,1','2017-07-01 09:51:41'),(164,1,18,'0,1000,1000,64','2017-07-01 09:52:26'),(165,1,35,'0,1001,1001,185','2017-07-01 09:52:44'),(166,1,18,'0,2000,2000,64','2017-07-01 09:53:06'),(167,1,18,'0,3000,3000,64','2017-07-01 09:53:16'),(168,1,35,'0,2001,2001,186','2017-07-01 09:53:37'),(169,1,35,'0,3001,3001,187','2017-07-01 09:54:04'),(170,1,21,'Dao 3,plot.log,application/octet-stream,640,306','2017-07-01 10:00:35'),(171,1,21,'Dao 2,nfse-1000814-0-201706031111559475980.pdf,application/pdf,48128,307','2017-07-01 10:00:35'),(172,1,21,'Dao 1,guia19465-20170603111233.pdf,application/pdf,106163,308','2017-07-01 10:00:35'),(173,1,24,'0,Planta de Iluminação dos Vasos,DOC1-0001,2017-07-03,64,52,367','2017-07-01 10:06:11'),(174,1,24,'0,Planta do Cacete Armado de Tony,TONY-1000,2017-07-27,64,44,366','2017-07-01 10:08:29'),(175,1,39,'605,92','2017-07-01 10:28:23'),(176,1,40,'61,gasdafs,64','2017-07-01 10:38:33'),(177,1,39,'605,93','2017-07-01 10:55:15'),(178,1,40,'62,234234234,64','2017-07-01 10:55:55'),(179,1,41,'62','2017-07-01 10:56:08'),(180,1,40,'63,sfsfdsdffds,64','2017-07-01 11:12:49'),(181,1,1,NULL,'2017-07-05 10:13:15'),(182,1,44,'62','2017-07-05 10:17:53'),(183,1,44,'62','2017-07-05 10:18:59'),(184,1,1,NULL,'2017-07-05 13:07:58'),(185,1,44,'60','2017-07-05 14:15:59'),(186,1,44,'60','2017-07-05 14:32:11'),(187,1,44,'60','2017-07-05 14:36:35'),(188,1,45,'60','2017-07-05 15:05:07'),(189,1,45,'60,[smouracalmon@gmail.com,mariri@gmail.com]','2017-07-05 15:08:41'),(190,1,45,'60','2017-07-05 16:07:21'),(191,1,1,NULL,'2017-07-06 09:28:35'),(192,1,44,'60','2017-07-06 09:34:27'),(193,1,1,NULL,'2017-07-06 10:07:29'),(194,1,17,'0,Projeto 100,PRJ100,3,1,2017-06-30T03:00:00.000Z,2017-07-06T14:13:40.551Z,1','2017-07-06 10:14:15'),(195,1,18,'0,Área 1,A1,65','2017-07-06 10:14:27'),(196,1,35,'0,Subárea 1,S1,188','2017-07-06 10:14:46'),(197,1,24,'0,Documento XXX,DOC 111,DOC 111,,2017-07-11,65,45,369','2017-07-06 10:16:03'),(198,1,39,'607,94','2017-07-06 10:16:40'),(199,1,40,'64,88888888,65','2017-07-06 10:18:06'),(200,1,41,'64','2017-07-06 10:18:17'),(201,1,1,NULL,'2017-07-06 23:30:17'),(202,1,1,NULL,'2017-07-06 23:51:16'),(203,1,1,NULL,'2017-07-06 23:52:48'),(204,1,1,NULL,'2017-07-06 23:53:41'),(205,1,1,NULL,'2017-07-06 23:56:43'),(206,1,1,NULL,'2017-07-07 00:29:49'),(207,1,1,NULL,'2017-07-07 00:36:52'),(208,1,45,'60','2017-07-07 01:16:29'),(209,1,45,'60','2017-07-07 01:25:35'),(210,1,45,'60','2017-07-07 07:21:53'),(211,1,45,'60','2017-07-07 08:27:03'),(212,1,1,NULL,'2017-07-07 10:46:39'),(213,1,32,'5,Teste,50','2017-07-07 10:47:59'),(214,1,33,'5','2017-07-07 10:48:12'),(215,1,1,NULL,'2017-07-08 08:43:12'),(216,1,1,NULL,'2017-07-08 16:03:09'),(217,2,1,NULL,'2017-07-08 22:04:09'),(218,1,1,NULL,'2017-07-09 15:19:15'),(219,1,1,NULL,'2017-07-09 16:22:09'),(220,1,14,'3,Anderson Documentos LTDA,Anderson Docs','2017-07-09 16:31:59'),(221,1,17,'0,Mina de Andalucia,MANDALuz,3,1,2017-06-01T03:00:00.000Z,2017-08-31T03:00:00.000Z,1','2017-07-09 16:38:15'),(222,1,18,'0,Andalucia A,AA,66','2017-07-09 16:38:59'),(223,1,18,'0,Andalucia B,AB,66','2017-07-09 16:39:10'),(224,1,35,'0,Andalucia A1,AA1,189','2017-07-09 16:39:53'),(225,1,35,'0,Andalucia A2,AA2,189','2017-07-09 16:40:32'),(226,1,35,'0,Andalucia B1,B1,190','2017-07-09 16:41:13'),(227,1,35,'0,Andalucia B2,B2,190','2017-07-09 16:41:57'),(228,1,34,'371,Andalucia A2,A2,189','2017-07-09 16:42:06'),(229,1,34,'370,Andalucia A1,A1,189','2017-07-09 16:42:15'),(230,1,19,'189,Andalucia A,Anda-A,66','2017-07-09 16:44:32'),(231,1,19,'190,Andalucia B,Anda-B,66','2017-07-09 16:44:48'),(232,1,24,'0,Planta SPDA 1,FRY-SPDA-0001-2017,SPDA-0001,,2017-08-01,66,54,370','2017-07-09 16:46:58'),(233,1,24,'0,Diagrama Unif,FRY-DUNIF-0001,ANDS-0001,,2017-08-01,66,48,372','2017-07-09 16:50:53'),(234,1,24,'0,Diag. Trif. Funcional,FRY-TRIFUN-0001,TRIFUN-2017-0001,,2017-08-01,66,49,370','2017-07-09 16:54:44'),(235,1,24,'0,Diagrama de Blocos,FRY-DIAGBLOC-2017-0001,FRY-DIAGBLOC-2017-0001,,2017-08-01,66,111,370','2017-07-09 16:58:31'),(236,1,39,'610,95','2017-07-09 17:03:22'),(237,1,39,'608,96','2017-07-09 17:05:11'),(238,1,39,'609,97','2017-07-09 17:06:44'),(239,1,39,'611,98','2017-07-09 17:08:09'),(240,1,38,'5,[1]','2017-07-09 17:08:40'),(241,1,23,'611,Diagrama de Interligação,FRY-DIAG-2017-0001,FRY-DIAG-2017-0001,,1,611,50,2017-08-01,98,66,50,370','2017-07-09 17:12:07'),(242,1,39,'611,99','2017-07-09 17:13:11'),(243,1,40,'65,GRD-0001-2017,66','2017-07-09 17:19:40'),(244,1,41,'65','2017-07-09 17:19:54'),(245,1,41,'65','2017-07-09 17:20:09'),(246,1,14,'3,Anderson Documentos LTDA,Anderson Docs','2017-07-09 17:21:27'),(247,1,40,'66,GRD-2017-0001,66','2017-07-09 17:22:04'),(248,1,41,'66','2017-07-09 17:22:13'),(249,1,41,'66','2017-07-09 17:22:31'),(250,1,1,NULL,'2017-07-09 17:23:07'),(251,1,40,'67,GRD-2017-000002,66','2017-07-09 17:23:44'),(252,1,41,'67','2017-07-09 17:24:22'),(253,1,1,NULL,'2017-07-09 17:29:32'),(254,1,1,NULL,'2017-07-09 17:33:37'),(255,1,1,NULL,'2017-07-09 17:37:36'),(256,1,21,'DAO 1,CURSO DE MARKETING E VENDA DE LIVROS.docx,application/vnd.openxmlformats-officedocument,152377','2017-07-09 17:38:17'),(257,1,24,'0,Diagrama Unifilar 01,FRY-DIAGUNIF-0001,CLI-0001,,2017-08-31,66,48,371','2017-07-09 17:39:40'),(258,1,39,'612,100','2017-07-09 17:40:33'),(259,1,1,NULL,'2017-07-09 17:44:21'),(260,1,22,'309,DAO 1,15962a2496b192','2017-07-09 17:44:48'),(261,1,21,'DAO1,ANUNCIO PREÇO LIVROS CLE.docx,application/vnd.openxmlformats-officedocument,12941,310','2017-07-09 17:45:00'),(262,1,1,NULL,'2017-07-09 17:47:13'),(263,1,24,'0,Diagrama De Interligação B1,FRY-DIAGINTER-2017-0001,CLI-0001,,2017-08-01,66,50,372','2017-07-09 17:49:01'),(264,1,39,'613,101','2017-07-09 17:50:05'),(265,1,40,'71,GRD-2017-0005,66','2017-07-09 17:50:51'),(266,1,41,'71','2017-07-09 17:51:25'),(267,1,1,NULL,'2017-07-12 12:40:02'),(268,1,1,NULL,'2017-07-14 09:57:07'),(269,1,44,'60','2017-07-14 09:57:53'),(270,1,45,'60','2017-07-14 10:03:43'),(271,1,44,'60','2017-07-14 10:13:28'),(272,1,1,NULL,'2017-07-14 20:04:52'),(273,1,44,'60','2017-07-14 20:06:05'),(274,1,45,'60','2017-07-14 20:18:18'),(275,1,45,'60','2017-07-14 20:24:41'),(276,1,44,'60','2017-07-14 20:25:54'),(277,1,14,'1,Runolfsdottir and Sons,Runolfsdottir and Sons','2017-07-14 20:27:50'),(278,1,1,NULL,'2017-07-14 20:28:21'),(279,1,1,NULL,'2017-07-14 21:21:59'),(280,1,1,NULL,'2017-07-14 23:13:23'),(281,1,1,NULL,'2017-07-14 23:19:20'),(282,1,14,'1,Runolfsdottir and Sons,Runolfsdottir and Sons','2017-07-14 23:52:01'),(283,1,1,NULL,'2017-07-14 23:52:30'),(284,1,45,'60','2017-07-14 23:53:59'),(285,1,1,NULL,'2017-07-15 06:39:07'),(286,1,40,'72,GRD-2017-000041,65','2017-07-15 06:52:57'),(287,1,44,'72','2017-07-15 06:54:13'),(288,1,45,'72','2017-07-15 06:56:34'),(289,1,14,'3,Anderson Documentos LTDA,Anderson Docs','2017-07-15 06:59:07'),(290,1,1,NULL,'2017-07-15 07:00:14'),(291,1,1,NULL,'2017-07-15 07:01:45'),(292,1,1,NULL,'2017-07-15 07:01:51'),(293,1,1,NULL,'2017-07-15 07:02:30'),(294,1,1,NULL,'2017-07-15 07:03:33'),(295,1,1,NULL,'2017-07-15 07:16:31'),(296,1,43,'72','2017-07-15 07:52:57'),(297,1,40,'73,GRD-2017-000042,66','2017-07-15 08:04:33'),(298,1,43,'73','2017-07-15 08:05:11'),(299,1,40,'74,GRD-2017-000043,66','2017-07-15 08:52:12'),(300,1,43,'74','2017-07-15 08:53:41'),(301,1,1,NULL,'2017-07-15 09:07:17'),(302,1,1,NULL,'2017-07-18 10:38:57'),(303,1,1,NULL,'2017-07-22 21:10:29'),(304,1,39,'559,102','2017-07-22 21:15:31'),(305,1,40,'75,GRD-2017-000044,54','2017-07-22 21:25:37'),(306,1,44,'75','2017-07-22 21:29:58'),(307,1,1,NULL,'2017-07-23 08:31:15'),(308,1,1,NULL,'2017-07-25 07:14:45'),(309,1,1,NULL,'2017-07-26 09:11:00'),(310,1,15,'16,Antoni','2017-07-26 09:17:55'),(311,1,17,'0,projeto eletrico,200.155.98,16,3,2017-07-26T13:18:40.729Z,2017-07-26T03:00:00.000Z,1','2017-07-26 09:20:31'),(312,1,18,'0,1000,1001,67','2017-07-26 09:21:43'),(313,1,18,'0,patio1,1000,67','2017-07-26 09:22:35'),(314,1,20,'191,1000,1001,67','2017-07-26 09:22:43'),(315,1,18,'0,patio2,2000,67','2017-07-26 09:24:13'),(316,1,35,'0,-,1001,192','2017-07-26 09:29:20'),(317,1,21,'BBB-001-2017,Desert.jpg,image/jpeg,845941,311','2017-07-26 09:33:25'),(318,1,21,'ATA-001-2017,Chrysanthemum.jpg,image/jpeg,879394,312','2017-07-26 09:33:25'),(319,1,21,'ACA-001-2017,Tulips.jpg,image/jpeg,620888,313','2017-07-26 09:34:23'),(320,1,24,'0,PROCEDIMENTO,FRY-1705.00-E18-001,PR-3100.00-1000-300-FRY-001,JPW-1705.00-E18-050,2017-08-26,67,46,','2017-07-26 09:49:55'),(321,1,39,'614,103','2017-07-26 09:53:37'),(322,1,14,'16,Anthony,Anthony Engenharia','2017-07-26 10:16:08'),(323,1,40,'76,GRD-2017-000045,67','2017-07-26 10:19:48'),(324,1,45,'76','2017-07-26 10:37:47'),(325,1,4,'Ricardo,ricardo.luis@faraday.com.br,ricardo,1','2017-07-26 10:55:04'),(326,1,1,NULL,'2017-07-28 06:53:53'),(327,1,1,NULL,'2017-08-01 07:12:41'),(328,1,3,'Ricardo,ricardo.luis@faraday.com.br,ricardo,1','2017-08-01 07:58:11'),(329,1,1,NULL,'2017-08-01 08:20:09'),(330,1,3,'Anthony Valério,anthony@faraday.com.br,tony,1','2017-08-01 08:25:47'),(331,1,37,'2,[1|2]','2017-08-01 08:26:55'),(332,1,38,'4,[3|1|2]','2017-08-01 08:27:21'),(333,1,1,NULL,'2017-08-01 21:20:35'),(334,1,1,NULL,'2017-08-03 02:22:14'),(335,2,1,NULL,'2017-08-07 16:08:38'),(336,18,1,NULL,'2017-08-07 19:49:26'),(337,2,1,NULL,'2017-08-07 19:49:45'),(338,1,1,NULL,'2017-08-07 19:55:05'),(339,1,1,NULL,'2017-08-14 09:43:21'),(340,1,15,'17,Cliente Teste 1','2017-08-14 09:44:22'),(341,2,1,NULL,'2017-08-14 09:45:14'),(342,1,1,NULL,'2017-08-14 13:27:14'),(343,1,1,NULL,'2017-08-16 15:13:55'),(344,1,1,NULL,'2017-08-22 14:31:48'),(345,1,1,NULL,'2017-08-22 15:21:54'),(346,1,4,'Geórgia Pimenta,georgia.pimenta@faraday.com.br,georgia,1','2017-08-22 15:23:54'),(347,1,14,'17,Jacobs Douwe Egberts BR,JDE','2017-08-22 15:40:35'),(348,1,17,'0,LAUDO E PROJETO DE SPDA E ATERRAMENTO,1704,17,2,2017-06-01T03:00:00.000Z,2017-07-11T03:00:00.000Z,','2017-08-22 15:48:53'),(349,1,18,'0,Área unica,1704.00,68','2017-08-22 15:58:37'),(350,1,35,'0,,1704.01,194','2017-08-22 16:00:29'),(351,1,19,'194,Área unica,1704,68','2017-08-22 16:07:39'),(352,1,34,'375,,1704.00,194','2017-08-22 16:07:54'),(353,1,19,'194,Geral,1704.00,68','2017-08-22 16:17:51'),(354,1,1,NULL,'2017-08-23 06:14:42'),(355,1,2,NULL,'2017-08-23 06:15:03'),(356,19,1,NULL,'2017-08-23 12:59:26'),(357,19,1,NULL,'2017-08-23 13:39:52'),(358,19,15,'18,ITF CHEMICAL','2017-08-23 14:15:31'),(359,19,24,'0,Detalhes de Instalação,FRY-1704.00-E08-00,,,2017-07-11,68,51,375','2017-08-23 14:24:54'),(360,19,37,'4,[2|1|19]','2017-08-23 14:29:07'),(361,19,38,'4,[3|1|2|19]','2017-08-23 14:29:30'),(362,1,1,NULL,'2017-08-23 14:37:14'),(363,19,7,'Memoria de cálculo (Cabos, Aterramentos, CC, SPDA, etc.),E25,1','2017-08-23 14:42:02'),(364,19,24,'0,Memoria de Calculo- SPDA Galpão Existente,FRY-1704.00-E25-001,,,2017-07-11,68,68,375','2017-08-23 14:46:11'),(365,19,24,'0,Memoria de Cálculo- SPDA Portaria,FRY-1704.00-E25-002,,,2017-07-11,68,68,375','2017-08-23 14:49:20'),(366,19,24,'0,Memoria de Cálculo- SPDA Green Coffee,FRY-1704.00-E25-003,,,2017-07-11,68,68,375','2017-08-23 14:51:30'),(367,19,24,'0,Memoria de Cálculo - SPDA Galpão de Resíduos,FRY-1704.00-E25-004,,,2017-07-11,68,68,375','2017-08-23 14:54:35'),(368,19,24,'0,Memoria de Cálculo - SPDA Produtos Inflamáveis,FRY-1704.00-E25-005,,,2017-07-11,68,68,375','2017-08-23 14:59:39'),(369,19,24,'0,Memoria de Cálculo - SPDA Casa de Bombas,FRY-1704.00-E25-006,,,2017-07-11,68,68,375','2017-08-23 15:02:11'),(370,19,24,'0,Memoria de Cálculo - Aterramento,FRY-1704.00-E25-007,,,2017-07-11,68,68,375','2017-08-23 15:06:02'),(371,19,1,NULL,'2017-08-23 15:10:10'),(372,19,1,NULL,'2017-08-23 15:21:57'),(373,19,1,NULL,'2017-08-23 15:26:31'),(374,19,1,NULL,'2017-08-23 15:27:48'),(375,19,1,NULL,'2017-08-23 15:29:21'),(376,19,23,'618,Memoria de Cálculo - SPDA Green Coffee,FRY-1704.00-E25-003,,,1,618,,0,2017-07-11,,68,68,375','2017-08-23 15:30:14'),(377,19,1,NULL,'2017-08-23 15:33:11'),(378,19,24,'0,Memorial Descritivo,FRY-1704.00-E20-001,,,2017-07-11,68,63,375','2017-08-23 15:55:46'),(379,19,24,'0,Plantas de SPDA e Aterramento,FRY-1704.00-E11-001,,,2017-07-11,68,54,375','2017-08-23 15:59:41'),(380,19,24,'0,Plantas de SPDA e Aterramento,FRY-1704.00-E11-002,,,2017-07-11,68,54,375','2017-08-23 16:01:28'),(381,19,25,'625,Plantas de SPDA e Aterramento,375,54','2017-08-23 16:04:26'),(382,19,24,'0,Plantas de SPDA e Aterramento ,FRY-1704.00-E11-002_FL2,,,2017-07-11,68,54,375','2017-08-23 16:06:30'),(383,19,24,'0,Plantas de SPDA e Aterramento,FRY-1704.00-E11-002=0_FL1,,,2017-07-11,68,54,375','2017-08-23 16:08:53'),(384,19,24,'0,Plantas de SPDA e Aterramento,FRY-1704.00-E11-002=0_FL2,,,2017-07-11,68,54,375','2017-08-23 16:09:58'),(385,19,24,'0,Plantas de SPDA e Aterramento,FRY-1704.00-E11-003=0,,,2017-07-11,68,54,375','2017-08-23 16:11:14'),(386,19,24,'0,Plantas de SPDA e Aterramento,FRY-1704.00-E11-004=0,,,2017-07-11,68,54,375','2017-08-23 16:12:35'),(387,19,24,'0,Relatorio de Inspeção - SPDA e Aterramento,FRY-1704.00-E18-001,,,2017-07-11,68,61,375','2017-08-23 16:19:42'),(388,19,24,'0,Plantas de SPDA e Aterramento DWG,FRY-1704.00-E11-001,,,2017-07-11,68,54,375','2017-08-23 16:29:22'),(389,19,24,'0,Plantas de SPDA e Aterramento DWG,FRY-1704.00-E11-002_FL1,,,2017-07-11,68,54,375','2017-08-23 16:31:06'),(390,19,25,'633,Plantas de SPDA e Aterramento DWG,375,54','2017-08-23 16:33:42'),(391,19,25,'632,Plantas de SPDA e Aterramento DWG,375,54','2017-08-23 16:33:55'),(392,1,1,NULL,'2017-08-24 09:36:14'),(393,19,1,NULL,'2017-08-24 13:12:14'),(394,19,23,'626,Plantas de SPDA e Aterramento ,FRY-1704.00-E1102,,,1,626,,0,2017-07-11,,68,54,375','2017-08-24 13:16:51'),(395,19,23,'626,Plantas de SPDA e Aterramento ,FRY-1704.00-E11-002,,,1,626,,0,2017-07-11,,68,54,375','2017-08-24 13:17:16'),(396,19,25,'627,Plantas de SPDA e Aterramento,375,54','2017-08-24 13:17:31'),(397,19,25,'628,Plantas de SPDA e Aterramento,375,54','2017-08-24 13:17:44'),(398,19,23,'629,Plantas de SPDA e Aterramento,FRY-1704.00-E11-003,,,1,629,,0,2017-07-11,,68,54,375','2017-08-24 13:18:07'),(399,19,23,'630,Plantas de SPDA e Aterramento,FRY-1704.00-E11-004,,,1,630,,0,2017-07-11,,68,54,375','2017-08-24 13:18:25'),(400,19,24,'0,MARCA JDE - GREEN COFFEE,03,,,2017-07-11,68,54,375','2017-08-24 13:22:53'),(401,19,24,'0,MARCA JDE - GREEN COFFEE,04,,,2017-07-11,68,54,375','2017-08-24 13:24:37'),(402,19,24,'0,MARCA JDE - GREEN COFFEE,SPDA 00407-DE-ELE-001-R1 ,,,2017-07-11,68,54,375','2017-08-24 13:30:00'),(403,19,24,'0,PRODUTOS INFLAMÁVEIS,CAFEPILAO_EXE_EL01_REV01,,,2017-07-11,68,54,375','2017-08-24 13:36:37'),(404,19,24,'0,Instalações elétricas - Aterramento,E1315,,,2017-07-11,68,54,375','2017-08-24 13:40:16'),(405,19,17,'0,AS BUILT DOS DIAGRAMAS UNIFILARES,1703,18,2,2017-04-01T03:00:00.000Z,2017-05-08T03:00:00.000Z,1','2017-08-24 13:47:48'),(406,19,18,'0,Geral,1703.00,69','2017-08-24 13:48:47'),(407,19,35,'0,Geral,1703.00,195','2017-08-24 13:49:10'),(408,19,24,'0,CCM-1,0200-E060-A1-02145-REV.5 ,,,2017-05-08,69,48,376','2017-08-24 13:51:41'),(409,19,24,'0,CCM-2,1000-E060-A1-02138-REV.,,,2017-05-08,69,48,376','2017-08-24 13:53:11'),(410,19,24,'0,CCM 5,IT104-DE-3000-70-005-REV.4 ,,,2017-05-08,69,48,376','2017-08-24 13:55:17'),(411,19,24,'0,CCM 6,3000-E060-F-A1-02275-REV.2 ,,,2017-05-08,69,48,376','2017-08-24 13:59:40'),(412,19,24,'0,CCM-7-8,5000-E040-A1-15703-REV.3 ,,,2017-05-08,69,48,376','2017-08-24 14:01:43'),(413,19,24,'0,Diagrama de Entrada 34,5kV  (Diagrama Funcional),ITF-0390-E060-A0-02136-REV.I ,,,2017-05-08,69,48,','2017-08-24 14:06:58'),(414,19,24,'0,Diagrama Unifilar Geral,300-E060-A1-02299 REV. D ,,,2017-05-08,69,48,376','2017-08-24 14:08:39'),(415,19,24,'0,QGBT,329XE0309-REV.B ,,,2017-05-08,69,48,376','2017-08-24 14:11:27'),(416,19,24,'0,Memorial Descritivo,ITF-300-E060-F-02299-0,,,2017-05-08,69,63,376','2017-08-24 14:13:24'),(417,19,15,'19,GAMESA EOLICA BRASIL LTDA.','2017-08-24 14:34:02'),(418,19,17,'0,MODELAGEM E RENDERIZAÇÃO DE PLANTA OPERACIONAL,1702,19,2,2017-04-24T03:00:00.000Z,2017-05-24T03:00','2017-08-24 14:35:33'),(419,19,15,'20,CATALONIA EMPREENDIMENTOS LTDA','2017-08-24 14:44:02'),(420,19,15,'21,José Maria Bezerra Leite','2017-08-24 14:49:34'),(421,19,15,'22,CATALONIA EMPREENDIMENTOS LTDA','2017-08-24 14:52:27'),(422,19,15,'23,LOM ENGENHARIA CIVIL E ELETRICA LTDA - EPP','2017-08-24 15:00:45'),(423,19,15,'24,PARANAPANEMA S/A','2017-08-24 15:07:46'),(424,19,15,'25,CONSUNAV SALVADOR SERVICOS NAVAIS LTDA - ME','2017-08-24 15:15:13'),(425,19,14,'22,ALL EFLUENTES DO NORDESTE LTDA,ALL METAIS','2017-08-24 15:26:13'),(426,19,15,'26,INTERTECHNE MODULLAR PROJETOS S.A','2017-08-24 15:32:30'),(427,19,15,'27,J MACEDO ALIMENTOS S/A','2017-08-24 15:38:11'),(428,19,15,'28,BAHIA SPECIALTY CELLULOSE SA','2017-08-24 15:40:48'),(429,19,15,'29,EXTERRAN SERVICOS DE OLEO E GAS LTDA','2017-08-24 15:46:16'),(430,19,15,'30,COMPANHIA NACIONAL DE ABASTECIMENTO CONAB','2017-08-24 15:53:26'),(431,19,1,NULL,'2017-08-25 12:59:04'),(432,19,15,'31,KUKA SYSTEMS DO BRASIL LTDA','2017-08-25 13:13:29'),(433,19,15,'32,EMPRESA BRASILEIRA DE INFRAESTRUTURA AEROPORTUARIA - INFRAERO','2017-08-25 13:23:07'),(434,1,1,NULL,'2017-08-25 13:25:07'),(435,19,15,'33,JKM ENGENHARIA LTDA','2017-08-25 13:30:53'),(436,19,39,'615,1','2017-08-25 13:53:08'),(437,19,39,'615,2','2017-08-25 13:55:25'),(438,19,39,'615,3','2017-08-25 13:59:32'),(439,19,39,'615,4','2017-08-25 14:05:31'),(440,19,39,'615,5','2017-08-25 14:15:15'),(441,19,39,'615,6','2017-08-25 14:17:14'),(442,19,39,'615,7','2017-08-25 14:20:27'),(443,19,39,'615,8','2017-08-25 14:30:52'),(444,19,39,'615,9','2017-08-25 14:33:59'),(445,19,39,'615,10','2017-08-25 14:35:46'),(446,19,39,'641,11','2017-08-25 14:43:31'),(447,19,39,'642,12','2017-08-25 14:47:00'),(448,19,39,'639,13','2017-08-25 14:51:58'),(449,19,39,'640,14','2017-08-25 14:55:09'),(450,19,39,'643,15','2017-08-25 15:00:35'),(451,19,39,'644,16','2017-08-25 15:02:44'),(452,19,39,'645,17','2017-08-25 15:04:44'),(453,19,39,'622,18','2017-08-25 15:18:52'),(454,19,39,'621,19','2017-08-25 15:20:03'),(455,19,39,'619,20','2017-08-25 15:22:14'),(456,19,39,'618,21','2017-08-25 15:23:07'),(457,19,39,'620,22','2017-08-25 15:25:10'),(458,19,39,'616,23','2017-08-25 15:28:05'),(459,19,39,'617,24','2017-08-25 15:30:07'),(460,19,39,'623,25','2017-08-25 15:32:16'),(461,19,23,'634,MARCA JDE - GREEN COFFEE03,03,,,1,634,,0,2017-07-11,,68,54,375','2017-08-25 15:36:21'),(462,19,39,'634,26','2017-08-25 15:38:06'),(463,19,23,'634,MARCA JDE - GREEN COFFEE,03,,,1,634,,100,2017-07-11,26,68,54,375','2017-08-25 15:39:02'),(464,19,39,'635,27','2017-08-25 15:42:05'),(465,19,39,'631,28','2017-08-25 15:43:34'),(466,19,39,'638,29','2017-08-25 15:47:16'),(467,19,23,'629,Plantas de SPDA e Aterramento003,FRY-1704.00-E11-003,,,1,629,,0,2017-07-11,,68,54,375','2017-08-25 15:48:45'),(468,19,39,'629,30','2017-08-25 15:50:44'),(469,19,23,'626,Plantas de SPDA e Aterramento 02,FRY-1704.00-E11-002,,,1,626,,0,2017-07-11,,68,54,375','2017-08-25 15:52:06'),(470,19,23,'630,Plantas de SPDA e Aterramento04,FRY-1704.00-E11-004,,,1,630,,0,2017-07-11,,68,54,375','2017-08-25 15:52:30'),(471,1,1,NULL,'2017-08-25 20:22:35'),(472,19,1,NULL,'2017-08-28 12:46:06'),(473,19,1,NULL,'2017-08-28 12:53:50'),(474,19,23,'624,Plantas de SPDA e Aterramento01,FRY-1704.00-E11-001,,,1,624,,0,2017-07-11,,68,54,375','2017-08-28 13:04:26'),(475,19,39,'647,31','2017-08-28 13:06:20'),(476,19,39,'630,32','2017-08-28 13:09:09'),(477,19,39,'624,33','2017-08-28 13:10:31'),(478,19,39,'626,34','2017-08-28 13:16:10'),(479,19,39,'646,35','2017-08-28 13:20:51'),(480,19,39,'637,36','2017-08-28 13:22:45'),(481,19,23,'636,MARCA JDE - GREEN COFFEEr1,SPDA 00407-DE-ELE-001-R1 ,,,1,636,,0,2017-07-11,,68,54,375','2017-08-28 13:24:26'),(482,19,39,'636,37','2017-08-28 13:25:54'),(483,19,17,'0,MODELAGEM,1702,19,2,2017-04-01T03:00:00.000Z,2017-05-24T03:00:00.000Z,1','2017-08-28 13:48:29'),(484,19,18,'0,Geral,1702.00,71','2017-08-28 13:49:11'),(485,19,35,'0,,1702.00,196','2017-08-28 13:49:34'),(486,19,17,'0,RESISTENCIA DE ATERRAMENTO TOQUE E PASSO DA MALHA DOS AEROGERADORES,1602,23,2,2016-02-23T03:00:00.','2017-08-28 13:54:32'),(487,19,16,'72,1602,RESISTENCIA DE ATERRAMENTO TOQUE E PASSO DA MALHA DOS AEROGERADORES,23,2,2016-02-23,2016-03-','2017-08-28 13:55:55'),(488,19,16,'72,1602,RESISTENCIA DE ATERRAMENTO TOQUE E PASSO DA MALHA DOS AEROGERADORES,23,2,2016-02-23,2016-03-','2017-08-28 13:56:23'),(489,19,16,'72,1602,RESISTENCIA DE ATERRAMENTO TOQUE E PASSO DA MALHA DOS AEROGERADORES,23,2,2016-02-23,2016-03-','2017-08-28 13:56:28'),(490,19,18,'0,Geral,1602.00,72','2017-08-28 13:56:55'),(491,19,35,'0,,1602.00,197','2017-08-28 13:57:13'),(492,19,24,'0,RESISTIVIDADE DO SOLO, RESISTÊNCIA DE MALHA E TENSÕES DE TOQUE E PASSO,FRY-1602-000-E18-001,,,2016','2017-08-28 14:00:29'),(493,19,39,'648,38','2017-08-28 14:01:33'),(494,19,17,'0,Casa de Brotas - PROJETO DE ENTRADA,1607,21,2,2017-02-17T02:00:00.000Z,2017-08-28T18:05:00.447Z,1','2017-08-28 14:07:46'),(495,19,17,'0,PROJETO PARA INSTALAÇÃO DO INVERSOR DE FREQUENCIA DA PONTE ROLANTE PR-560-04,1507,24,2,2016-01-04T','2017-08-28 14:11:46'),(496,19,18,'0,Geral,1507.00,74','2017-08-28 14:12:15'),(497,19,35,'0,,1507.00,198','2017-08-28 14:12:54'),(498,19,24,'0,Lista de Materiais,Lista de Materiais,,,2016-02-05,74,70,379','2017-08-28 14:28:20'),(499,19,24,'0,Lista de Materiais,LM-560-50-0001_R0,,,2016-03-15,74,56,379','2017-08-28 14:31:20'),(500,19,24,'0,Planta - Encaminhamento de cabos,DE-560-50-0532_R0,,,2016-02-01,74,53,379','2017-08-28 14:39:24'),(501,19,24,'0,Planta - Arranjo de Equipamentos,DE-560-50-0534_R0,,,2016-02-01,74,52,379','2017-08-28 14:42:29'),(502,19,24,'0,Lista de cabos,LC-565-50-0001_0,,,2016-02-01,74,58,379','2017-08-28 14:46:03'),(503,19,24,'0,Diagrama de Interligação CCM,DE-560-50-0531,,,2016-01-02,74,50,379','2017-08-28 14:49:13'),(504,19,24,'0,Diagrama de Interligação PLC,DE-560-70-0037,,,2016-02-01,74,50,379','2017-08-28 14:51:16'),(505,19,24,'0,Arranjo das Caixas,DE-560-50-0533,,,2016-02-01,74,60,379','2017-08-28 15:00:15'),(506,19,39,'656,39','2017-08-28 15:04:11'),(507,19,39,'654,40','2017-08-28 15:06:19'),(508,19,39,'655,41','2017-08-28 15:08:14'),(509,19,39,'653,42','2017-08-28 15:10:46'),(510,19,39,'650,43','2017-08-28 15:16:32'),(511,19,39,'652,44','2017-08-28 15:19:03'),(512,19,39,'651,45','2017-08-28 15:23:29'),(513,19,25,'649,Lista de Materiais,379,70','2017-08-28 15:29:06'),(514,19,24,'0,Lista de Documentos,LD-560-50-0001_R0,,,2016-02-01,74,70,379','2017-08-28 15:32:36'),(515,19,39,'657,46','2017-08-28 15:33:21'),(516,19,17,'0,PROJETO DE EXTENSÃO DE REDE - VILLAS E PRAIA,1605,20,2,2017-01-01T02:00:00.000Z,2017-02-01T02:00:0','2017-08-28 16:04:19'),(517,19,18,'0,Geral,1605.00,75','2017-08-28 16:04:48'),(518,19,35,'0,,1605.00,199','2017-08-28 16:05:08'),(519,19,24,'0,Carta de Apresentação - Praias de Esplanada,FRY-1605.01-E20-001,,,2017-02-01,75,63,380','2017-08-28 16:09:23'),(520,19,7,'Documentação entrada Coelba,E28,1','2017-08-28 16:15:07'),(521,19,24,'0,Procuração - Praias de Esplanada,Procuração,,,2017-02-01,75,71,380','2017-08-28 16:18:29'),(522,19,24,'0,Contrato Social - Catalonia,Contrato Social - Catalonia,,,2017-02-01,75,71,380','2017-08-28 16:19:25'),(523,19,24,'0,Termo de Compromisso - Garantia de Materiais e Equipamentos,Termo de Compromisso,,,2017-02-01,75,7','2017-08-28 16:21:19'),(524,19,24,'0,Solicitação de Incorporação de rede elétrica,Solicitação de Incorporação,,,2017-02-01,75,71,380','2017-08-28 16:22:28'),(525,19,24,'0,CNH Nilson Nobrega,CNH Nilson Nobrega,,,2017-02-01,75,71,380','2017-08-28 16:23:36'),(526,19,24,'0,CREA Caio Novaes,CREA Caio Novaes,,,2017-02-01,75,71,380','2017-08-28 16:24:36'),(527,19,24,'0,Cartão CNPJ CATALONIA,Cartão CNPJ CATALONIA,,,2017-02-01,75,71,380','2017-08-28 16:25:42'),(528,19,24,'0,Licenciamento - Plano Baixio,Licenciamento - Plano Baixio,,,2017-02-01,75,71,380','2017-08-28 16:26:37'),(529,19,24,'0,ART,ART,,,2017-02-01,75,71,380','2017-08-28 16:27:30'),(530,19,24,'0,MEMORIA DE CÁLCULO DE QUEDA DE TENSÃO E DIMENSIONAMENTO DE RAMAIS DE ENTRADA,FRY-1605.01-E25-001,,','2017-08-28 16:28:29'),(531,19,24,'0,MEMORIAL DESCRITIVO INSTALAÇÕES ELÉTRICAS,FRY-1605.01-E20-002,,,2017-02-01,75,63,380','2017-08-28 16:29:35'),(532,19,24,'0,MEMORIAL DESCRITIVO REDE DE DISTRIBUIÇÃO ELÉTRICA,FRY-1605.01-E20-003,,,2017-02-01,75,63,380','2017-08-28 16:30:32'),(533,19,24,'0,PLANTA DE SITUAÇÃO - IMPLANTAÇÃO,FRY-1605.01-E10-001,,,2017-02-01,75,60,380','2017-08-28 16:31:59'),(534,19,24,'0,PLANTA DE ILUMINAÇÃO - PLANTA BAIXA,FRY-1605.01-E12-001,,,2017-02-01,75,55,380','2017-08-28 16:32:57'),(535,19,24,'0,PLANTAS E DETALHES DIAGRAMA UNIFILAR E QUADRO DE MEDIÇÃO,FRY-1605.01-E08-001,,,2017-02-01,75,53,38','2017-08-28 16:34:11'),(536,19,1,NULL,'2017-08-29 12:59:16'),(537,19,39,'667,47','2017-08-29 13:18:48'),(538,19,39,'658,48','2017-08-29 13:20:01'),(539,19,39,'665,49','2017-08-29 13:21:05'),(540,19,39,'663,50','2017-08-29 13:23:03'),(541,19,39,'660,51','2017-08-29 13:23:52'),(542,19,39,'664,52','2017-08-29 13:24:42'),(543,19,39,'666,53','2017-08-29 13:27:08'),(544,19,39,'668,54','2017-08-29 13:28:37'),(545,19,39,'669,55','2017-08-29 13:30:59'),(546,19,39,'670,56','2017-08-29 13:32:04'),(547,19,39,'661,57','2017-08-29 13:33:42'),(548,19,39,'672,58','2017-08-29 13:35:39'),(549,19,39,'671,59','2017-08-29 13:37:09'),(550,19,39,'673,60','2017-08-29 13:39:03'),(551,19,39,'659,61','2017-08-29 13:40:00'),(552,19,39,'662,62','2017-08-29 13:40:40'),(553,19,40,'1,GRD-2017-000001,72','2017-08-29 13:46:59'),(554,19,16,'71,1502,DIAGRAMA FUNCIONAIS E TRIFILARES,22,2,2017-02-01,2017-03-05,1','2017-08-29 13:55:52'),(555,19,19,'196,1502.00,Geral,71','2017-08-29 13:59:36'),(556,19,34,'377,,1502.00,196','2017-08-29 13:59:51'),(557,19,24,'0,DIAGRAMA TRIFILAR E QUADRO DE CARGAS - QDIT-PRO,FRY-1502.00-E06-001,,,2015-03-05,71,69,377','2017-08-29 14:01:04'),(558,19,24,'0,DIAGRAMA FUNCIONAL - PN-01,FRY-1502.00-E06-002,,,2015-03-05,71,69,377','2017-08-29 14:02:55'),(559,19,24,'0,DIAGRAMA FUNCIONAL - QGBT-01,FRY-1502.00-E06-003,,,2015-03-05,71,69,377','2017-08-29 14:04:09'),(560,19,23,'676,DIAGRAMA FUNCIONAL - QGBT-01,FRY-1502.00-E06-003,,,1,676,,0,2015-03-09,,71,69,377','2017-08-29 14:07:22'),(561,19,24,'0,DIAGRAMA FUNCIONAL - QGBT-01,FRY-1502.00-E06-001,,,2015-03-19,71,69,377','2017-08-29 14:09:33'),(562,19,24,'0,DIAGRAMA FUNCIONAL - PN-01,FRY-1502.00-E06-002,,,2015-03-19,71,69,377','2017-08-29 14:10:55'),(563,19,24,'0,DIAGRAMA TRIFILAR E QUADRO DE CARGAS - ,FRY-1502.00-E06-003,,,2015-03-19,71,69,377','2017-08-29 14:12:13'),(564,19,39,'674,63','2017-08-29 14:15:19'),(565,19,39,'678,64','2017-08-29 14:19:32'),(566,19,23,'675,DIAGRAMA FUNCIONAL - PN-01,FRY-1502.00-E06-002,,,1,675,,0,2015-03-19,,71,69,377','2017-08-29 14:27:30'),(567,19,23,'678,DIAGRAMA FUNCIONAL - PN-01,FRY-1502.00-E06-002,,,1,678,,50,2015-03-05,65,71,69,377','2017-08-29 14:27:58'),(568,19,39,'678,66','2017-08-29 14:35:02'),(569,19,39,'678,67','2017-08-29 14:38:28'),(570,19,39,'676,68','2017-08-29 14:49:40'),(571,19,39,'675,69','2017-08-29 14:54:10'),(572,19,39,'675,70','2017-08-29 14:58:33'),(573,19,39,'675,71','2017-08-29 14:59:53'),(574,19,39,'677,72','2017-08-29 15:03:03'),(575,19,39,'679,73','2017-08-29 15:04:31'),(576,19,40,'2,GRD-2017-000002,71','2017-08-29 15:07:08'),(577,19,42,'2,GRD-2017-000002,71','2017-08-29 15:07:38'),(578,19,23,'639,Planta I – CCM-01 – Diagrama Unifilar,ITF-0200-E060-A1-02145 FL.1/3,,,1,639,,100,2017-05-08,13,6','2017-08-29 15:12:34'),(579,19,23,'640,Planta II – CCM-02 – Diagrama Unifilar,1000-E060A1-02138 ,,,1,640,,100,2017-05-08,14,69,48,376','2017-08-29 15:13:23'),(580,19,23,'641,Fabrica de Ferrolat – CCM-05 - Diagrama Unifilar,3000-E060-A1-02000,,,1,641,,100,2017-05-08,11,6','2017-08-29 15:14:46'),(581,19,23,'642,Nova Planta de HPD  – CCM-06 - Diagrama Unifilar,3000-E060-F-A1-02275,,,1,642,,100,2017-05-08,12','2017-08-29 15:18:27'),(582,19,23,'643,Planta V  –  CCM-07/08 - Diagrama Unifilar,5000-E040-A1-15703,,,1,643,,100,2017-05-08,15,69,48,3','2017-08-29 15:19:25'),(583,19,23,'644,Cabine Blindada SE Entrada e Medição – Padrão COELBA -  34,5 kV – Instalação ao Tempo – Diagrama','2017-08-29 15:20:42'),(584,19,23,'645,Diagrama Unifilar Geral,300-E060-A1-C2299  ,,,1,645,,100,2017-05-08,17,69,48,376','2017-08-29 15:21:47'),(585,19,23,'646,Planta IV  –  ELÉTRICA – Diagrama do QGBT-0301 – Pav. Superior,329XE0309,,,1,646,,100,2017-05-08','2017-08-29 15:22:52'),(586,19,23,'647,Memorial Descritivo,ITF-300-E060-F-02299,,,1,647,,100,2017-05-08,31,69,63,376','2017-08-29 15:23:22'),(587,19,24,'0,Planta I – CCM-03 – Diagrama Unifilar,ITF-0200-E060-A1-02145 FL.2/3,,,2017-05-08,69,48,376','2017-08-29 15:29:46'),(588,19,24,'0,Planta I – CCM-04 – Diagrama Unifilar,ITF-0200-E060-A1-02145 FL.3/3,,,2017-05-08,69,48,376','2017-08-29 15:31:13'),(589,19,39,'680,74','2017-08-29 15:34:07'),(590,19,39,'681,75','2017-08-29 15:35:19'),(591,19,39,'639,76','2017-08-29 15:36:58'),(592,19,24,'0,Planta I – CCM-01 – Diagrama Unifilar,ITF-0200-E060-A1-02145 FL.1/3,,,2017-04-12,69,48,376','2017-08-29 15:51:06'),(593,19,24,'0,Planta I – CCM-03 – Diagrama Unifilar,ITF-0200-E060-A1-02145 FL.2/3,,,2017-04-12,69,48,376','2017-08-29 15:52:15'),(594,19,24,'0,Planta I – CCM-04 – Diagrama Unifilar,ITF-0200-E060-A1-02145 FL.3/3,,,2017-04-12,69,48,376','2017-08-29 15:53:25'),(595,19,24,'0,Planta II – CCM-02 – Diagrama Unifilar,1000-E060A1-02138 ,,,2017-04-12,69,48,376','2017-08-29 15:54:34'),(596,19,24,'0,Fabrica de Ferrolat – CCM-05 - Diagrama Unifilar,3000-E060-A1-02000,,,2017-04-12,69,48,376','2017-08-29 15:55:44'),(597,19,24,'0,Nova Planta de HPD  – CCM-06 - Diagrama Unifilar,3000-E060-F-A1-02275,,,2017-04-12,69,48,376','2017-08-29 15:56:52'),(598,19,24,'0,Planta V  –  CCM-07/08 - Diagrama Unifilar,5000-E040-A1-15703,,,2017-04-12,69,48,376','2017-08-29 15:58:01'),(599,19,24,'0,Planta IV  –  ELÉTRICA – Diagrama do QGBT-0301 – Pav. Superior,329XE0309,,,2017-04-12,69,48,376','2017-08-29 15:59:07'),(600,19,24,'0,Diagrama Unifilar Geral,300-E060-A1-C2299  ,,,2017-04-12,69,48,376','2017-08-29 16:00:08'),(601,19,24,'0,Cabine Blindada SE Entrada e Medição – Padrão COELBA -  34,5 kV – Instalação ao Tempo – Diagrama F','2017-08-29 16:01:20'),(602,19,24,'0,Memorial Descritivo,ITF-300-E060-F-02299,,,2017-04-12,69,63,376','2017-08-29 16:02:19'),(603,19,39,'691,77','2017-08-29 16:06:41'),(604,19,39,'690,78','2017-08-29 16:07:35'),(605,19,39,'686,79','2017-08-29 16:08:12'),(606,19,39,'692,80','2017-08-29 16:09:02'),(607,19,39,'687,81','2017-08-29 16:09:46'),(608,19,39,'682,82','2017-08-29 16:10:28'),(609,19,39,'683,83','2017-08-29 16:11:01'),(610,19,39,'684,84','2017-08-29 16:11:37'),(611,19,39,'685,85','2017-08-29 16:12:17'),(612,19,39,'689,86','2017-08-29 16:13:35'),(613,19,39,'688,87','2017-08-29 16:14:08'),(614,19,24,'0,Planta de SPDA e Aterramento da Portaria,FRY-1704.00-E11-004,,,2017-06-29,68,54,375','2017-08-29 16:23:21'),(615,19,25,'693,Planta de SPDA e Aterramento da Portaria,375,54','2017-08-29 16:23:50'),(616,1,1,NULL,'2017-08-30 06:00:15'),(617,19,1,NULL,'2017-08-30 13:01:02'),(618,19,23,'653,Lista de cabos,LC-565-50-0001,,,1,653,,100,2016-02-05,42,74,58,379','2017-08-30 13:27:00'),(619,19,23,'650,Lista de Materiais,LM-560-50-0009,,,1,650,,100,2016-03-15,43,74,56,379','2017-08-30 13:29:20'),(620,19,6,'Segurança,Seg,1','2017-08-30 13:46:55'),(621,19,8,'Mapa de Risco,MP,1','2017-08-30 13:48:15'),(622,19,18,'0,1702.00,1702.00,70','2017-08-30 13:51:13'),(623,19,35,'0,,1702.00,200','2017-08-30 13:51:35'),(624,19,19,'200,Geral,1702.00,70','2017-08-30 13:51:51'),(625,19,24,'0,Mapa de Riscos - Programa Vira Vida,FRY-1702.01-T15-001 ,,,2017-05-24,70,285,381','2017-08-30 13:53:19'),(626,19,24,'0,Mapa de Riscos - ADM 1º  Pavimento,FRY-1702.01-T15-002,,,2017-05-24,70,285,381','2017-08-30 13:54:05'),(627,19,24,'0,Mapa de Riscos - ADM Térreo,FRY-1702.01-T15-003,,,2017-05-24,70,285,381','2017-08-30 13:54:55'),(628,19,24,'0,Mapa de Riscos - Produção - Cubo / Hub / Logística,FRY-1702.01-T15-004,,,2017-05-24,70,285,381','2017-08-30 13:55:54'),(629,19,24,'0,Mapa de Riscos - Produção - Nacelle / Aerogeradores / Logística / Adm,FRY-1702.01-T15-005,,,2017-0','2017-08-30 13:56:56'),(630,19,24,'0,Mapa de Riscos - SL Man / CS Res Cont / CS Bat / Matqui,FRY-1702.01-T15-006,,,2017-05-24,70,285,38','2017-08-30 13:57:59'),(631,19,39,'695,88','2017-08-30 14:01:39'),(632,19,39,'696,89','2017-08-30 14:03:56'),(633,19,16,'70,1702,MODELAGEM,19,2,2017-04-24,2017-05-24,1','2017-08-30 14:04:17'),(634,19,16,'70,1702,MODELAGEM,19,2,2017-04-24,2017-05-24,1','2017-08-30 14:04:39'),(635,19,39,'697,90','2017-08-30 14:06:41'),(636,19,39,'698,91','2017-08-30 14:07:45'),(637,19,39,'694,92','2017-08-30 14:10:59'),(638,19,39,'699,93','2017-08-30 14:13:24'),(639,19,17,'0,Laboratório,1701,17,2,2017-04-17T03:00:00.000Z,2017-05-15T03:00:00.000Z,1','2017-08-30 14:16:33'),(640,19,18,'0,Geral,1701.00,76','2017-08-30 14:16:52'),(641,19,35,'0,,1701.00,201','2017-08-30 14:17:13'),(642,19,24,'0,Especificação Técnica de Equipamentos Sistema Ininterrupta de Energia - NOBREAK,FRY-1701.00-E00-00','2017-08-30 14:22:15'),(643,19,24,'0,Memória de Cálculo Dimensionamento de Condutores Elétricos,FRY-1701.00-E25-001,,,2017-05-15,76,68,','2017-08-30 14:23:08'),(644,19,24,'0,Alimentação dos Painéis Transformador e Laboratório - Planta de Força,FRY-1701.00-E10-001,,,2017-0','2017-08-30 14:30:58'),(645,19,24,'0,Quadro de Distribuição do Transformador - Diagrama Trifilar e Quadro de Cargas,FRY-1701.00-E06-001','2017-08-30 14:37:45'),(646,19,24,'0,Painel do Laboratório - Diagrama Trifilar,FRY-1701.00-E06-002,,,2017-05-15,76,69,382','2017-08-30 14:39:08'),(647,19,24,'0,Memoria Descritivo de Montagem,FRY-1701.00-E20-001,,,2017-05-15,76,63,382','2017-08-30 14:40:27'),(648,19,39,'702,94','2017-08-30 14:43:05'),(649,19,39,'700,95','2017-08-30 14:44:27'),(650,19,39,'701,96','2017-08-30 14:45:43'),(651,19,39,'704,97','2017-08-30 14:46:57'),(652,19,39,'705,98','2017-08-30 14:48:07'),(653,19,39,'703,99','2017-08-30 14:48:54'),(654,19,16,'73,1505,RESISTENCIA DE ATERRAMENTO TOQUE E PASSO DA MALHA DOS AEROGERADORES,23,2,2015-09-15,2015-10-','2017-08-30 14:58:26'),(655,19,18,'0,Geral,1505.00,73','2017-08-30 14:58:44'),(656,19,35,'0,,1505.00,202','2017-08-30 14:58:59'),(657,19,24,'0,RELATORIO – RESISTIVIDADE DO SOLO, RESISTÊNCIA DE MALHA E TENSÕES DE TOQUE E PASSO,FRY-1505-000-E1','2017-08-30 15:00:27'),(658,19,39,'706,100','2017-08-30 15:01:16'),(659,19,17,'0,AS BUILTS DOS FERRYs,1504,25,2,2015-01-09T02:00:00.000Z,2015-10-16T02:00:00.000Z,1','2017-08-30 15:07:21'),(660,19,18,'0,Geral,1504.00,77','2017-08-30 15:07:45'),(661,19,35,'0,,1504.00,203','2017-08-30 15:08:02'),(662,19,24,'0,ARRANJO DOS EQUIPAMENTOS ELÉTRICOS,AGB-ZDP-05-006,,,2015-10-16,77,53,384','2017-08-30 15:13:03'),(663,19,24,'0,MEMORIA DE CALCULO DE CURTO CIRCUITO,AGB-ZDP-05-011,,,2015-10-16,77,68,384','2017-08-30 15:14:33'),(664,19,24,'0,DIAGRAMA UNIFILAR GERAL,AGB-ZDP-05-001,,,2013-10-16,77,48,384','2017-08-30 15:16:48'),(665,19,24,'0,ARRANJO DOS EQUIPAMENTOS ELÉTRICOS,AGB-DCI-05-006,,,2015-10-16,77,53,384','2017-08-30 15:18:11'),(666,19,24,'0,MEMORIA DE CALCULO DE CURTO CIRCUITO,AGB-DCI-05-011,,,2015-10-16,77,68,384','2017-08-30 15:20:23'),(667,19,24,'0,DIAGRAMA UNIFILAR GERAL,AGB-DCI-05-001,,,2015-10-16,77,48,384','2017-08-30 15:28:16'),(668,19,39,'710,101','2017-08-30 15:30:17'),(669,19,23,'710,ARRANJO DOS EQUIPAMENTOS ELÉTRICOS dci,AGB-DCI-05-006,,,1,710,,100,2015-10-16,101,77,53,384','2017-08-30 15:32:04'),(670,19,23,'711,MEMORIA DE CALCULO DE CURTO CIRCUITO dci,AGB-DCI-05-011,,,1,711,,0,2015-10-16,,77,68,384','2017-08-30 15:32:40'),(671,19,23,'712,DIAGRAMA UNIFILAR GERAL DCI,AGB-DCI-05-001,,,1,712,,0,2015-10-16,,77,48,384','2017-08-30 15:32:59'),(672,19,39,'712,102','2017-08-30 15:34:49'),(673,19,39,'711,103','2017-08-30 15:35:49'),(674,19,39,'709,104','2017-08-30 15:36:48'),(675,19,39,'707,105','2017-08-30 15:38:32'),(676,19,39,'708,106','2017-08-30 15:39:14'),(677,19,39,'710,107','2017-08-30 15:50:20'),(678,19,23,'712,DIAGRAMA UNIFILAR GERAL ,AGB-DCI-05-001,,,1,712,,100,2015-10-16,102,77,48,384','2017-08-30 15:53:35'),(679,19,23,'710,ARRANJO DOS EQUIPAMENTOS ELÉTRICOS ,AGB-DCI-05-006,,,1,710,,100,2015-10-16,107,77,53,384','2017-08-30 15:56:28'),(680,19,23,'709,DIAGRAMA UNIFILAR GERAL zpd,AGB-ZDP-05-001,,,1,709,,100,2013-10-16,104,77,48,384','2017-08-30 15:58:23'),(681,19,23,'708,MEMORIA DE CALCULO DE CURTO CIRCUITO zpd,AGB-ZDP-05-011,,,1,708,,100,2015-10-16,106,77,68,384','2017-08-30 15:58:54'),(682,19,23,'707,ARRANJO DOS EQUIPAMENTOS ELÉTRICOS zpd,AGB-ZDP-05-006,,,1,707,,100,2015-10-16,105,77,53,384','2017-08-30 15:59:50'),(683,19,23,'709,DIAGRAMA UNIFILAR GERAL,AGB-ZDP-05-001,,,1,709,,100,2013-10-16,104,77,48,384','2017-08-30 16:04:09'),(684,19,23,'708,MEMORIA DE CALCULO DE CURTO CIRCUITO ,AGB-ZDP-05-011,,,1,708,,100,2015-10-16,106,77,68,384','2017-08-30 16:04:31'),(685,19,23,'711,MEMORIA DE CALCULO DE CURTO CIRCUITO ,AGB-DCI-05-011,,,1,711,,100,2015-10-16,103,77,68,384','2017-08-30 16:05:12'),(686,19,23,'707,ARRANJO DOS EQUIPAMENTOS ELÉTRICOS ,AGB-ZDP-05-006,,,1,707,,100,2015-10-16,105,77,53,384','2017-08-30 16:05:43'),(687,19,17,'0,DESENV. INICIAL DO CAMPO DE CHIBATA,1501,26,2,2015-02-01T02:00:00.000Z,2015-03-01T03:00:00.000Z,1','2017-08-30 16:08:27'),(688,19,18,'0,Geral,1501.00,78','2017-08-30 16:08:48'),(689,19,35,'0,,1501.00,204','2017-08-30 16:09:02'),(690,19,24,'0,POLO ARARA RP-3315.0402 - ATERRAMENTO E SPDA - PLANTA,DE-3307.00-1221-780-MDP-001,,,2015-03-01,78,','2017-08-30 16:10:06'),(691,19,24,'0,ARARA AZUL - SKID SG-3315.00-001 - ATERRAMENTO E SPDA - PLANTA,DE-3307.00-1221-780-MDP-002,,,2015-','2017-08-30 16:11:03'),(692,19,24,'0,ARARA AZUL - DISTRIBUIÇÃO DE FORÇA - PLANTA,DE-3307.00-1221-780-MDP-004,,,2015-03-01,78,53,385','2017-08-30 16:12:06'),(693,19,24,'0,SISTEMA DE PROTEÇÃO DE DESCARGAS ATMOSFERICAS,MC-3307.00-1221-781-MDP-001,,,2015-03-01,78,54,385','2017-08-30 16:13:38'),(694,19,24,'0,ESPECIFICAÇÃO TECNICA - SISTEMA DE ENERGIA SOLAR,ET-3307.00-1221-705-MDP-001,,,2015-03-01,78,43,38','2017-08-30 16:15:15'),(695,19,39,'715,108','2017-08-30 16:19:27'),(696,19,39,'714,109','2017-08-30 16:20:10'),(697,19,39,'717,110','2017-08-30 16:21:32'),(698,19,39,'713,111','2017-08-30 16:22:58'),(699,19,39,'716,112','2017-08-30 16:23:49'),(700,19,1,NULL,'2017-08-31 12:46:54'),(701,19,17,'0,OSP-070 - AM0239–CENTRALIZAÇÃO DOS ESCRITÓRIOS NA BOGPM,1408,26,2,2015-01-08T02:00:00.000Z,2015-01','2017-08-31 13:26:51'),(702,19,18,'0,Geral,1408.00,79','2017-08-31 13:27:14'),(703,19,35,'0,,1408.00,205','2017-08-31 13:27:56'),(704,19,24,'0,PLANTA DE FORÇA - IMPLANTAÇÃO,DE-3307.00-8100-700-MDP-011,,,2015-01-08,79,53,386','2017-08-31 13:29:38'),(705,19,24,'0,PLANTA DE ILUMINAÇÃO - GALPÃO,DE-3307.00-8100-700-MDP-012,,,2015-01-08,79,55,386','2017-08-31 13:32:05'),(706,19,24,'0,PLANTA DE FORÇA GERAL,DE-3307.00-8100-700-MDP-013,,,2015-01-08,79,53,386','2017-08-31 13:34:11'),(707,19,24,'0,ATERRAMENTO - GALPÃO,DE-3307.00-8100-782-MDP-001,,,2015-01-08,79,54,386','2017-08-31 13:35:28'),(708,19,24,'0,DIAGRAMA TRIFILAR E QUADRO DE CARGAS - PL-05,DE-3307.00-8100-946-MDP-006,,,2015-01-08,79,69,386','2017-08-31 13:36:58'),(709,19,24,'0,FOLHA DE DADOS - PAINEL DE ILUMINAÇÃO E TOMADA - PL-05,FD-3307.00-8100-742-MDP-005,,,2015-01-08,79','2017-08-31 13:38:54'),(710,19,24,'0,FOLHA DE DADOS - PAINEL DE ILUMINAÇÃO E TOMADA - PL-03,FD-3307.00-8100-742-MDP-003,,,2015-01-08,79','2017-08-31 13:40:34'),(711,19,24,'0,DIAGRAMA TRIFILAR E QUADRO DE CARGAS - PL-03,FD-3307.00-8100-742-MDP-003,,,2015-01-08,79,69,386','2017-08-31 13:41:46'),(712,19,39,'721,113','2017-08-31 13:43:45'),(713,19,39,'725,114','2017-08-31 13:44:41'),(714,19,39,'722,115','2017-08-31 13:46:10'),(715,19,39,'724,116','2017-08-31 13:48:20'),(716,19,39,'723,117','2017-08-31 13:50:50'),(717,19,39,'720,118','2017-08-31 13:52:23'),(718,19,39,'718,119','2017-08-31 13:54:49'),(719,19,39,'719,120','2017-08-31 13:56:07'),(720,19,17,'0,OSP-097 - AMPLIAÇÃO DA ETA - PÓLO ARARA,1407,26,2,2014-12-08T02:00:00.000Z,2015-01-06T02:00:00.000','2017-08-31 13:59:28'),(721,19,18,'0,Geral,1407.00,80','2017-08-31 14:00:01'),(722,19,35,'0,,1407.00,206','2017-08-31 14:04:34'),(723,19,24,'0,MOTOR ELÉTRICO DE INDUÇÃO TRIFÁSICO MB-5330014A/B/C,FD-3307.02-5330-712-MDP-001,,,2015-01-06,80,44','2017-08-31 14:06:55'),(724,19,24,'0,MOTOR ELÉTRICO DE INDUÇÃO TRIFÁSICO MB-5330013A/B/C/D,FD-3307.02-5330-712-MDP-002,,,2015-01-06,80,','2017-08-31 14:08:38'),(725,19,24,'0,MOTOR ELÉTRICO DE INDUÇÃO TRIFÁSICO MB-5330014A/B/C,FD-3307.02-5330-712-MDP-003,,,2015-01-06,80,44','2017-08-31 14:09:42'),(726,19,24,'0,MALHA DE ATERRAMENTO,MC-3307.02-5330-782-MDP-001,,,2015-01-06,80,68,387','2017-08-31 14:13:55'),(727,19,39,'729,121','2017-08-31 14:17:19'),(728,19,39,'727,122','2017-08-31 14:20:19'),(729,19,23,'726,MOTOR ELÉTRICO DE INDUÇÃO TRIFÁSICO MB-5330014A/B/C 1,FD-3307.02-5330-712-MDP-001,,,1,726,,0,201','2017-08-31 14:23:32'),(730,19,39,'728,123','2017-08-31 14:24:22'),(731,19,39,'726,124','2017-08-31 14:25:00'),(732,19,17,'0,SERVIÇOS DE CONSULTORIA E DIAGNOSTICOS A NR-10,1406,27,2,2016-01-18T02:00:00.000Z,2016-02-18T02:00','2017-08-31 14:28:40'),(733,19,18,'0,Geral,1406.00,81','2017-08-31 14:29:05'),(734,19,35,'0,,1406.00,207','2017-08-31 14:29:25'),(735,19,24,'0,PRONTUARIO DAS INSTALAÇÕES ELÉTRICAS – PIE,FRY-1406.00-E28-001,,,2016-02-18,81,61,388','2017-08-31 14:37:40'),(736,19,24,'0,RELATÓRIO DE NÃO CONFORMIDADE DIAGNOSTICO DE CONFORMIDADE COM A NORMA NR-10,FRY-1406.00-E18-001,,,','2017-08-31 14:39:27'),(737,19,24,'0,PLANEJAMENTO DAS NÃO CONFORMIDADE,FRY-1406.00-S03-001,,,2016-02-18,81,61,388','2017-08-31 14:41:44'),(738,19,39,'732,125','2017-08-31 14:44:28'),(739,19,39,'730,126','2017-08-31 14:45:32'),(740,19,39,'731,127','2017-08-31 14:48:13'),(741,19,17,'0,PROJETO E AS BUILT DO SPDA E ATERRAMENTO,1405,28,2,2015-01-07T02:00:00.000Z,2015-02-07T02:00:00.00','2017-08-31 14:54:31'),(742,19,18,'0,Geral,1405.00,82','2017-08-31 14:54:52'),(743,19,35,'0,,1405.00,208','2017-08-31 14:55:09'),(744,19,24,'0,MEMORIA DE CALCULO DE SPDA - OZÔNIO - AREA 282,P-1296-282-ZBSC-83093,,,2015-02-07,82,68,389','2017-08-31 14:56:21'),(745,19,24,'0,PLANTA DE GERAÇÃO DE OZÔNIO - DISTRIBUIÇÃO DE FORÇA, CONTROLE E ATERRAMENTO - PLANTA E CORTES,282-','2017-08-31 14:57:28'),(746,19,24,'0,LISTA DE MATERIAIS - OZÔNIO - AREA 282,P-1296-282-IBSC-83095,,,2015-02-07,82,56,389','2017-08-31 14:58:38'),(747,19,24,'0,MEMORIA DE CALCULO DE SPDA - LABORATORIO DE PESQUISA - AREA 825,P-1296-825-ZBSC-83433,,,2015-02-07','2017-08-31 15:00:13'),(748,19,24,'0,LABORATORIO DE PESQUISA - SPDA - VISTA E PLANTA,P-1296-0-825-E080-834030,,,2015-02-07,82,54,389','2017-08-31 15:01:41'),(749,19,24,'0,LISTA DE MATERIAIS - LABORATORIO DE PESQUISA - AREA 825,P-1296-825-IBSC-83435,,,2015-02-07,82,56,3','2017-08-31 15:03:35'),(750,19,39,'737,128','2017-08-31 15:06:12'),(751,19,39,'738,129','2017-08-31 15:09:01'),(752,19,39,'735,130','2017-08-31 15:11:39'),(753,19,39,'736,131','2017-08-31 15:12:31'),(754,19,39,'733,132','2017-08-31 15:13:24'),(755,19,39,'734,133','2017-08-31 15:14:32'),(756,19,17,'0,RESISTIVIDADE DO SOLO E CALCULO DE ESTRATIFICAÇÃO,1404,29,2,2014-08-30T03:00:00.000Z,2014-09-30T03','2017-08-31 15:19:20'),(757,19,18,'0,Geral,1404.00,83','2017-08-31 15:19:53'),(758,19,35,'0,,1404.00,209','2017-08-31 15:20:24'),(759,19,24,'0,\"RELATORIO – RESISTIVIDADE E ESTRATIFICAÇÃO DO SOLO DA ESTAÇÃO DE COMPRENSSÃO MANATI - VERSÃO EM P','2017-08-31 15:21:34'),(760,19,24,'0,\"REPORT – RESISTIVITY AND STRATIFICATION OF SOIL OF STATION OF COMPRESSION MANATI - VERSÃO EM INGL','2017-08-31 15:22:39'),(761,19,39,'739,134','2017-08-31 15:24:06'),(762,19,39,'740,135','2017-08-31 15:24:55'),(763,19,17,'0,TRANSPETRO – ALTERNATIVA DE ALIMENTAÇÃO DAS BOMBAS MB-0116A-B,1402,26,2,2014-04-05T03:00:00.000Z,2','2017-08-31 15:35:51'),(764,19,18,'0,Geral,1402.00,84','2017-08-31 15:36:18'),(765,19,35,'0,,1402.00,210','2017-08-31 15:36:37'),(766,19,24,'0,ENERGIA INCIDENTE DE ARCO ELÉTRICO,MC-4100.01-5144-94F-MDP-006,,,2014-05-05,84,68,391','2017-08-31 15:38:24'),(767,19,24,'0,SISTEMA DE CORRENTE CONTÍNUA,MC-4100.01-5144-94F-MDP-005,,,2014-05-05,84,68,391','2017-08-31 15:40:43'),(768,19,24,'0,CURTO-CIRCUITO,MC-4100.01-5144-94F-MDP-001,,,2014-05-08,84,68,391','2017-08-31 15:41:52'),(769,19,24,'0,FLUXO DE CARGAS,MC-4100.01-5144-94F-MDP-002,,,2014-05-08,84,68,391','2017-08-31 15:43:12'),(770,19,24,'0,PARTIDA DE MOTORES,MC-4100.01-5144-94F-MDP-004,,,2014-05-08,84,68,391','2017-08-31 15:44:17'),(771,19,24,'0,SELETIVIDADE,MC-4100.01-5144-94F-MDP-003,,,2014-05-08,84,68,391','2017-08-31 15:46:35'),(772,19,24,'0,ARRANJO DE EQUIPAMENTO,DE-4100.01-5144-942-MDP-001,,,2014-05-08,84,60,391','2017-08-31 15:50:27'),(773,19,39,'747,136','2017-08-31 15:53:34'),(774,19,39,'743,137','2017-08-31 15:54:52'),(775,19,39,'741,138','2017-08-31 15:55:41'),(776,19,39,'744,139','2017-08-31 15:57:45'),(777,19,39,'745,140','2017-08-31 15:58:34'),(778,19,39,'746,141','2017-08-31 15:59:21'),(779,19,39,'742,142','2017-08-31 16:00:18'),(780,19,17,'0,AM0239–CENTRALIZAÇÃO DOS ESCRITÓRIOS NA BOGPM,1401,26,2,2014-07-01T03:00:00.000Z,2014-07-31T03:00:','2017-08-31 16:03:09'),(781,19,18,'0,Geral,1401.00,85','2017-08-31 16:03:30'),(782,19,35,'0,,1401.00,211','2017-08-31 16:03:50'),(783,19,24,'0,PLANTA DE INFRA ESTRUTURA - REDE DE DADOS E VOZ - CONTAINER,DE-3307.00-8100-760-MDP-001,,,2014-07-','2017-08-31 16:05:01'),(784,19,24,'0,DETALHES TIPICOS - REDE DE DADOS E VOZ - CONTAINER,DE-3307.00-8100-760-MDP-007,,,2014-07-31,85,51,','2017-08-31 16:06:13'),(785,19,39,'749,143','2017-08-31 16:07:32'),(786,19,39,'748,144','2017-08-31 16:08:36'),(787,19,17,'0,INDIVIDUALIZAÇÃO DOS MEDIDORES DE ENERGIA ELETRICA DO HORTOMERCADO HUMAITÁ,1303,30,2,2014-07-01T03','2017-08-31 16:25:01'),(788,19,16,'86,1303,INDIVIDUALIZAÇÃO DOS MEDIDORES DE ENERGIA ELETRICA DO HORTOMERCADO HUMAITÁ,30,2,2014-07-01,2','2017-08-31 16:25:23'),(789,19,18,'0,Geral,1303.00,86','2017-08-31 16:25:42'),(790,19,35,'0,,1303.00,212','2017-08-31 16:25:57'),(791,19,1,NULL,'2017-09-01 12:38:32'),(792,19,38,'16,[19]','2017-09-01 13:46:42'),(793,19,37,'16,[19]','2017-09-01 13:46:59'),(794,19,24,'0,NOVO PC DO HORTOMERCADO DIAGRAMA UNIFILAR GERAL,FRY-1303-000-E05-001_001,,,2014-01-09,86,48,393','2017-09-01 14:01:21'),(795,1,1,NULL,'2017-09-01 14:28:58'),(796,19,1,NULL,'2017-09-01 15:12:13'),(797,19,39,'706,145','2017-09-01 15:22:33'),(798,19,25,'650,Lista de Materiais,379,56','2017-09-01 15:38:33'),(799,19,25,'651,Planta - Encaminhamento de cabos,379,53','2017-09-01 15:38:41'),(800,19,25,'652,Planta - Arranjo de Equipamentos,379,52','2017-09-01 15:38:50'),(801,19,25,'654,Diagrama de Interligação CCM,379,50','2017-09-01 15:39:32'),(802,19,25,'653,Lista de cabos,379,58','2017-09-01 15:39:42'),(803,19,25,'655,Diagrama de Interligação PLC,379,50','2017-09-01 15:39:53'),(804,19,25,'656,Arranjo das Caixas,379,60','2017-09-01 15:40:02'),(805,19,25,'657,Lista de Documentos,379,70','2017-09-01 15:40:11'),(806,19,40,'3,GRD-2017-000003,79','2017-09-01 15:52:36'),(807,19,1,NULL,'2017-09-04 13:09:01'),(808,19,15,'34,PETROLEO BRASILEIRO S A PETROBRAS','2017-09-04 15:51:35'),(809,19,1,NULL,'2017-09-06 13:18:56'),(810,19,1,NULL,'2017-09-06 15:11:00'),(811,19,25,'749,DETALHES TIPICOS - REDE DE DADOS E VOZ - CONTAINER,392,51','2017-09-06 15:14:53'),(812,19,24,'0,DETALHES TIPICOS - REDE DE DADOS E VOZ - CONTAINER,DE-3307.00-8100-760-MDP-007,,,2014-07-31,85,51,','2017-09-06 15:16:01'),(813,19,1,NULL,'2017-09-06 15:17:05'),(814,19,39,'751,146','2017-09-06 15:18:37'),(815,19,40,'4,GRD-2017-000004,85','2017-09-06 15:24:53'),(816,19,25,'639,Planta I – CCM-01 – Diagrama Unifilar,376,48','2017-09-06 15:40:51'),(817,19,25,'640,Planta II – CCM-02 – Diagrama Unifilar,376,48','2017-09-06 15:41:06'),(818,19,25,'641,Fabrica de Ferrolat – CCM-05 - Diagrama Unifilar,376,48','2017-09-06 15:41:18'),(819,19,25,'642,Nova Planta de HPD  – CCM-06 - Diagrama Unifilar,376,48','2017-09-06 15:41:30'),(820,19,25,'643,Planta V  –  CCM-07/08 - Diagrama Unifilar,376,48','2017-09-06 15:41:41'),(821,19,25,'644,Cabine Blindada SE Entrada e Medição – Padrão COELBA -  34,5 kV – Instalação ao Tempo – Diagrama','2017-09-06 15:41:51'),(822,19,25,'645,Diagrama Unifilar Geral,376,48','2017-09-06 15:42:03'),(823,19,25,'646,Planta IV  –  ELÉTRICA – Diagrama do QGBT-0301 – Pav. Superior,376,48','2017-09-06 15:42:15'),(824,19,25,'647,Memorial Descritivo,376,63','2017-09-06 15:42:25'),(825,19,25,'680,Planta I – CCM-03 – Diagrama Unifilar,376,48','2017-09-06 15:42:36'),(826,19,25,'681,Planta I – CCM-04 – Diagrama Unifilar,376,48','2017-09-06 15:42:54'),(827,19,1,NULL,'2017-09-11 13:09:23'),(828,19,24,'0,MEMORIAL DESCRITIVO DO SISTEMA ELETRICO,MD-3307.00-8100-700-MDP-001,,,2015-08-14,85,63,392','2017-09-11 14:25:22'),(829,19,24,'0,MEMORIA DE CALCULO - DIMENSIONAMENTO DE CONDUTORES,MC-3307.00-8100-721-MDP-001,,,2014-08-14,85,68,','2017-09-11 14:37:26'),(830,19,24,'0,MEMORIA DE CALCULO - ILUMINAÇÃO,MC-3307.00-8100-700-MDP-001,,,2014-08-14,85,68,392','2017-09-11 14:41:37'),(831,19,24,'0,FOLHA DE DADOS - PL04,FD-3307.00-8100-742-MDP-004,,,2014-08-14,85,44,392','2017-09-11 14:43:32'),(832,19,24,'0,FOLHA DE DADOS - PN04,FD-3307.00-8100-741-MDP-011,,,2014-08-14,85,44,392','2017-09-11 14:46:19'),(833,19,24,'0,FOLHA DE DADOS - PN24SF,FD-3307.00-8100-741-MDP-007,,,2014-08-14,85,44,392','2017-09-11 14:48:08'),(834,19,24,'0,DIAGRAMA UNIFILAR GERAL,DE-3307.00-8100-946-MDP-001,,,2014-08-14,85,48,392','2017-09-11 14:50:51'),(835,19,24,'0,DIAGRAMA TRIFILAR E QUADRO DE CARGAS - PL04,DE-3307.00-8100-946-MDP-005,,,2014-08-14,85,69,392','2017-09-11 14:56:05'),(836,19,24,'0,DIAGRAMA TRIFILAR E QUADRO DE CARGAS - PN04,DE-3307.00-8100-946-MDP-011DE-3307.00-8100-94,,,2014-0','2017-09-11 14:57:37'),(837,19,24,'0,PLANTA DE ILUMINAÇÃO EXTERNA,DE-3307.00-8100-700-MDP-014,,,2014-08-14,85,55,392','2017-09-11 15:00:12'),(838,19,24,'0,PLANTA DE FORÇA GERAL,DE-3307.00-8100-700-MDP-013,,,2014-08-14,85,53,392','2017-09-11 15:05:26'),(839,19,24,'0,LISTA DE CABOS,LI-3307.00-8100-721-MDP-004,,,2014-08-14,85,58,392','2017-09-11 15:10:46'),(840,19,39,'759,147','2017-09-11 15:17:45'),(841,19,39,'760,148','2017-09-11 15:22:38'),(842,19,39,'758,149','2017-09-11 15:24:28'),(843,19,39,'755,150','2017-09-11 15:26:38'),(844,19,39,'756,151','2017-09-11 15:27:42'),(845,19,39,'757,152','2017-09-11 15:29:37'),(846,19,39,'763,153','2017-09-11 15:32:32'),(847,19,39,'753,154','2017-09-11 15:34:30'),(848,19,39,'754,155','2017-09-11 15:38:19'),(849,19,39,'752,156','2017-09-11 15:39:38'),(850,19,39,'761,157','2017-09-11 15:45:06'),(851,19,1,NULL,'2017-09-12 12:58:51'),(852,19,39,'762,158','2017-09-12 13:40:28'),(853,19,40,'5,GRD-2017-000005,85','2017-09-12 13:43:43'),(854,1,1,NULL,'2017-09-13 08:54:27'),(855,19,1,NULL,'2017-09-13 12:56:03'),(856,19,1,NULL,'2017-09-14 13:06:58'),(857,19,1,NULL,'2017-09-14 15:37:57'),(858,19,15,'35,AVON COSMETICOS LTDA.','2017-09-14 15:39:31'),(859,19,15,'36,MAXI ENGENHARIA E CONSULTORIA LTDA - EPP','2017-09-14 15:47:43'),(860,19,1,NULL,'2017-09-15 13:07:35'),(861,19,1,NULL,'2017-09-18 12:49:46'),(862,19,15,'37,Alpha Brazil Gestão & Recursos Ltda.','2017-09-18 14:02:00'),(863,19,15,'38,JKM CONSULTORIA E PROJETOS LTDA','2017-09-18 14:24:45'),(864,19,15,'39,T.W.O ENGENHARIA LTDA - ME','2017-09-18 14:35:10'),(865,19,15,'40,EMPRESA BRASILEIRA DE INFRAESTRUTURA AEROPORTUARIA - INFRAERO','2017-09-18 14:39:54'),(866,19,15,'41,MINISTERIO DA FAZENDA','2017-09-18 15:14:02'),(867,19,1,NULL,'2017-09-19 12:54:03'),(868,19,1,NULL,'2017-09-19 13:32:01'),(869,19,15,'42,CONDOMÍNIO CENTRO EMPRESARIAL ELDORADO','2017-09-19 13:35:16'),(870,19,17,'0,LAUDO DE SPDA,1608,42,2,2017-09-01T03:00:00.000Z,2017-09-19T17:35:31.553Z,1','2017-09-19 13:36:18'),(871,19,18,'0,Geral,1608.00,87','2017-09-19 13:36:38'),(872,19,35,'0,,1608.00,213','2017-09-19 13:37:06'),(873,19,24,'0,RELATÓRIO DE NÃO CONFORMIDADE SPDA,FRY-1608.00-E18-001=0,,,2017-09-19,87,61,394','2017-09-19 13:40:21'),(874,19,23,'764,RELATÓRIO DE NÃO CONFORMIDADE SPDA,FRY-1608.00-E18-001,,,1,764,,0,2017-09-19,,87,61,394','2017-09-19 13:43:38'),(875,19,14,'42,CONDOMÍNIO CENTRO EMPRESARIAL ELDORADO,CONDOMÍNIO ELDORADO','2017-09-19 13:52:55'),(876,19,15,'43,CONDOMINIO EDIFICIO RESERVA DO CANDEAL','2017-09-19 13:56:02'),(877,19,17,'0,LAUDO DE SPDA,1705,43,2,2017-09-01T03:00:00.000Z,2017-09-19T18:11:31.761Z,1','2017-09-19 14:12:29'),(878,19,18,'0,GERAL,1705.00,88','2017-09-19 14:12:46'),(879,19,35,'0,,1705.00,214','2017-09-19 14:13:03'),(880,19,24,'0,RELATÓRIO DE NÃO CONFORMIDADE SPDA,FRY-1705.00-E18-001,,,2017-09-19,88,61,395','2017-09-19 14:14:32'),(881,19,39,'765,159','2017-09-19 14:17:28'),(882,19,39,'764,160','2017-09-19 14:18:38'),(883,19,25,'765,RELATÓRIO DE NÃO CONFORMIDADE SPDA,395,61','2017-09-19 14:33:29'),(884,19,24,'0,RELATÓRIO DE NÃO CONFORMIDADE SPDA,FRY-1608.00-E18-001,,,2017-09-19,88,61,395','2017-09-19 14:34:26'),(885,19,25,'766,RELATÓRIO DE NÃO CONFORMIDADE SPDA,395,61','2017-09-19 14:37:35'),(886,19,25,'764,RELATÓRIO DE NÃO CONFORMIDADE SPDA,394,61','2017-09-19 14:38:23'),(887,19,24,'0,RELATÓRIO DE NÃO CONFORMIDADE SPDA,FRY-1608.00-E18-001,,,2017-09-18,87,61,394','2017-09-19 14:39:15'),(888,19,39,'767,161','2017-09-19 14:40:07'),(889,19,40,'6,GRD-2017-000006,87','2017-09-19 14:42:28'),(890,19,1,NULL,'2017-09-20 14:46:37'),(891,1,1,NULL,'2017-09-20 15:25:34'),(892,1,1,NULL,'2017-10-28 06:29:45'),(893,1,1,NULL,'2017-11-10 16:04:01'),(894,1,1,NULL,'2017-11-10 16:38:46'),(895,1,1,NULL,'2017-11-16 08:33:57'),(896,1,1,NULL,'2017-12-01 09:11:33'),(897,1,1,NULL,'2017-12-07 18:56:31'),(898,1,1,NULL,'2017-12-08 12:02:01'),(899,1,3,'Anthony Valério,anthony@faraday.com.br,tony,1','2017-12-08 12:03:03'),(900,1,3,'Paulo César,paulo.cesar@faraday.com.br,paulocesar,1','2017-12-08 12:03:57'),(901,1,3,'Ricardo,ricardo.luis@faraday.com.br,ricardo,0','2017-12-08 12:04:04'),(902,1,4,'Suziane Cristina,suziane.santos@faraday.com.br,suziane,1','2017-12-08 12:05:39'),(903,1,4,'Caio Dias,caio.dias@faraday.com.br,caio,1','2017-12-08 12:08:59'),(904,1,3,'Teste 1,teste1@faraday.com.br,teste1,0','2017-12-08 12:12:46'),(905,1,1,NULL,'2017-12-09 16:50:28'),(906,1,24,'768,teste,57,392','2017-12-09 17:10:10'),(907,1,24,'0,teste,TTT,,,2017-12-15,85,57,392','2017-12-09 17:10:10'),(908,1,39,'768,162','2017-12-09 17:12:20'),(909,1,40,'7,GRD-2017-000007,85','2017-12-09 17:23:00'),(910,19,1,NULL,'2017-12-11 11:04:44'),(911,1,1,NULL,'2017-12-11 13:14:16'),(912,1,3,'Anthony Valério,anthony@faraday.com.br,tony,1','2017-12-11 14:49:24'),(913,19,1,NULL,'2017-12-11 14:58:23'),(914,19,15,'44,TECON SALVADOR S.A,','2017-12-11 15:18:03'),(915,2,1,NULL,'2017-12-11 15:57:17'),(916,2,3,'Suziane Cristina,suziane.santos@faraday.com.br,suziane,1','2017-12-11 15:58:24'),(917,2,3,'Caio Dias,caio.dias@faraday.com.br,caio,1','2017-12-11 15:58:42'),(918,2,17,'0,PROJETO DOS AR CONDICIONADOS,1710,44,2,2017-12-11T17:59:53.502Z,2018-01-11T17:59:53.000Z,1','2017-12-11 16:03:20'),(919,2,18,'0,Geral,1710.00,89','2017-12-11 16:04:09'),(920,19,17,'0,PROJETO DE ENTRADA EMBASA - VILLAS,1606.01,20,2,2017-12-01T19:09:51.000Z,2017-12-31T19:09:51.000Z,1','2017-12-11 17:10:13'),(921,19,18,'0,geral,1606.01,90','2017-12-11 17:10:36'),(922,19,35,'0,geral,1606.01.00,216','2017-12-11 17:11:12'),(923,1,45,'5','2017-12-11 17:20:53'),(924,1,44,'5','2017-12-11 17:27:51'),(925,19,16,'90,1606,PROJETO DE ENTRADA EMBASA - VILLAS-PRAIA,20,2,2017-12-01,2017-12-31,1','2017-12-11 17:32:51'),(926,19,24,'769,CAIXA VENTOSA DESCARGA,36,396','2017-12-11 17:35:06'),(927,19,24,'0,CAIXA VENTOSA DESCARGA,2017.03.04-SAA-CXVD-PE-DE-HID-001.dwg,1606,,2017-12-31,90,36,396','2017-12-11 17:35:06'),(928,19,24,'770,DETALHES,36,396','2017-12-11 17:36:05'),(929,19,24,'0,DETALHES,2017.03.04-SAA-DET-PE-DE-HID-001.dwg,1606,,2017-12-11,90,36,396','2017-12-11 17:36:05'),(930,19,24,'771,GERAL REDE,36,396','2017-12-11 17:36:57'),(931,19,24,'0,GERAL REDE,2017.03.05-SAA-GER-PH-DE-HID-001.dwg,1606,,2017-12-11,90,36,396','2017-12-11 17:36:57'),(932,19,24,'772,LUR,36,396','2017-12-11 17:37:48'),(933,19,24,'0,LUR,2017.03.04-SAA-LUR-PB-DE-HID-001-R0.dwg,1606,,2017-12-11,90,36,396','2017-12-11 17:37:48'),(934,19,24,'773,REDE CÁLCULO,36,396','2017-12-11 17:39:24'),(935,19,24,'0,REDE CÁLCULO,2017.03.05-SES-DIS-PH-DE-HID-005 E 006-R0.dwg,1606,,2017-12-11,90,36,396','2017-12-11 17:39:24'),(936,19,24,'774,REDE-DETALHAMENTO,36,396','2017-12-11 17:42:43'),(937,19,24,'0,REDE-DETALHAMENTO,2017.03.05-SAA-DIS-PH-DE-HID-001 E 004-R0.dwg,1606,,2017-12-11,90,36,396','2017-12-11 17:42:43'),(938,19,24,'775,RESERVATORIO,36,396','2017-12-11 17:43:44'),(939,19,24,'0,RESERVATORIO,2017.03.04-SAA-RES-PB-DE-HID-001-R0.dwg,,,2017-12-11,90,36,396','2017-12-11 17:43:44'),(940,19,23,'769,CAIXA VENTOSA DESCARGA DN50 A DN250, VISTA SUPERIOR, PLANTA BAIXA E CORTE,2017.03.04-SAA-CXVD-PE-DE-HID-001,1606,,2017-12-31,90,1,36,396','2017-12-11 17:46:18'),(941,19,23,'770,DETALHES DE LIGAÇÃO PREDIAL, REGISTRO E BLOCOS DE ANCORAGEM PARA REDE,2017.03.04-SAA-DET-PE-DE-HID-001,1606,,2017-12-11,90,1,36,396','2017-12-11 17:47:14'),(942,19,23,'775,RESERVATÓRIO APOIADO DE 200M³- PLANTA BAIXA, CORTES E DETALHES,2017.03.04-SAA-RES-PB-DE-HID-001-R0.dwg,,,2017-12-11,90,1,36,396','2017-12-11 17:48:32'),(943,19,23,'774,REDE-DETALHAMENTO,2017.03.05-SAA-DIS-PH-DE-HID-001 E 004-R0,1606,,2017-12-11,90,1,36,396','2017-12-11 17:49:27'),(944,19,23,'773,REDE CÁLCULO,2017.03.05-SES-DIS-PH-DE-HID-005 E 006-R0,1606,,2017-12-11,90,1,36,396','2017-12-11 17:50:26'),(945,19,23,'772,LUR,2017.03.04-SAA-LUR-PB-DE-HID-001-R0,1606,,2017-12-11,90,1,36,396','2017-12-11 17:50:42'),(946,19,23,'771,GERAL REDE,2017.03.05-SAA-GER-PH-DE-HID-001,1606,,2017-12-11,90,1,36,396','2017-12-11 17:51:38'),(947,19,14,'20,BRAESA EMPREENDIMENTOS, INVESTIMENTOS E PARTICIPACOES LTDA,BRAESA','2017-12-11 17:53:06'),(948,19,23,'772,LAY OUT E URBANIZAÇÃO RESERVATÓRIO DE 200M³,2017.03.04-SAA-LUR-PB-DE-HID-001-R0,1606,,3,216,1,773,,0,2017-12-11,,90,36,396','2017-12-11 17:55:06'),(949,19,39,'770,163','2017-12-11 17:59:38'),(950,19,39,'771,164','2017-12-11 18:00:50'),(951,19,39,'772,165','2017-12-11 18:03:28'),(952,19,39,'773,166','2017-12-11 18:04:37'),(953,19,39,'774,167','2017-12-11 18:06:28'),(954,19,39,'775,168','2017-12-11 18:09:40'),(955,19,39,'776,169','2017-12-11 18:13:13'),(956,19,24,'776,MC,36,396','2017-12-11 18:18:02'),(957,19,24,'0,MC,MC_LOTEAMENTO-FINAL-R1,1606,,2017-12-31,90,36,396','2017-12-11 18:18:02'),(958,19,24,'777,TX,36,396','2017-12-11 18:18:47'),(959,19,24,'0,TX,01-SAA-HID-TX-HID-001-R1,1606,,2017-12-31,90,36,396','2017-12-11 18:18:47'),(960,19,39,'777,170','2017-12-11 18:20:45'),(961,19,39,'778,171','2017-12-11 18:21:36'),(962,2,1,NULL,'2017-12-11 19:47:22'),(963,1,1,NULL,'2017-12-12 03:01:43'),(964,2,1,NULL,'2017-12-12 11:51:07'),(965,2,38,'3,[9|3|1|2]','2017-12-12 11:58:45'),(966,2,37,'3,[9|4|1|2]','2017-12-12 11:58:56'),(967,2,27,'100,769','2017-12-12 11:59:39'),(968,2,27,'100,770','2017-12-12 12:21:17'),(969,2,27,'100,771','2017-12-12 12:22:36'),(970,2,27,'100,772','2017-12-12 12:25:05'),(971,2,27,'100,776','2017-12-12 12:33:26'),(972,2,27,'100,773','2017-12-12 12:37:22'),(973,2,27,'100,774','2017-12-12 12:37:51'),(974,2,27,'100,775','2017-12-12 12:38:53'),(975,2,27,'100,777','2017-12-12 12:39:13'),(976,2,40,'8,GRD-2017-000008,90','2017-12-12 12:41:55'),(977,2,45,'8','2017-12-12 12:42:42'),(978,19,1,NULL,'2017-12-12 12:54:13'),(979,19,44,'8','2017-12-12 12:56:15'),(980,1,1,NULL,'2017-12-12 14:02:06'),(981,19,1,NULL,'2017-12-12 16:50:57'),(982,19,17,'0,PROJETO DOS AR CONDICIONADOS,1710,44,2,2017-12-01T19:11:46.000Z,2017-12-31T19:11:46.000Z,1','2017-12-12 17:12:39'),(983,19,18,'0,Geral,1710.01,91','2017-12-12 17:15:49'),(984,19,35,'0,geral,1710.01.00,217','2017-12-12 17:17:24'),(985,19,24,'778,ARMAZÉM,35,397','2017-12-12 17:18:27'),(986,19,24,'0,ARMAZÉM,ARMAZÉM,1710,,2017-12-31,91,35,397','2017-12-12 17:18:27'),(987,19,24,'779,GUARITA - GATE IN 01,35,397','2017-12-12 17:19:05'),(988,19,24,'0,GUARITA - GATE IN 01,GUARITA - GATE IN 01,1710,,2017-12-31,91,35,397','2017-12-12 17:19:05'),(989,19,24,'780,GUARITA - GATE OUT,35,397','2017-12-12 17:22:29'),(990,19,24,'0,GUARITA - GATE OUT,GUARITA - GATE OUT,1710,,2017-12-31,91,35,397','2017-12-12 17:22:29'),(991,19,24,'781,GUARITA TRIAGEM,35,397','2017-12-12 17:23:15'),(992,19,24,'0,GUARITA TRIAGEM,GUARITA TRIAGEM,1710,,2017-12-31,91,35,397','2017-12-12 17:23:15'),(993,19,24,'782,MARINER,35,397','2017-12-12 17:25:10'),(994,19,24,'0,MARINER,MARINER,1710,,2017-12-31,91,35,397','2017-12-12 17:25:10'),(995,19,24,'783,MEZANINO (ARMAZEM),35,397','2017-12-12 17:33:34'),(996,19,24,'0,MEZANINO (ARMAZEM),MEZANINO (ARMAZEM),1710,,2017-12-31,91,35,397','2017-12-12 17:33:34'),(997,19,24,'784,OFICINA E ALMOXARIFADO,35,397','2017-12-12 17:34:57'),(998,19,24,'0,OFICINA E ALMOXARIFADO,OFICINA E ALMOXARIFADO,1710,,2017-12-31,91,35,397','2017-12-12 17:34:57'),(999,19,24,'785,plano de manutenção dos ar condicionados,26,397','2017-12-12 17:36:28'),(1000,19,24,'0,plano de manutenção dos ar condicionados,plano de manutenção dos ar condicionados,1710,,2017-12-31,91,26,397','2017-12-12 17:36:28'),(1001,19,24,'786,PRÉDIO ADM (ALA NOVA E ANTIGA),35,397','2017-12-12 17:37:03'),(1002,19,24,'0,PRÉDIO ADM (ALA NOVA E ANTIGA),PRÉDIO ADM (ALA NOVA E ANTIGA),,,2017-12-31,91,35,397','2017-12-12 17:37:03'),(1003,1,1,NULL,'2017-12-12 18:04:42'),(1004,1,45,'8','2017-12-12 18:05:34'),(1005,21,1,NULL,'2017-12-12 19:04:34'),(1006,2,1,NULL,'2017-12-12 19:28:53'),(1007,2,40,'9,GRD-2017-000009,90','2017-12-12 19:30:45'),(1008,2,44,'9','2017-12-12 19:31:26'),(1009,2,1,NULL,'2017-12-12 20:04:44'),(1010,2,21,'Contrato,contratowilsonSons.pdf,application/pdf,8215848,0','2017-12-12 20:14:00'),(1011,2,19,'217,1710,Geral,91','2017-12-12 20:15:11'),(1012,2,34,'397,Geral,1710.00,217','2017-12-12 20:15:49'),(1013,2,35,'0,Administrativo,1710.01,217','2017-12-12 20:16:15'),(1014,2,34,'398,Predio Administrativo,1710.01,217','2017-12-12 20:23:15'),(1015,2,35,'0,Armazém,1710.02,217','2017-12-12 20:25:19'),(1016,2,35,'0,Guarita - Gate in,1710.03,217','2017-12-12 20:26:37'),(1017,2,35,'0,Guarita Triagem,1710.04,217','2017-12-12 20:27:26'),(1018,2,36,'398,Predio Administrativo,1710.01,217','2017-12-12 20:28:07'),(1019,2,36,'399,Armazém,1710.02,217','2017-12-12 20:28:11'),(1020,2,36,'400,Guarita - Gate in,1710.03,217','2017-12-12 20:28:14'),(1021,2,36,'401,Guarita Triagem,1710.04,217','2017-12-12 20:28:17'),(1022,2,19,'217,1710,Geral,91','2017-12-12 20:28:54'),(1023,2,23,'778,ARMAZÉM,ARMAZÉM,,,3,217,1,779,,0,2017-12-31,,91,35,397','2017-12-12 20:29:26'),(1024,2,35,'0,Documentos de Referencia,DR,217','2017-12-12 20:30:20'),(1025,2,25,'778,ARMAZÉM,397,35','2017-12-12 20:32:00'),(1026,2,25,'779,GUARITA - GATE IN 01,397,35','2017-12-12 20:32:05'),(1027,2,25,'780,GUARITA - GATE OUT,397,35','2017-12-12 20:32:10'),(1028,2,25,'781,GUARITA TRIAGEM,397,35','2017-12-12 20:32:14'),(1029,2,25,'782,MARINER,397,35','2017-12-12 20:32:18'),(1030,2,25,'783,MEZANINO (ARMAZEM),397,35','2017-12-12 20:32:23'),(1031,2,25,'784,OFICINA E ALMOXARIFADO,397,35','2017-12-12 20:32:28'),(1032,2,25,'785,plano de manutenção dos ar condicionados,397,26','2017-12-12 20:32:33'),(1033,2,25,'786,PRÉDIO ADM (ALA NOVA E ANTIGA),397,35','2017-12-12 20:32:37'),(1034,2,24,'787,Armazem,35,402','2017-12-12 20:33:49'),(1035,2,24,'0,Armazem,Armazem,,,2017-12-12,91,35,402','2017-12-12 20:33:49'),(1036,2,24,'788,Guarita in,35,402','2017-12-12 20:34:53'),(1037,2,24,'0,Guarita in,Guarita in,,,2017-12-01,91,35,402','2017-12-12 20:34:53'),(1038,2,23,'788,Guarita gate in,Guarita gate in,,,2017-12-01,91,1,35,402','2017-12-12 20:35:36'),(1039,2,24,'789,Guarita gate out,35,402','2017-12-12 20:36:45'),(1040,2,24,'0,Guarita gate out,Guarita gate out,,,2017-12-12,91,35,402','2017-12-12 20:36:45'),(1041,2,24,'790,Guarita triagem,35,402','2017-12-12 20:39:59'),(1042,2,24,'0,Guarita triagem,Guarita triagem,,,2017-12-12,91,35,402','2017-12-12 20:39:59'),(1043,2,24,'791,mariner,35,402','2017-12-12 20:41:55'),(1044,2,24,'0,mariner,mariner,,,2017-12-12,91,35,402','2017-12-12 20:41:55'),(1045,21,1,NULL,'2017-12-12 21:01:57'),(1046,1,1,NULL,'2017-12-13 00:09:33');
/*!40000 ALTER TABLE `gdoks_log` ENABLE KEYS */;
UNLOCK TABLES;

--
-- Table structure for table `gdoks_observacoes`
--

DROP TABLE IF EXISTS `gdoks_observacoes`;
/*!40101 SET @saved_cs_client     = @@character_set_client */;
/*!40101 SET character_set_client = utf8 */;
CREATE TABLE `gdoks_observacoes` (
  `id` int(11) NOT NULL AUTO_INCREMENT,
  `id_grd` int(11) NOT NULL,
  `id_revisao` int(11) NOT NULL,
  `obs` text,
  `comentario_cliente` text,
  `data_recebida` date DEFAULT NULL,
  `datahora_registrada` datetime DEFAULT NULL,
  `idu` int(11) DEFAULT NULL,
  PRIMARY KEY (`id`),
  KEY `FK_grd_x_revisao_idx` (`id_grd`,`id_revisao`),
  KEY `FK_obs_x_idu_idx` (`idu`),
  CONSTRAINT `FK_grd_x_revisao` FOREIGN KEY (`id_grd`, `id_revisao`) REFERENCES `gdoks_grds_x_revisoes` (`id_grd`, `id_revisao`) ON DELETE CASCADE ON UPDATE CASCADE,
  CONSTRAINT `FK_obs_x_idu` FOREIGN KEY (`idu`) REFERENCES `gdoks_usuarios` (`id`) ON DELETE SET NULL ON UPDATE SET NULL
) ENGINE=InnoDB DEFAULT CHARSET=utf8;
/*!40101 SET character_set_client = @saved_cs_client */;

--
-- Dumping data for table `gdoks_observacoes`
--

LOCK TABLES `gdoks_observacoes` WRITE;
/*!40000 ALTER TABLE `gdoks_observacoes` DISABLE KEYS */;
/*!40000 ALTER TABLE `gdoks_observacoes` ENABLE KEYS */;
UNLOCK TABLES;

--
-- Table structure for table `gdoks_observacoes_arquivos`
--

DROP TABLE IF EXISTS `gdoks_observacoes_arquivos`;
/*!40101 SET @saved_cs_client     = @@character_set_client */;
/*!40101 SET character_set_client = utf8 */;
CREATE TABLE `gdoks_observacoes_arquivos` (
  `id` int(11) NOT NULL AUTO_INCREMENT,
  `caminho` varchar(256) DEFAULT NULL,
  `nome_cliente` varchar(60) DEFAULT NULL,
  `id_observacao` int(11) DEFAULT NULL,
  PRIMARY KEY (`id`),
  KEY `FK_id_obs_x_arquivo_idx` (`id_observacao`),
  CONSTRAINT `FK_id_obs_x_arquivo` FOREIGN KEY (`id_observacao`) REFERENCES `gdoks_observacoes` (`id`) ON DELETE CASCADE ON UPDATE CASCADE
) ENGINE=InnoDB DEFAULT CHARSET=utf8;
/*!40101 SET character_set_client = @saved_cs_client */;

--
-- Dumping data for table `gdoks_observacoes_arquivos`
--

LOCK TABLES `gdoks_observacoes_arquivos` WRITE;
/*!40000 ALTER TABLE `gdoks_observacoes_arquivos` DISABLE KEYS */;
/*!40000 ALTER TABLE `gdoks_observacoes_arquivos` ENABLE KEYS */;
UNLOCK TABLES;

--
-- Table structure for table `gdoks_opcoes_de_telas`
--

DROP TABLE IF EXISTS `gdoks_opcoes_de_telas`;
/*!40101 SET @saved_cs_client     = @@character_set_client */;
/*!40101 SET character_set_client = utf8 */;
CREATE TABLE `gdoks_opcoes_de_telas` (
  `id` int(11) NOT NULL AUTO_INCREMENT,
  `descricao` varchar(60) NOT NULL,
  `valor_padrao` tinyint(4) NOT NULL DEFAULT '1',
  `abreviacao` varchar(20) NOT NULL,
  `id_tela` int(11) NOT NULL,
  PRIMARY KEY (`id`),
  UNIQUE KEY `UQ_id_opcao_de_tela_x_id_tela` (`id`,`id_tela`),
  UNIQUE KEY `abreviacao_UNIQUE` (`abreviacao`),
  KEY `FK_id_opcoes_de_tela_x_tela_idx` (`id_tela`),
  CONSTRAINT `FK_id_opcoes_de_tela_x_tela` FOREIGN KEY (`id_tela`) REFERENCES `gdoks_telas` (`id`) ON DELETE CASCADE ON UPDATE CASCADE
) ENGINE=InnoDB AUTO_INCREMENT=17 DEFAULT CHARSET=utf8;
/*!40101 SET character_set_client = @saved_cs_client */;

--
-- Dumping data for table `gdoks_opcoes_de_telas`
--

LOCK TABLES `gdoks_opcoes_de_telas` WRITE;
/*!40000 ALTER TABLE `gdoks_opcoes_de_telas` DISABLE KEYS */;
INSERT INTO `gdoks_opcoes_de_telas` VALUES (1,'Cadastrar novo projeto',1,'CadastrarNovoPrj',1),(2,'Acessar um projeto cadastrado',1,'AcessarPrj',1),(3,'Adicionar um novo usuário',1,'AddNovoUsuario',2),(4,'Acessar/Alterar o cadastro de um outro usuário',1,'AlterarUsuario',2),(5,'Criar uma nova GRD',1,'CriarGRD',4),(6,'Enviar uma GRD ao cliente',1,'EnviarGRD',4),(7,'Acessar a tela de um documento a partir da tela da GRD',0,'AcessarDocDeGRD',4),(8,'Adicionar uma disciplina',1,'AddDisc',5),(9,'Acessar/Alterar as informações de uma disciplina',1,'AlterarDisc',5),(10,'Cadastrar especialistas na disciplina',1,'CadastrarEspEmDisc',5),(11,'Cadastrar validadores na disciplina',1,'CadastrarValEmDisc',5),(12,'Adicionar Cliente',1,'AddCliente',6),(13,'Acessar/Alterar informações de um cliente',1,'AlterarCliente',6),(14,'Adicionar um cargo',1,'AddCargo',7),(15,'Alterar as informações de um cargo (Valor da HH, etc)',1,'AlterarCargo',7),(16,'Remover um cargo',1,'RemoverCargo',7);
/*!40000 ALTER TABLE `gdoks_opcoes_de_telas` ENABLE KEYS */;
UNLOCK TABLES;

--
-- Table structure for table `gdoks_pdas`
--

DROP TABLE IF EXISTS `gdoks_pdas`;
/*!40101 SET @saved_cs_client     = @@character_set_client */;
/*!40101 SET character_set_client = utf8 */;
CREATE TABLE `gdoks_pdas` (
  `id` int(11) NOT NULL AUTO_INCREMENT,
  `progresso_total` smallint(8) NOT NULL DEFAULT '0',
  `id_revisao` int(11) DEFAULT NULL,
  `idu_validador` int(11) DEFAULT NULL,
  `datahora_validacao` datetime DEFAULT NULL,
  `idu` int(11) NOT NULL,
  `datahora` datetime NOT NULL,
  `obs` tinytext,
  PRIMARY KEY (`id`),
  KEY `FK_pda_id_revisão_x_revisão_idx` (`id_revisao`),
  KEY `FK_pda_idu_x_usuarios_idx` (`idu`),
  CONSTRAINT `FK_pda_id_revisão_x_revisão` FOREIGN KEY (`id_revisao`) REFERENCES `gdoks_revisoes` (`id`) ON DELETE CASCADE ON UPDATE CASCADE,
  CONSTRAINT `FK_pda_idu_x_usuarios` FOREIGN KEY (`idu`) REFERENCES `gdoks_usuarios` (`id`) ON DELETE NO ACTION ON UPDATE NO ACTION
) ENGINE=InnoDB AUTO_INCREMENT=172 DEFAULT CHARSET=utf8;
/*!40101 SET character_set_client = @saved_cs_client */;

--
-- Dumping data for table `gdoks_pdas`
--

LOCK TABLES `gdoks_pdas` WRITE;
/*!40000 ALTER TABLE `gdoks_pdas` DISABLE KEYS */;
INSERT INTO `gdoks_pdas` VALUES (1,5,615,19,'2017-08-25 13:53:34',19,'2017-08-25 13:53:08','Primeira Carga 5%'),(2,15,615,19,'2017-08-25 13:55:35',19,'2017-08-25 13:55:25','Primeira Carga 2'),(3,25,615,19,'2017-08-25 14:00:40',19,'2017-08-25 13:59:32','Primeira Carga 3'),(4,50,615,19,'2017-08-25 14:07:44',19,'2017-08-25 14:05:31','primeira Carga 4'),(5,55,615,19,'2017-08-25 14:15:38',19,'2017-08-25 14:15:15','Primeira carga'),(6,65,615,19,'2017-08-25 14:17:24',19,'2017-08-25 14:17:14','Primeira carga'),(7,75,615,19,'2017-08-25 14:21:37',19,'2017-08-25 14:20:27','Primeira carga'),(8,80,615,19,'2017-08-25 14:32:29',19,'2017-08-25 14:30:52','Primeira carga'),(9,85,615,19,'2017-08-25 14:34:20',19,'2017-08-25 14:33:58','Primeira carga'),(10,100,615,19,'2017-08-25 14:35:52',19,'2017-08-25 14:35:46','Primeira carga'),(18,100,622,19,'2017-08-25 15:18:59',19,'2017-08-25 15:18:52','Primeira carga'),(19,100,621,19,'2017-08-25 15:21:14',19,'2017-08-25 15:20:02','Primeira carga'),(20,100,619,19,'2017-08-25 15:22:20',19,'2017-08-25 15:22:14','Primeira carga'),(21,100,618,19,'2017-08-25 15:23:11',19,'2017-08-25 15:23:07','Primeira carga'),(22,200,620,19,'2017-08-25 15:25:29',19,'2017-08-25 15:25:10','Primeira carga'),(23,100,616,19,'2017-08-25 15:28:09',19,'2017-08-25 15:28:05','Primeira carga'),(24,100,617,19,'2017-08-25 15:30:11',19,'2017-08-25 15:30:07','Primeira carga'),(25,100,623,19,'2017-08-25 15:32:22',19,'2017-08-25 15:32:16','Primeira carga'),(26,100,634,19,'2017-08-25 15:38:11',19,'2017-08-25 15:38:06','Primeira carga'),(27,100,635,19,'2017-08-25 15:42:13',19,'2017-08-25 15:42:05','Primeira carga'),(28,100,631,19,'2017-08-25 15:43:39',19,'2017-08-25 15:43:34','Primeira carga'),(29,100,638,19,'2017-08-28 13:17:05',19,'2017-08-25 15:47:16','Primeira carga'),(30,100,629,19,'2017-08-25 15:51:04',19,'2017-08-25 15:50:44','Primeira carga'),(32,100,630,19,'2017-08-28 13:09:22',19,'2017-08-28 13:09:09','Primeira carga'),(33,100,624,19,'2017-08-28 13:10:36',19,'2017-08-28 13:10:31','Primeira carga'),(34,100,626,19,'2017-08-28 13:16:16',19,'2017-08-28 13:16:10','Primeira carga'),(36,100,637,19,'2017-08-28 13:22:49',19,'2017-08-28 13:22:45','Primeira carga'),(37,100,636,19,'2017-08-28 13:25:59',19,'2017-08-28 13:25:54','Primeira carga'),(38,100,648,19,'2017-08-28 14:01:40',19,'2017-08-28 14:01:33','Primeira carga'),(47,100,667,19,'2017-08-29 13:18:54',19,'2017-08-29 13:18:48','Primeira carga'),(48,100,658,19,'2017-08-29 13:20:05',19,'2017-08-29 13:20:01','primeira carga'),(49,100,665,19,'2017-08-29 13:21:11',19,'2017-08-29 13:21:05','Primeira carga'),(50,100,663,19,'2017-08-29 13:23:07',19,'2017-08-29 13:23:03','Primeira carga'),(51,200,660,19,'2017-08-29 13:23:58',19,'2017-08-29 13:23:52','Primeira carga'),(52,100,664,19,'2017-08-29 13:24:46',19,'2017-08-29 13:24:42','primeira carga'),(53,100,666,19,'2017-08-29 13:27:11',19,'2017-08-29 13:27:07','Primeira carga'),(54,100,668,19,'2017-08-29 13:28:46',19,'2017-08-29 13:28:37','primeira carga'),(55,100,669,19,'2017-08-29 13:31:03',19,'2017-08-29 13:30:59','Primeira carga'),(56,100,670,19,'2017-08-29 13:32:08',19,'2017-08-29 13:32:04','primeira carga'),(57,100,661,19,'2017-08-29 13:34:03',19,'2017-08-29 13:33:42','primeira carga'),(58,100,672,19,'2017-08-29 13:35:44',19,'2017-08-29 13:35:39','primeira carga'),(59,100,671,19,'2017-08-29 13:37:15',19,'2017-08-29 13:37:09','primeira carga'),(60,100,673,19,'2017-08-29 13:39:06',19,'2017-08-29 13:39:03','primeira carga'),(61,100,659,19,'2017-08-29 13:40:04',19,'2017-08-29 13:40:00','primeira carga'),(62,100,662,19,'2017-08-29 13:40:49',19,'2017-08-29 13:40:40','primeira carga'),(63,100,674,19,'2017-08-29 14:15:23',19,'2017-08-29 14:15:19','Primeira carga'),(64,50,678,19,'2017-08-29 14:19:44',19,'2017-08-29 14:19:32','primeira carga'),(65,50,678,NULL,NULL,19,'2017-08-29 14:21:24','primeira carga'),(66,52,678,19,'2017-08-29 14:35:07',19,'2017-08-29 14:35:01','primeira carga'),(67,100,678,19,'2017-08-29 14:39:59',19,'2017-08-29 14:38:28','Primeira carga'),(68,100,676,19,'2017-08-29 14:49:44',19,'2017-08-29 14:49:40','Primeira carga'),(69,50,675,19,'2017-08-29 14:54:28',19,'2017-08-29 14:54:10','Primeira carga'),(70,70,675,19,'2017-08-29 14:58:37',19,'2017-08-29 14:58:32','Primeira carga'),(71,100,675,19,'2017-08-29 15:00:00',19,'2017-08-29 14:59:53','Primeira carga'),(72,100,677,19,'2017-08-29 15:03:11',19,'2017-08-29 15:03:03','Primeira carga'),(73,100,679,19,'2017-08-29 15:04:37',19,'2017-08-29 15:04:31','Primeira carga'),(77,100,691,19,'2017-08-29 16:06:59',19,'2017-08-29 16:06:41','primeira carga'),(78,100,690,19,'2017-08-29 16:07:39',19,'2017-08-29 16:07:35','primeira carga'),(79,100,686,19,'2017-08-29 16:08:17',19,'2017-08-29 16:08:12','primeira carga'),(80,100,692,19,'2017-08-29 16:09:06',19,'2017-08-29 16:09:02','primeira carga'),(81,100,687,19,'2017-08-29 16:09:50',19,'2017-08-29 16:09:46','primeira carga'),(82,100,682,19,'2017-08-29 16:10:31',19,'2017-08-29 16:10:28','primeira carga'),(83,100,683,19,'2017-08-29 16:11:06',19,'2017-08-29 16:11:01','primeira carga'),(84,100,684,19,'2017-08-29 16:11:42',19,'2017-08-29 16:11:37','primeira carga'),(85,100,685,19,'2017-08-29 16:12:21',19,'2017-08-29 16:12:17','primeira carga'),(86,100,689,19,'2017-08-29 16:13:39',19,'2017-08-29 16:13:35','primeira carga'),(87,100,688,19,'2017-08-29 16:14:13',19,'2017-08-29 16:14:08','primeira carga'),(88,100,695,19,'2017-09-01 13:47:51',19,'2017-08-30 14:01:39','Primeira carga'),(89,100,696,19,'2017-09-01 13:54:29',19,'2017-08-30 14:03:56','Primeira carga'),(90,100,697,NULL,NULL,19,'2017-08-30 14:06:41','Primeira carga'),(91,100,698,NULL,NULL,19,'2017-08-30 14:07:45','Primeira carga'),(92,100,694,19,'2017-09-11 15:33:04',19,'2017-08-30 14:10:59','Primeira carga'),(93,100,699,NULL,NULL,19,'2017-08-30 14:13:24','Primeira carga'),(94,100,702,19,'2017-08-30 14:43:40',19,'2017-08-30 14:43:05','Primeira carga'),(95,100,700,19,'2017-08-30 14:44:31',19,'2017-08-30 14:44:27','Primeira carga'),(96,200,701,19,'2017-08-30 14:45:49',19,'2017-08-30 14:45:43','Primeira carga'),(97,100,704,19,'2017-08-30 14:47:04',19,'2017-08-30 14:46:57','Primeira carga'),(98,100,705,19,'2017-08-30 14:48:10',19,'2017-08-30 14:48:07','Primeira carga'),(99,100,703,19,'2017-08-30 14:48:58',19,'2017-08-30 14:48:54','Primeira carga'),(100,100,706,19,'2017-08-30 15:01:32',19,'2017-08-30 15:01:16','Primeira carga'),(101,100,710,19,'2017-08-30 15:30:27',19,'2017-08-30 15:30:17','primeira carga'),(102,100,712,19,'2017-08-30 15:34:53',19,'2017-08-30 15:34:49','PRIMEIRA CARGA'),(103,100,711,19,'2017-08-30 15:35:53',19,'2017-08-30 15:35:49','PRIMEIRA CARGA'),(104,100,709,19,'2017-08-30 15:36:54',19,'2017-08-30 15:36:48','PRIMEIRA CARGA'),(105,100,707,19,'2017-08-30 15:38:35',19,'2017-08-30 15:38:32','PRIMEIRA CARGA'),(106,100,708,19,'2017-08-30 15:39:18',19,'2017-08-30 15:39:14','PRIMEIRA CARGA'),(107,100,710,NULL,NULL,19,'2017-08-30 15:50:20','PRIMEIRA CARGA'),(108,100,715,19,'2017-08-30 16:19:31',19,'2017-08-30 16:19:27','primeira carga'),(109,100,714,19,'2017-08-30 16:20:14',19,'2017-08-30 16:20:10','primeira carga'),(110,100,717,19,'2017-08-30 16:21:36',19,'2017-08-30 16:21:32','primeira carga'),(111,100,713,19,'2017-08-30 16:23:02',19,'2017-08-30 16:22:58','primeira carga'),(112,100,716,19,'2017-08-30 16:23:52',19,'2017-08-30 16:23:49','primeira carga'),(113,100,721,19,'2017-08-31 13:43:50',19,'2017-08-31 13:43:45','Primeira carga'),(114,100,725,19,'2017-08-31 13:45:16',19,'2017-08-31 13:44:41','primeira carga'),(115,100,722,19,'2017-08-31 13:46:15',19,'2017-08-31 13:46:10','Primeira carga'),(116,100,724,19,'2017-08-31 13:48:23',19,'2017-08-31 13:48:20','Primeira carga'),(117,100,723,19,'2017-08-31 13:51:06',19,'2017-08-31 13:50:50','Primeira carga'),(118,100,720,19,'2017-08-31 13:52:27',19,'2017-08-31 13:52:23','Primeira carga'),(119,100,718,19,'2017-08-31 13:55:15',19,'2017-08-31 13:54:49','Primeira carga'),(120,100,719,19,'2017-08-31 13:56:18',19,'2017-08-31 13:56:07','Primeira carga'),(121,100,729,19,'2017-08-31 14:17:41',19,'2017-08-31 14:17:19','Primeira carga'),(122,100,727,19,'2017-08-31 14:20:23',19,'2017-08-31 14:20:18','Primeira carga'),(123,100,728,19,'2017-08-31 14:24:26',19,'2017-08-31 14:24:22','Primeira carga'),(124,100,726,19,'2017-08-31 14:25:04',19,'2017-08-31 14:25:00','Primeira carga'),(125,100,732,19,'2017-08-31 14:44:31',19,'2017-08-31 14:44:28','Primeira carga'),(126,100,730,19,'2017-08-31 14:45:44',19,'2017-08-31 14:45:32','Primeira carga'),(127,100,731,19,'2017-08-31 14:48:32',19,'2017-08-31 14:48:13','Primeira carga'),(128,100,737,19,'2017-08-31 15:06:16',19,'2017-08-31 15:06:12','Primeira carga'),(129,100,738,19,'2017-08-31 15:10:23',19,'2017-08-31 15:09:01','Primeira carga'),(130,100,735,19,'2017-08-31 15:11:42',19,'2017-08-31 15:11:39','Primeira carga'),(131,100,736,19,'2017-08-31 15:12:35',19,'2017-08-31 15:12:31','primeira carga'),(132,100,733,19,'2017-08-31 15:13:28',19,'2017-08-31 15:13:24','Primeira carga'),(133,100,734,19,'2017-08-31 15:14:43',19,'2017-08-31 15:14:32','Primeira carga'),(134,100,739,19,'2017-08-31 15:24:12',19,'2017-08-31 15:24:06','primeira carga'),(135,100,740,19,'2017-08-31 15:25:03',19,'2017-08-31 15:24:55','Primeira carga'),(136,100,747,19,'2017-08-31 15:53:40',19,'2017-08-31 15:53:34','Primeira carga'),(137,100,743,19,'2017-08-31 15:54:55',19,'2017-08-31 15:54:52','Primeira carga'),(138,100,741,19,'2017-08-31 15:55:44',19,'2017-08-31 15:55:41','Primeira carga'),(139,100,744,19,'2017-08-31 15:57:50',19,'2017-08-31 15:57:45','Primeira carga'),(140,100,745,19,'2017-08-31 15:58:40',19,'2017-08-31 15:58:34','primeira carga'),(141,100,746,19,'2017-08-31 15:59:25',19,'2017-08-31 15:59:21','Primeira carga'),(142,100,742,19,'2017-08-31 16:00:24',19,'2017-08-31 16:00:18','Primeira carga'),(144,100,748,19,'2017-08-31 16:08:39',19,'2017-08-31 16:08:35','primeira carga'),(145,100,706,NULL,NULL,19,'2017-09-01 15:22:33','Primeira carga'),(146,100,751,19,'2017-09-06 15:19:19',19,'2017-09-06 15:18:37','primeira carga'),(147,100,759,19,'2017-09-11 15:17:49',19,'2017-09-11 15:17:45','primeira carga'),(148,100,760,19,'2017-09-11 15:22:44',19,'2017-09-11 15:22:38','Primeira carga'),(149,100,758,19,'2017-09-11 15:25:27',19,'2017-09-11 15:24:28','Primeira carga'),(150,100,755,19,'2017-09-11 15:26:42',19,'2017-09-11 15:26:38','Primeira carga'),(151,100,756,19,'2017-09-11 15:27:45',19,'2017-09-11 15:27:42','Primeira carga'),(152,100,757,19,'2017-09-11 15:29:43',19,'2017-09-11 15:29:37','primeira carga'),(153,100,763,19,'2017-09-11 15:32:40',19,'2017-09-11 15:32:32','Primeira carga'),(154,100,753,19,'2017-09-11 15:34:35',19,'2017-09-11 15:34:30','Primeira carga'),(155,100,754,19,'2017-09-11 15:38:25',19,'2017-09-11 15:38:19','Primeira carga'),(156,100,752,19,'2017-09-11 15:39:41',19,'2017-09-11 15:39:38','Primeira carga'),(157,100,761,19,'2017-09-11 15:45:13',19,'2017-09-11 15:45:06','Primeira carga'),(158,100,762,19,'2017-09-12 13:41:02',19,'2017-09-12 13:40:28','Primeira carga'),(161,100,767,19,'2017-09-19 14:40:48',19,'2017-09-19 14:40:07','PRIMEIRA CARGA'),(162,0,768,NULL,NULL,1,'2017-12-09 17:12:20',''),(163,100,770,2,'2017-12-12 11:59:39',19,'2017-12-11 17:59:38',''),(164,100,771,2,'2017-12-12 12:21:17',19,'2017-12-11 18:00:50','PRIMEIRA CARGA'),(165,100,772,2,'2017-12-12 12:22:36',19,'2017-12-11 18:03:28','PRIMEIRA CARGA'),(166,100,773,2,'2017-12-12 12:25:05',19,'2017-12-11 18:04:37','PRIMEIRA CARGA'),(167,100,774,2,'2017-12-12 12:37:22',19,'2017-12-11 18:06:28','PRIMEIRA CARGA'),(168,100,775,2,'2017-12-12 12:37:51',19,'2017-12-11 18:09:40','PRIMEIRA CARGA'),(169,100,776,2,'2017-12-12 12:38:53',19,'2017-12-11 18:13:13','PRIMEIRA CARGA'),(170,100,777,2,'2017-12-12 12:33:26',19,'2017-12-11 18:20:45','PRIMEIRA CARGA'),(171,100,778,2,'2017-12-12 12:39:13',19,'2017-12-11 18:21:36','');
/*!40000 ALTER TABLE `gdoks_pdas` ENABLE KEYS */;
UNLOCK TABLES;

--
-- Table structure for table `gdoks_pdas_x_arquivos`
--

DROP TABLE IF EXISTS `gdoks_pdas_x_arquivos`;
/*!40101 SET @saved_cs_client     = @@character_set_client */;
/*!40101 SET character_set_client = utf8 */;
CREATE TABLE `gdoks_pdas_x_arquivos` (
  `id` int(11) NOT NULL AUTO_INCREMENT,
  `id_pda` int(11) DEFAULT NULL,
  `id_arquivo` int(11) DEFAULT NULL,
  PRIMARY KEY (`id`),
  UNIQUE KEY `UQ_pda_x_arquivo` (`id_pda`,`id_arquivo`),
  KEY `FK_id_pda_x_pdas_idx` (`id_pda`),
  KEY `FK_id_arquivo_x_arquivos_idx` (`id_arquivo`),
  CONSTRAINT `FK_id_arquivo_x_arquivos` FOREIGN KEY (`id_arquivo`) REFERENCES `gdoks_arquivos` (`id`) ON DELETE CASCADE ON UPDATE CASCADE,
  CONSTRAINT `FK_id_pda_x_pdas` FOREIGN KEY (`id_pda`) REFERENCES `gdoks_pdas` (`id`) ON DELETE CASCADE ON UPDATE CASCADE
) ENGINE=InnoDB AUTO_INCREMENT=825 DEFAULT CHARSET=utf8;
/*!40101 SET character_set_client = @saved_cs_client */;

--
-- Dumping data for table `gdoks_pdas_x_arquivos`
--

LOCK TABLES `gdoks_pdas_x_arquivos` WRITE;
/*!40000 ALTER TABLE `gdoks_pdas_x_arquivos` DISABLE KEYS */;
INSERT INTO `gdoks_pdas_x_arquivos` VALUES (1,1,229),(2,2,229),(3,2,230),(4,2,231),(5,2,232),(6,3,229),(7,3,230),(8,3,231),(9,3,232),(10,3,233),(11,3,234),(12,3,235),(13,4,229),(14,4,230),(15,4,231),(16,4,232),(17,4,233),(18,4,236),(19,4,237),(20,4,238),(21,4,239),(22,4,240),(23,4,241),(24,5,229),(25,5,230),(26,5,231),(27,5,232),(28,5,233),(29,5,236),(30,5,237),(31,5,238),(32,5,239),(33,5,240),(34,5,241),(35,5,242),(36,6,229),(37,6,230),(38,6,231),(39,6,232),(40,6,233),(41,6,236),(42,6,237),(43,6,238),(44,6,239),(45,6,240),(46,6,241),(47,6,242),(48,6,243),(49,6,244),(50,6,245),(51,6,246),(52,6,247),(53,6,248),(54,7,229),(55,7,230),(56,7,231),(57,7,232),(58,7,233),(59,7,236),(60,7,237),(61,7,238),(62,7,239),(63,7,240),(64,7,241),(65,7,242),(66,7,243),(67,7,244),(68,7,245),(69,7,246),(70,7,247),(71,7,248),(72,7,249),(73,7,250),(74,7,251),(75,7,252),(76,7,253),(77,7,254),(78,8,229),(79,8,230),(80,8,231),(81,8,232),(82,8,233),(83,8,236),(84,8,237),(85,8,238),(86,8,239),(87,8,240),(88,8,241),(89,8,242),(90,8,243),(91,8,244),(92,8,245),(93,8,246),(94,8,247),(95,8,248),(96,8,249),(97,8,250),(98,8,251),(99,8,252),(100,8,253),(101,8,254),(102,8,255),(103,8,256),(104,8,257),(105,9,229),(106,9,230),(107,9,231),(108,9,232),(109,9,233),(110,9,236),(111,9,237),(112,9,238),(113,9,239),(114,9,240),(115,9,241),(116,9,242),(117,9,243),(118,9,244),(119,9,245),(120,9,246),(121,9,247),(122,9,248),(123,9,249),(124,9,250),(125,9,251),(126,9,252),(127,9,253),(128,9,254),(129,9,255),(130,9,256),(131,9,257),(132,9,258),(133,9,259),(134,9,260),(135,9,261),(136,10,229),(137,10,230),(138,10,231),(139,10,232),(140,10,233),(141,10,236),(142,10,237),(143,10,238),(144,10,239),(145,10,240),(146,10,241),(147,10,242),(148,10,243),(149,10,244),(150,10,245),(151,10,246),(152,10,247),(153,10,248),(154,10,249),(155,10,250),(156,10,251),(157,10,252),(158,10,253),(159,10,254),(160,10,255),(161,10,256),(162,10,257),(163,10,258),(164,10,259),(165,10,260),(166,10,261),(167,10,262),(168,10,263),(169,10,264),(170,10,265),(189,18,284),(190,19,285),(191,20,286),(192,21,287),(193,22,288),(194,23,289),(195,24,290),(196,25,291),(197,26,292),(198,27,293),(199,28,294),(200,29,295),(201,29,296),(202,30,297),(203,30,298),(206,32,301),(207,32,302),(208,33,303),(209,33,304),(210,34,305),(211,34,306),(212,34,307),(213,34,308),(214,34,309),(217,36,312),(218,36,313),(219,37,314),(220,38,315),(296,47,391),(297,48,392),(298,49,393),(299,50,394),(300,51,395),(301,52,396),(302,53,397),(303,53,398),(304,53,399),(305,53,400),(306,54,401),(307,55,402),(308,56,403),(309,57,404),(310,58,405),(311,58,406),(312,59,407),(313,59,408),(314,60,409),(315,60,410),(316,61,411),(317,62,412),(318,63,413),(319,63,414),(320,64,415),(321,65,415),(322,65,416),(323,65,417),(324,65,418),(325,65,419),(326,65,420),(327,65,421),(328,65,422),(329,65,423),(330,65,424),(331,65,425),(332,65,426),(333,65,427),(334,65,428),(335,65,429),(336,65,430),(337,65,431),(338,65,432),(339,65,433),(340,65,434),(341,65,435),(342,65,436),(343,65,437),(344,65,438),(345,65,439),(346,65,440),(347,65,441),(348,65,442),(349,65,443),(350,65,444),(351,65,445),(352,65,446),(353,65,447),(354,65,448),(355,65,449),(356,65,450),(357,65,451),(358,65,452),(359,65,453),(360,65,454),(361,65,455),(362,65,456),(363,65,457),(364,65,458),(365,65,459),(366,65,460),(367,65,461),(368,65,462),(369,65,463),(370,65,464),(371,65,465),(372,66,415),(373,66,417),(374,66,418),(375,66,419),(376,66,420),(377,66,421),(378,66,422),(379,66,423),(380,66,424),(381,66,425),(382,66,426),(383,66,427),(384,66,428),(385,66,429),(386,66,430),(387,66,431),(388,66,432),(389,66,433),(390,66,434),(391,66,435),(392,66,436),(393,66,437),(394,66,438),(395,66,439),(396,66,440),(397,66,441),(398,66,442),(399,66,443),(400,66,444),(401,66,445),(402,66,446),(403,66,447),(404,66,448),(405,66,449),(406,66,450),(407,66,451),(408,66,452),(409,66,453),(410,66,454),(411,66,455),(412,66,456),(413,66,457),(414,66,458),(415,66,459),(416,66,460),(417,66,461),(418,66,462),(419,66,463),(420,66,464),(421,66,465),(422,66,466),(423,67,415),(424,67,417),(425,67,418),(426,67,419),(427,67,420),(428,67,421),(429,67,422),(430,67,423),(431,67,424),(432,67,425),(433,67,426),(434,67,427),(435,67,428),(436,67,429),(437,67,430),(438,67,431),(439,67,432),(440,67,433),(441,67,434),(442,67,435),(443,67,436),(444,67,437),(445,67,438),(446,67,439),(447,67,440),(448,67,441),(449,67,442),(450,67,443),(451,67,444),(452,67,445),(453,67,446),(454,67,447),(455,67,448),(456,67,449),(457,67,450),(458,67,451),(459,67,452),(460,67,453),(461,67,454),(462,67,455),(463,67,456),(464,67,457),(465,67,458),(466,67,459),(467,67,460),(468,67,461),(469,67,462),(470,67,463),(471,67,464),(472,67,465),(473,67,466),(474,67,467),(475,67,468),(476,67,469),(477,67,470),(478,67,471),(479,67,472),(480,67,473),(481,67,474),(482,67,475),(483,67,476),(484,67,477),(485,68,478),(486,69,479),(487,69,480),(488,69,481),(489,69,482),(490,69,483),(491,69,484),(492,69,485),(493,69,486),(494,69,487),(495,69,488),(496,69,489),(497,69,490),(498,69,491),(499,69,492),(500,69,493),(501,69,494),(502,69,495),(503,69,496),(504,69,497),(505,69,498),(506,69,499),(507,69,500),(508,69,501),(509,69,502),(510,69,503),(511,69,504),(512,69,505),(513,69,506),(514,69,507),(515,69,508),(516,69,509),(517,70,479),(518,70,480),(519,70,481),(520,70,482),(521,70,483),(522,70,484),(523,70,485),(524,70,486),(525,70,487),(526,70,488),(527,70,489),(528,70,490),(529,70,491),(530,70,492),(531,70,493),(532,70,494),(533,70,495),(534,70,496),(535,70,497),(536,70,498),(537,70,499),(538,70,500),(539,70,501),(540,70,502),(541,70,503),(542,70,504),(543,70,505),(544,70,506),(545,70,507),(546,70,508),(547,70,509),(548,70,510),(549,70,511),(550,70,512),(551,70,513),(552,70,514),(553,70,515),(554,70,516),(555,70,517),(556,70,518),(557,70,519),(558,71,479),(559,71,480),(560,71,481),(561,71,482),(562,71,483),(563,71,484),(564,71,485),(565,71,486),(566,71,487),(567,71,488),(568,71,489),(569,71,490),(570,71,491),(571,71,492),(572,71,493),(573,71,494),(574,71,495),(575,71,496),(576,71,497),(577,71,498),(578,71,499),(579,71,500),(580,71,501),(581,71,502),(582,71,503),(583,71,504),(584,71,505),(585,71,506),(586,71,507),(587,71,508),(588,71,509),(589,71,510),(590,71,511),(591,71,512),(592,71,513),(593,71,514),(594,71,515),(595,71,516),(596,71,517),(597,71,518),(598,71,519),(599,71,520),(600,71,521),(601,71,522),(602,71,523),(603,71,524),(604,71,525),(605,71,526),(606,71,527),(607,71,528),(608,71,529),(609,71,530),(610,71,531),(611,71,532),(612,71,533),(613,71,534),(614,71,535),(615,71,536),(616,71,537),(617,71,538),(618,71,539),(619,71,540),(620,72,541),(621,72,542),(622,72,543),(623,72,544),(624,72,545),(625,72,546),(626,72,547),(627,72,548),(628,72,549),(629,72,550),(630,72,551),(631,72,552),(632,72,553),(633,72,554),(634,72,555),(635,72,556),(636,72,557),(637,72,558),(638,72,559),(639,72,560),(640,72,561),(641,72,562),(642,72,563),(643,72,564),(644,72,565),(645,72,566),(646,72,567),(647,72,568),(648,72,569),(649,72,570),(650,72,571),(651,72,572),(652,73,573),(653,73,574),(654,73,575),(655,73,576),(656,73,577),(663,77,584),(664,77,585),(665,78,586),(666,78,587),(667,79,588),(668,79,589),(669,80,590),(670,80,591),(671,81,592),(672,81,593),(673,82,594),(674,82,595),(675,83,596),(676,83,597),(677,84,598),(678,84,599),(679,85,600),(680,85,601),(681,86,602),(682,86,603),(683,87,604),(684,87,605),(685,88,606),(686,89,607),(687,90,608),(688,91,609),(689,92,610),(690,93,611),(691,94,612),(692,95,613),(693,96,614),(694,97,615),(695,98,616),(696,99,617),(697,100,618),(698,101,619),(699,101,620),(700,102,621),(701,102,622),(702,102,623),(703,102,624),(704,102,625),(705,102,626),(706,103,627),(707,103,628),(708,104,629),(709,104,630),(710,104,631),(711,104,632),(712,104,633),(713,104,634),(714,105,635),(715,105,636),(716,106,637),(717,106,638),(718,107,639),(719,107,640),(720,108,641),(721,109,642),(722,110,643),(723,111,644),(724,112,645),(725,113,646),(726,114,647),(727,115,648),(728,115,649),(729,115,650),(730,116,651),(731,117,652),(732,118,653),(733,119,654),(734,120,655),(735,121,656),(736,121,657),(737,122,658),(738,122,659),(739,123,660),(740,123,661),(741,124,662),(742,124,663),(743,125,664),(744,126,665),(745,127,666),(746,128,667),(747,128,668),(748,129,669),(749,129,670),(750,130,671),(751,130,672),(752,131,673),(753,131,674),(754,132,675),(755,132,676),(756,133,677),(757,133,678),(758,134,679),(759,134,680),(760,135,681),(761,135,682),(762,136,683),(763,137,684),(764,138,685),(765,139,686),(766,140,687),(767,141,688),(768,142,689),(779,144,700),(780,144,701),(781,144,702),(782,144,703),(783,144,704),(784,144,705),(785,145,706),(786,146,707),(787,146,708),(788,146,709),(789,146,710),(790,146,711),(791,146,712),(792,146,713),(793,146,714),(794,146,715),(795,146,716),(796,147,717),(797,147,718),(798,147,719),(799,148,720),(800,148,721),(801,148,722),(802,149,723),(803,150,724),(804,151,725),(805,152,726),(806,153,727),(807,154,728),(808,155,729),(809,156,730),(810,157,731),(811,158,732),(814,161,735),(815,162,736),(816,163,737),(817,164,738),(818,165,739),(819,166,740),(820,167,741),(821,168,742),(822,169,743),(823,170,744),(824,171,745);
/*!40000 ALTER TABLE `gdoks_pdas_x_arquivos` ENABLE KEYS */;
UNLOCK TABLES;

--
-- Table structure for table `gdoks_projetos`
--

DROP TABLE IF EXISTS `gdoks_projetos`;
/*!40101 SET @saved_cs_client     = @@character_set_client */;
/*!40101 SET character_set_client = utf8 */;
CREATE TABLE `gdoks_projetos` (
  `id` int(11) NOT NULL AUTO_INCREMENT,
  `nome` varchar(100) NOT NULL,
  `codigo` varchar(20) DEFAULT NULL,
  `id_cliente` int(11) DEFAULT NULL,
  `id_responsavel` int(11) DEFAULT NULL,
  `id_empresa` int(11) DEFAULT NULL,
  `data_inicio_p` date DEFAULT NULL,
  `data_final_p` date DEFAULT NULL,
  `ativo` bit(1) NOT NULL DEFAULT b'1',
  PRIMARY KEY (`id`),
  KEY `FK_cliente_idx` (`id_empresa`),
  KEY `FK_projetos_x_clientes_idx` (`id_cliente`),
  KEY `FK_projetos_x_responsaveis_idx` (`id_responsavel`),
  CONSTRAINT `FK_projetos_x_clientes` FOREIGN KEY (`id_cliente`) REFERENCES `gdoks_clientes` (`id`) ON DELETE NO ACTION ON UPDATE NO ACTION,
  CONSTRAINT `FK_projetos_x_empresas` FOREIGN KEY (`id_empresa`) REFERENCES `gdoks_empresas` (`id`) ON DELETE NO ACTION ON UPDATE NO ACTION,
  CONSTRAINT `FK_projetos_x_responsaveis` FOREIGN KEY (`id_responsavel`) REFERENCES `gdoks_usuarios` (`id`) ON DELETE NO ACTION ON UPDATE NO ACTION
) ENGINE=InnoDB AUTO_INCREMENT=92 DEFAULT CHARSET=utf8;
/*!40101 SET character_set_client = @saved_cs_client */;

--
-- Dumping data for table `gdoks_projetos`
--

LOCK TABLES `gdoks_projetos` WRITE;
/*!40000 ALTER TABLE `gdoks_projetos` DISABLE KEYS */;
INSERT INTO `gdoks_projetos` VALUES (68,'LAUDO E PROJETO DE SPDA E ATERRAMENTO','1704',17,2,1,'2017-06-01','2017-07-11',''),(69,'AS BUILT DOS DIAGRAMAS UNIFILARES','1703',18,2,1,'2017-04-01','2017-05-08',''),(70,'MODELAGEM','1702',19,2,1,'2017-04-24','2017-05-24',''),(71,'DIAGRAMA FUNCIONAIS E TRIFILARES','1502',22,2,1,'2017-02-01','2017-03-05',''),(72,'RESISTENCIA DE ATERRAMENTO TOQUE E PASSO DA MALHA DOS AEROGERADORES','1602',23,2,1,'2016-02-23','2016-03-22',''),(73,'RESISTENCIA DE ATERRAMENTO TOQUE E PASSO DA MALHA DOS AEROGERADORES','1505',23,2,1,'2015-09-15','2015-10-02',''),(74,'PROJETO PARA INSTALAÇÃO DO INVERSOR DE FREQUENCIA DA PONTE ROLANTE PR-560-04','1507',24,2,1,'2016-01-04','2016-02-05',''),(75,'PROJETO DE EXTENSÃO DE REDE - VILLAS E PRAIA','1605',20,2,1,'2017-01-01','2017-02-01',''),(76,'Laboratório','1701',17,2,1,'2017-04-17','2017-05-15',''),(77,'AS BUILTS DOS FERRYs','1504',25,2,1,'2015-01-09','2015-10-16',''),(78,'DESENV. INICIAL DO CAMPO DE CHIBATA','1501',26,2,1,'2015-02-01','2015-03-01',''),(79,'OSP-070 - AM0239–CENTRALIZAÇÃO DOS ESCRITÓRIOS NA BOGPM','1408',26,2,1,'2015-01-08','2015-01-08',''),(80,'OSP-097 - AMPLIAÇÃO DA ETA - PÓLO ARARA','1407',26,2,1,'2014-12-08','2015-01-06',''),(81,'SERVIÇOS DE CONSULTORIA E DIAGNOSTICOS A NR-10','1406',27,2,1,'2016-01-18','2016-02-18',''),(82,'PROJETO E AS BUILT DO SPDA E ATERRAMENTO','1405',28,2,1,'2015-01-07','2015-02-07',''),(83,'RESISTIVIDADE DO SOLO E CALCULO DE ESTRATIFICAÇÃO','1404',29,2,1,'2014-08-30','2014-09-30',''),(84,'TRANSPETRO – ALTERNATIVA DE ALIMENTAÇÃO DAS BOMBAS MB-0116A-B','1402',26,2,1,'2014-04-05','2014-05-05',''),(85,'AM0239–CENTRALIZAÇÃO DOS ESCRITÓRIOS NA BOGPM','1401',26,2,1,'2014-07-01','2014-07-31',''),(86,'INDIVIDUALIZAÇÃO DOS MEDIDORES DE ENERGIA ELETRICA DO HORTOMERCADO HUMAITÁ','1303',30,2,1,'2014-07-01','2014-07-24',''),(87,'LAUDO DE SPDA','1608',42,2,1,'2017-09-01','2017-09-19',''),(88,'LAUDO DE SPDA','1705',43,2,1,'2017-09-01','2017-09-19',''),(89,'PROJETO DOS AR CONDICIONADOS','1710',44,2,1,'2017-12-11','2018-01-11',''),(90,'PROJETO DE ENTRADA EMBASA - VILLAS-PRAIA','1606',20,2,1,'2017-12-01','2017-12-31',''),(91,'PROJETO DOS AR CONDICIONADOS','1710',44,2,1,'2017-12-01','2017-12-31','');
/*!40000 ALTER TABLE `gdoks_projetos` ENABLE KEYS */;
UNLOCK TABLES;

--
-- Table structure for table `gdoks_revisoes`
--

DROP TABLE IF EXISTS `gdoks_revisoes`;
/*!40101 SET @saved_cs_client     = @@character_set_client */;
/*!40101 SET character_set_client = utf8 */;
CREATE TABLE `gdoks_revisoes` (
  `id` int(11) NOT NULL AUTO_INCREMENT,
  `serial` smallint(8) NOT NULL,
  `id_documento` int(11) NOT NULL,
  `data_limite` date DEFAULT NULL,
  `progresso_validado` smallint(8) NOT NULL DEFAULT '0',
  `progresso_a_validar` smallint(8) NOT NULL DEFAULT '0',
  `ua` datetime DEFAULT NULL,
  `end_fisico` varchar(60) DEFAULT NULL,
  PRIMARY KEY (`id`),
  UNIQUE KEY `UQ_serial__x_doxumento` (`serial`,`id_documento`),
  KEY `FK_id_documento_x_documentos_id_idx` (`id_documento`),
  CONSTRAINT `FK_id_documento_x_documentos_id` FOREIGN KEY (`id_documento`) REFERENCES `gdoks_documentos` (`id`) ON DELETE CASCADE ON UPDATE CASCADE
) ENGINE=InnoDB AUTO_INCREMENT=793 DEFAULT CHARSET=utf8;
/*!40101 SET character_set_client = @saved_cs_client */;

--
-- Dumping data for table `gdoks_revisoes`
--

LOCK TABLES `gdoks_revisoes` WRITE;
/*!40000 ALTER TABLE `gdoks_revisoes` DISABLE KEYS */;
INSERT INTO `gdoks_revisoes` VALUES (615,1,615,'2017-07-11',100,0,'2017-08-25 14:35:46',NULL),(616,1,616,'2017-07-11',100,0,'2017-08-25 15:28:05',NULL),(617,1,617,'2017-07-11',100,0,'2017-08-25 15:30:07',NULL),(618,1,618,'2017-07-11',100,0,'2017-08-25 15:23:07',NULL),(619,1,619,'2017-07-11',100,0,'2017-08-25 15:22:14',NULL),(620,1,620,'2017-07-11',200,0,'2017-08-25 15:25:10',NULL),(621,1,621,'2017-07-11',100,0,'2017-08-25 15:20:03',NULL),(622,1,622,'2017-07-11',100,0,'2017-08-25 15:18:52',NULL),(623,1,623,'2017-07-11',100,0,'2017-08-25 15:32:16',NULL),(624,1,624,'2017-07-11',100,0,'2017-08-28 13:10:31',NULL),(626,1,626,'2017-07-11',100,0,'2017-08-28 13:16:10',NULL),(629,1,629,'2017-07-11',100,0,'2017-08-25 15:50:44',NULL),(630,1,630,'2017-07-11',100,0,'2017-08-28 13:09:09',NULL),(631,1,631,'2017-07-11',100,0,'2017-08-25 15:43:34',NULL),(634,1,634,'2017-07-11',100,0,'2017-08-25 15:38:06',NULL),(635,1,635,'2017-07-11',100,0,'2017-08-25 15:42:05',NULL),(636,1,636,'2017-07-11',100,0,'2017-08-28 13:25:54',NULL),(637,1,637,'2017-07-11',100,0,'2017-08-28 13:22:45',NULL),(638,1,638,'2017-07-11',100,0,'2017-08-25 15:47:16',NULL),(648,1,648,'2016-03-22',100,0,'2017-08-28 14:01:33',NULL),(658,1,658,'2017-02-01',100,0,'2017-08-29 13:20:01',NULL),(659,1,659,'2017-02-01',100,0,'2017-08-29 13:40:00',NULL),(660,1,660,'2017-02-01',200,0,'2017-08-29 13:23:52',NULL),(661,1,661,'2017-02-01',100,0,'2017-08-29 13:33:42',NULL),(662,1,662,'2017-02-01',100,0,'2017-08-29 13:40:40',NULL),(663,1,663,'2017-02-01',100,0,'2017-08-29 13:23:03',NULL),(664,1,664,'2017-02-01',100,0,'2017-08-29 13:24:42',NULL),(665,1,665,'2017-02-01',100,0,'2017-08-29 13:21:05',NULL),(666,1,666,'2017-02-01',100,0,'2017-08-29 13:27:08',NULL),(667,1,667,'2017-02-01',100,0,'2017-08-29 13:18:48',NULL),(668,1,668,'2017-02-01',100,0,'2017-08-29 13:28:37',NULL),(669,1,669,'2017-02-01',100,0,'2017-08-29 13:30:59',NULL),(670,1,670,'2017-02-01',100,0,'2017-08-29 13:32:04',NULL),(671,1,671,'2017-02-01',100,0,'2017-08-29 13:37:09',NULL),(672,1,672,'2017-02-01',100,0,'2017-08-29 13:35:39',NULL),(673,1,673,'2017-02-01',100,0,'2017-08-29 13:39:03',NULL),(674,1,674,'2015-03-05',100,0,'2017-08-29 14:15:19',NULL),(675,1,675,'2015-03-19',100,0,'2017-08-29 14:59:53',NULL),(676,1,676,'2015-03-09',100,0,'2017-08-29 14:49:40',NULL),(677,1,677,'2015-03-19',100,0,'2017-08-29 15:03:03',NULL),(678,1,678,'2015-03-05',100,0,'2017-08-29 14:38:28',NULL),(679,1,679,'2015-03-19',100,0,'2017-08-29 15:04:31',NULL),(682,1,682,'2017-04-12',100,0,'2017-08-29 16:10:28',NULL),(683,1,683,'2017-04-12',100,0,'2017-08-29 16:11:01',NULL),(684,1,684,'2017-04-12',100,0,'2017-08-29 16:11:37',NULL),(685,1,685,'2017-04-12',100,0,'2017-08-29 16:12:17',NULL),(686,1,686,'2017-04-12',100,0,'2017-08-29 16:08:12',NULL),(687,1,687,'2017-04-12',100,0,'2017-08-29 16:09:46',NULL),(688,1,688,'2017-04-12',100,0,'2017-08-29 16:14:08',NULL),(689,1,689,'2017-04-12',100,0,'2017-08-29 16:13:35',NULL),(690,1,690,'2017-04-12',100,0,'2017-08-29 16:07:35',NULL),(691,1,691,'2017-04-12',100,0,'2017-08-29 16:06:41',NULL),(692,1,692,'2017-04-12',100,0,'2017-08-29 16:09:02',NULL),(694,1,694,'2017-05-24',100,0,'2017-08-30 14:10:59',NULL),(695,1,695,'2017-05-24',100,0,'2017-08-30 14:01:39',NULL),(696,1,696,'2017-05-24',100,0,'2017-08-30 14:03:56',NULL),(697,1,697,'2017-05-24',0,100,'2017-08-30 14:06:41',NULL),(698,1,698,'2017-05-24',0,100,'2017-08-30 14:07:45',NULL),(699,1,699,'2017-05-24',0,100,'2017-08-30 14:13:24',NULL),(700,1,700,'2017-05-15',100,0,'2017-08-30 14:44:27',NULL),(701,1,701,'2017-05-15',200,0,'2017-08-30 14:45:43',NULL),(702,1,702,'2017-05-15',100,0,'2017-08-30 14:43:05',NULL),(703,1,703,'2017-05-15',100,0,'2017-08-30 14:48:54',NULL),(704,1,704,'2017-05-15',100,0,'2017-08-30 14:46:57',NULL),(705,1,705,'2017-05-15',100,0,'2017-08-30 14:48:07',NULL),(706,1,706,'2015-10-02',100,0,'2017-09-01 15:22:33',NULL),(707,1,707,'2015-10-16',100,0,'2017-08-30 15:38:32',NULL),(708,1,708,'2015-10-16',100,0,'2017-08-30 15:39:14',NULL),(709,1,709,'2013-10-16',100,0,'2017-08-30 15:36:48',NULL),(710,1,710,'2015-10-16',100,0,'2017-08-30 15:50:20',NULL),(711,1,711,'2015-10-16',100,0,'2017-08-30 15:35:49',NULL),(712,1,712,'2015-10-16',100,0,'2017-08-30 15:34:49',NULL),(713,1,713,'2015-03-01',100,0,'2017-08-30 16:22:58',NULL),(714,1,714,'2015-03-01',100,0,'2017-08-30 16:20:10',NULL),(715,1,715,'2015-03-01',100,0,'2017-08-30 16:19:27',NULL),(716,1,716,'2015-03-01',100,0,'2017-08-30 16:23:49',NULL),(717,1,717,'2015-03-01',100,0,'2017-08-30 16:21:32',NULL),(718,1,718,'2015-01-08',100,0,'2017-08-31 13:54:49',NULL),(719,1,719,'2015-01-08',100,0,'2017-08-31 13:56:07',NULL),(720,1,720,'2015-01-08',100,0,'2017-08-31 13:52:23',NULL),(721,1,721,'2015-01-08',100,0,'2017-08-31 13:43:45',NULL),(722,1,722,'2015-01-08',100,0,'2017-08-31 13:46:10',NULL),(723,1,723,'2015-01-08',100,0,'2017-08-31 13:50:50',NULL),(724,1,724,'2015-01-08',100,0,'2017-08-31 13:48:20',NULL),(725,1,725,'2015-01-08',100,0,'2017-08-31 13:44:41',NULL),(726,1,726,'2015-01-06',100,0,'2017-08-31 14:25:00',NULL),(727,1,727,'2015-01-06',100,0,'2017-08-31 14:20:19',NULL),(728,1,728,'2015-01-06',100,0,'2017-08-31 14:24:22',NULL),(729,1,729,'2015-01-06',100,0,'2017-08-31 14:17:19',NULL),(730,1,730,'2016-02-18',100,0,'2017-08-31 14:45:32',NULL),(731,1,731,'2016-02-18',100,0,'2017-08-31 14:48:13',NULL),(732,1,732,'2016-02-18',100,0,'2017-08-31 14:44:28',NULL),(733,1,733,'2015-02-07',100,0,'2017-08-31 15:13:24',NULL),(734,1,734,'2015-02-07',100,0,'2017-08-31 15:14:32',NULL),(735,1,735,'2015-02-07',100,0,'2017-08-31 15:11:39',NULL),(736,1,736,'2015-02-07',100,0,'2017-08-31 15:12:31',NULL),(737,1,737,'2015-02-07',100,0,'2017-08-31 15:06:12',NULL),(738,1,738,'2015-02-07',100,0,'2017-08-31 15:09:01',NULL),(739,1,739,'2014-09-30',100,0,'2017-08-31 15:24:06',NULL),(740,1,740,'2014-09-30',100,0,'2017-08-31 15:24:55',NULL),(741,1,741,'2014-05-05',100,0,'2017-08-31 15:55:41',NULL),(742,1,742,'2014-05-05',100,0,'2017-08-31 16:00:18',NULL),(743,1,743,'2014-05-08',100,0,'2017-08-31 15:54:52',NULL),(744,1,744,'2014-05-08',100,0,'2017-08-31 15:57:45',NULL),(745,1,745,'2014-05-08',100,0,'2017-08-31 15:58:34',NULL),(746,1,746,'2014-05-08',100,0,'2017-08-31 15:59:21',NULL),(747,1,747,'2014-05-08',100,0,'2017-08-31 15:53:34',NULL),(748,1,748,'2014-07-31',100,0,'2017-08-31 16:08:36',NULL),(750,1,750,'2014-01-09',0,0,NULL,NULL),(751,1,751,'2014-07-31',100,0,'2017-09-06 15:18:37',NULL),(752,1,752,'2015-08-14',100,0,'2017-09-11 15:39:38',NULL),(753,1,753,'2014-08-14',100,0,'2017-09-11 15:34:30',NULL),(754,1,754,'2014-08-14',100,0,'2017-09-11 15:38:19',NULL),(755,1,755,'2014-08-14',100,0,'2017-09-11 15:26:38',NULL),(756,1,756,'2014-08-14',100,0,'2017-09-11 15:27:42',NULL),(757,1,757,'2014-08-14',100,0,'2017-09-11 15:29:37',NULL),(758,1,758,'2014-08-14',100,0,'2017-09-11 15:24:28',NULL),(759,1,759,'2014-08-14',100,0,'2017-09-11 15:17:45',NULL),(760,1,760,'2014-08-14',100,0,'2017-09-11 15:22:38',NULL),(761,1,761,'2014-08-14',100,0,'2017-09-11 15:45:06',NULL),(762,1,762,'2014-08-14',100,0,'2017-09-12 13:40:28',NULL),(763,1,763,'2014-08-14',100,0,'2017-09-11 15:32:32',NULL),(767,1,767,'2017-09-18',100,0,'2017-09-19 14:40:07',NULL),(768,1,768,'2017-12-15',0,0,'2017-12-09 17:12:20',NULL),(769,2,768,'2017-12-15',0,0,NULL,NULL),(770,1,769,'2017-12-31',100,0,'2017-12-11 17:59:38',NULL),(771,1,770,'2017-12-11',100,0,'2017-12-11 18:00:50',NULL),(772,1,771,'2017-12-11',100,0,'2017-12-11 18:03:28',NULL),(773,1,772,'2017-12-11',100,0,'2017-12-11 18:04:37',NULL),(774,1,773,'2017-12-11',100,0,'2017-12-11 18:06:28',NULL),(775,1,774,'2017-12-11',100,0,'2017-12-11 18:09:40',NULL),(776,1,775,'2017-12-11',100,0,'2017-12-11 18:13:13',NULL),(777,1,776,'2017-12-31',100,0,'2017-12-11 18:20:45',NULL),(778,1,777,'2017-12-31',100,0,'2017-12-11 18:21:36',NULL),(788,1,787,'2017-12-12',0,0,NULL,NULL),(789,1,788,'2017-12-01',0,0,NULL,NULL),(790,1,789,'2017-12-12',0,0,NULL,NULL),(791,1,790,'2017-12-12',0,0,NULL,NULL),(792,1,791,'2017-12-12',0,0,NULL,NULL);
/*!40000 ALTER TABLE `gdoks_revisoes` ENABLE KEYS */;
UNLOCK TABLES;

--
-- Table structure for table `gdoks_subareas`
--

DROP TABLE IF EXISTS `gdoks_subareas`;
/*!40101 SET @saved_cs_client     = @@character_set_client */;
/*!40101 SET character_set_client = utf8 */;
CREATE TABLE `gdoks_subareas` (
  `id` int(11) NOT NULL AUTO_INCREMENT,
  `nome` varchar(45) DEFAULT NULL,
  `codigo` varchar(45) DEFAULT NULL,
  `id_area` int(11) DEFAULT NULL,
  PRIMARY KEY (`id`),
  UNIQUE KEY `UQ_nome` (`nome`,`id_area`),
  UNIQUE KEY `UQ_codigo` (`codigo`,`id_area`),
  KEY `FK_id_area_x_subarea_idx` (`id_area`),
  CONSTRAINT `FK_id_area_x_subarea` FOREIGN KEY (`id_area`) REFERENCES `gdoks_areas` (`id`) ON DELETE CASCADE ON UPDATE CASCADE
) ENGINE=InnoDB AUTO_INCREMENT=403 DEFAULT CHARSET=utf8;
/*!40101 SET character_set_client = @saved_cs_client */;

--
-- Dumping data for table `gdoks_subareas`
--

LOCK TABLES `gdoks_subareas` WRITE;
/*!40000 ALTER TABLE `gdoks_subareas` DISABLE KEYS */;
INSERT INTO `gdoks_subareas` VALUES (375,NULL,'1704.00',194),(376,'Geral','1703.00',195),(377,NULL,'1502.00',196),(378,NULL,'1602.00',197),(379,NULL,'1507.00',198),(380,NULL,'1605.00',199),(381,NULL,'1702.00',200),(382,NULL,'1701.00',201),(383,NULL,'1505.00',202),(384,NULL,'1504.00',203),(385,NULL,'1501.00',204),(386,NULL,'1408.00',205),(387,NULL,'1407.00',206),(388,NULL,'1406.00',207),(389,NULL,'1405.00',208),(390,NULL,'1404.00',209),(391,NULL,'1402.00',210),(392,NULL,'1401.00',211),(393,NULL,'1303.00',212),(394,NULL,'1608.00',213),(395,NULL,'1705.00',214),(396,'geral','1606.01.00',216),(397,'Geral','1710.00',217),(402,'Documentos de Referencia','DR',217);
/*!40000 ALTER TABLE `gdoks_subareas` ENABLE KEYS */;
UNLOCK TABLES;

--
-- Table structure for table `gdoks_subdisciplinas`
--

DROP TABLE IF EXISTS `gdoks_subdisciplinas`;
/*!40101 SET @saved_cs_client     = @@character_set_client */;
/*!40101 SET character_set_client = utf8 */;
CREATE TABLE `gdoks_subdisciplinas` (
  `id` int(11) NOT NULL AUTO_INCREMENT,
  `nome` varchar(100) DEFAULT NULL,
  `sigla` varchar(8) DEFAULT NULL,
  `ativa` bit(1) DEFAULT b'1',
  `id_disciplina` int(11) DEFAULT NULL,
  PRIMARY KEY (`id`),
  UNIQUE KEY `sigla_UNIQUE` (`sigla`),
  KEY `FK_disciplinas_x_subdisciplinas_idx` (`id_disciplina`),
  CONSTRAINT `FK_disciplinas_x_subdisciplinas` FOREIGN KEY (`id_disciplina`) REFERENCES `gdoks_disciplinas` (`id`) ON DELETE CASCADE ON UPDATE CASCADE
) ENGINE=InnoDB AUTO_INCREMENT=286 DEFAULT CHARSET=utf8;
/*!40101 SET character_set_client = @saved_cs_client */;

--
-- Dumping data for table `gdoks_subdisciplinas`
--

LOCK TABLES `gdoks_subdisciplinas` WRITE;
/*!40000 ALTER TABLE `gdoks_subdisciplinas` DISABLE KEYS */;
INSERT INTO `gdoks_subdisciplinas` VALUES (1,'Direção','A01','',1),(2,'Gestão de Contratos','A02','',1),(3,'Comercialização','A03','',1),(4,'Coordenação','A04','',1),(5,'Supervisão','A05','',1),(6,'Secretaria','A06','',1),(7,'Arquivo Técnico','A07','',1),(8,'Proc. Coordenação / Doc. QSSMA','A08','',1),(9,'QSSMA','A09','',1),(10,'Retrabalho','A20','',1),(11,'Direção','B01','',2),(12,'Supervisão','B02','',2),(13,'Treinamento','B03','',2),(14,'Disponibilidade','B04','',2),(15,'Administração Geral','B05','',2),(16,'Folga','B10','',2),(17,'Retrabalho','B20','',2),(18,'Doença','B91','',2),(19,'Permitidas','B92','',2),(20,'Férias','B93','',2),(21,'A compensar','B94','',2),(22,'Descanso em Férias','B96','',2),(23,'Ausências Cargos de Gestão','B97','',2),(24,'Supervisão','C01','',3),(25,'Levantamento de Campo / Levantamento de Documentos)','C02','',3),(26,'Especificação Técnica, Critérios de Projeto','C03','',3),(27,'Des. Terraplenagem','C04','',3),(28,'Des. Implantação (Locação Geral, Arrumento,Pavimentação e Urbanização, Sist. Subterr. e Drenagem)','C05','',3),(29,'Especificação para Cotação e Compra (RM)','C07','',3),(30,'Lista Material (Levant. Quantitativos)','C09','',3),(31,'Comentários DF\'s','C10','',3),(32,'Memorial Descritivo / Relatório','C11','',3),(33,'Memória Cálculo','C12','',3),(34,'Des. Concreto (Formas, Armaduras e Estaqueamento)','C13','',3),(35,'Des. Arquit. (Plantas, Cortes, Fachadas)','C14','',3),(36,'Des. Instal. Hidráulicas','C15','',3),(37,'Desenhos Unifilares Metálica','C16','',3),(38,'Desenhos Detalhamento Metálica','C17','',3),(39,'Bancos de Dados do Projeto Civil','C18','',3),(40,'Retrabalho','C20','',3),(41,'Reunião','C80','',3),(42,'Estágio','C90','',3),(43,'Especificações Técnicas de Equipamentos','E00','',4),(44,'Folha de Dados de Equipamentos','E01','',4),(45,'Requisições de Equipamentos','E02','',4),(46,'Parecer Técnico de Propostas para Equipamentos','E03','',4),(47,'Verificação de Documentos de Fornecedores','E04','',4),(48,'Diagramas Unifilares','E05','',4),(49,'Diagramas Trifilares Funcionais','E06','',4),(50,'Diagramas de Interligação e Conexão','E07','',4),(51,'Desenhos de Detalhes Típicos de Instalações','E08','',4),(52,'Planta de Subestações / Salas de Equipamentos','E09','',4),(53,'Planta de Distribuição de Força e Aterramento','E10','',4),(54,'Planta de Aterramento / SPDA','E11','',4),(55,'Planta de Iluminação','E12','',4),(56,'Listas de Materiais de Instalação','E13','',4),(57,'Análise Técnica de Propostas para Materiais de Instalação','E14','',4),(58,'Listas de Eletrodutos e Cabos','E15','',4),(59,'Listas de Consumidores Elétricos (Lista de Carga)','E16','',4),(60,'Planta de Classificação de Áreas','E17','',4),(61,'Relatórios Técnicos','E18','',4),(62,'Análise Técnica e Concepção de Projeto Básico','E19','',4),(63,'Memoriais Descritivos','E20','',4),(64,'Condicionamento / Preservação','E21','',4),(65,'Plano de Pré-Operação / Partida','E22','',4),(66,'Apoio a Parecer Técnico de Equipamentos Mecânicos','E23','',4),(67,'Apoio à Verificação de Docs. de Fornecedores de Eqptos. Mecânicos','E24','',4),(68,'Memoria de cálculo (Cabos, Aterramentos, CC, SPDA, etc.)','E25','',4),(69,'Diagrama Trifilar (Iluminação, CC, Instrumentação)','E26','',4),(70,'Listas em Geral','E27','',4),(71,'Documentação entrada Coelba','E28','',4),(72,'Modelagem Elétrica','E29','',4),(73,'vago','E30','',4),(74,'vago','E31','',4),(75,'vago','E32','',4),(76,'vago','E33','',4),(77,'vago','E34','',4),(78,'vago','E35','',4),(79,'vago','E36','',4),(80,'vago','E37','',4),(81,'vago','E38','',4),(82,'vago','E39','',4),(83,'Gerenciamento, Planejamento e Programação','E40','',4),(84,'vago','E41','',4),(85,'vago','E42','',4),(86,'Assistência Técnica','E43','',4),(87,'Embarque (offshore)','E44','',4),(88,'As-built','E45','',4),(89,'Levantamento de Campo','E46','',4),(90,'vago','E47','',4),(91,'vago','E48','',4),(92,'vago','E49','',4),(93,'Gerência de Empreendimentos','F20','',4),(94,'Supervisão - Escritório Central','F01','',4),(95,'Supervisão/Administração - Escritório de Campo','F02','',4),(96,'Serviços Preparatórios de Construção','F03','',4),(97,'Coordenação de Campo','F04','',4),(98,'Planejamento e Controle de Custos','F05','',4),(99,'Fiscalização, Testes e Medição','F06','',4),(100,'Engenharia de Campo','F07','',4),(101,'Controles de Materiais','F08','',4),(102,'Partida','F09','',4),(103,'Viagem Residência/ Obra / Residência','F10','',4),(104,'Assistência Técnica ao Cliente','F11','',4),(105,'Retrabalho','F30','',4),(106,'Especificações Técnicas','E50','',5),(107,'Memorial de Cálculo','E51','',5),(108,'Requisições de Equipamentos / Serviços','E52','',5),(109,'Parecer Técnico de Propostas dos Sistemas','E53','',5),(110,'Verificação de Documentos de Fornecedor','E54','',5),(111,'Diagramas de Blocos','E55','',5),(112,'Arquitetura de Sistemas','E56','',5),(113,'Critério de Projeto de Telecomunicações','E57','',5),(114,'Detalhes Típicos de Instalação','E58','',5),(115,'Arranjo de Salas de Equipamentos','E59','',5),(116,'Plantas de Distribuição','E60','',5),(117,'Listas de Materiais','E61','',5),(118,'Listas em Geral','E62','',5),(119,'Memorial Descritivo Sistema de Comunicação (Telefonia e Alta Voz)','E63','',5),(120,'Memorial Descritivo Sistema de Acesso (Satélite, Rádio Enlace e Fibra Óptica)','E64','',5),(121,'Memorial Descritivo Sistema de Rádio Comunicação (Ponto a Ponto e Ponto Multiponto)','E65','',5),(122,'Memorial Descritivo Sistema de Segurança Controle de Acesso (CFTV, Controle de Perímetro)','E66','',5),(123,'Relatórios Técnicos','E67','',5),(124,'Análise Técnica, Desenvolvimento e Concepção de Projeto Básico','E68','',5),(125,'Memorial Descritivo Sistema de Rede de Dados (Conectividade, Armazenamento e Sala de TI)','E69','',5),(126,'Memorial Descritivo Sistema de Monitoração (CFTV - Processo Wall)','E70','',5),(127,'Memorial Descritivo Sistemas Especiais','E71','',5),(128,'Projeto de Viabilidade Técnica','E72','',5),(129,'Modelagem de Sistemas de Telecomunicação','E73','',5),(130,'vago','E74','',5),(131,'vago','E75','',5),(132,'vago','E76','',5),(133,'vago','E77','',5),(134,'vago','E98','',5),(135,'Gerenciamento, Planejamento e Programação','E90','',5),(136,'vago','E91','',5),(137,'vago','E92','',5),(138,'Assistência Técnica','E93','',5),(139,'Embarque (offshore)','E94','',5),(140,'As-built','E95','',5),(141,'Levantamento de Campo','E96','',5),(142,'vago','E97','',5),(143,'vago','E99','',5),(144,'Supervisão','I01','',6),(145,'Levantamento de Campo','I02','',6),(146,'Especificação Técnica, Critérios de Projeto','I03','',6),(147,'Plantas de Locação Instrumentos/ Plantas Salas (LayOut)','I04','',6),(148,'Arquitetura e Carregamento de Hardware','I05','',6),(149,'Folha de Dados (FD) / Folha de Especificação (FE)','I06','',6),(150,'Especificação para Cotação e Compra (RM)','I07','',6),(151,'Análise Técnica','I08','',6),(152,'Lista de Material (Cabos /Instrumentos/Entradas,Saidas)','I09','',6),(153,'Comentários DF´s','I10','',6),(154,'Memorial Descritivo / Relatórios','I11','',6),(155,'Memória de Cálculo','I12','',6),(156,'Diagramas','I13','',6),(157,'Arranjos Painéis','I15','',6),(158,'Detalhes Típicos','I16','',6),(159,'Bases de Dados de Instrumentação - até 2007','I17','',6),(160,'Bancos de Dados do Projeto de Instrumentação','I18','',6),(161,'Retrabalho','I20','',6),(162,'Reunião','I80','',6),(163,'Estágio','I90','',6),(164,'Supervisão','H01','',7),(165,'Mapa comparativo de compras','H02','',7),(166,'Pedido de Compra','H03','',7),(167,'Carta-Convite','H04','',7),(168,'Fax de Intenção','H05','',7),(169,'Mapa de acompanhamento de compras','H06','',7),(170,'Controle de diligenciamento / inspeção','H07','',7),(171,'Lista de fornecedores potenciais','H08','',7),(172,'Retrabalho','H20','',7),(173,'Supervisão','M01','',8),(174,'Levantamento de Campo / Atividades no Cliente','M02','',8),(175,'Especificação Técnica, Critérios de Projeto','M03','',8),(176,'Folhas de Dados (FD) / Folha de Especificação (FE)','M06','',8),(177,'Especific. para Cotação e Compra (RM)','M07','',8),(178,'Análise Técnica de Propostas (ATP) / Parecer Técnico (PT)','M08','',8),(179,'Lista de Materiais / Lista de Sobressalentes','M09','',8),(180,'Comentários DF´s','M10','',8),(181,'Memorial Descritivo / Relatórios','M11','',8),(182,'Memória de Cálculo','M12','',8),(183,'Desenhos de Fabricação','M13','',8),(184,'Desenho de Projeto / Setting Plan','M14','',8),(185,'Bancos de Dados do Projeto Mecânico','M18','',8),(186,'Retrabalho','M20','',8),(187,'Reunião','M80','',8),(188,'Estágio','M90','',8),(189,'Supervisão','P01','',9),(190,'Levantamento de Campo','P02','',9),(191,'Especific Técnica, Critérios de Projeto','P03','',9),(192,'Fluxograma de Processo (Engenharia Básica)','P04','',9),(193,'Fluxograma de Processo e Intrumentação P&I (Engenharia de Detalhamento)','P05','',9),(194,'Folhas de Dados (FD) / Folha de Especificação (FE)','P06','',9),(195,'Listas de Linhas / Equipamentos','P09','',9),(196,'Comentários DF´s','P10','',9),(197,'Memorial Descritivo / Relatório','P11','',9),(198,'Memória de Cálculo','P12','',9),(199,'Manuais de Operação','P13','',9),(200,'Análise de Risco','P14','',9),(201,'Tabela Causa e Efeito','P15','',9),(202,'Bancos de Dados do Projeto de Processo','P18','',9),(203,'Manual de Engenharia','P19','',9),(204,'Retrabalho','P20','',9),(205,'Reunião','P80','',9),(206,'Estágio','P90','',9),(207,'Supervisão','J01','',10),(208,'Bancos de Materiais','J02','',10),(209,'Espec. Técnic. e Critérios de Modelagem','J03','',10),(210,'Administração de Banco de Dados','J04','',10),(211,'Suporte ao Usuário','J05','',10),(212,'Customização','J06','',10),(213,'Padronização','J07','',10),(214,'Análise Técnica de Softwares e Equipamentos','J08','',10),(215,'Listas em Geral','J09','',10),(216,'Pesquisa e Desenvolvimento','J10','',10),(217,'Memoriais e Relatórios','J11','',10),(218,'Criação de Peças de Catálogo e Símbolos','J12','',10),(219,'Bancos de Dados de Projeto','J18','',10),(220,'Retrabalho','J20','',10),(221,'Reunião','J80','',10),(222,'Estágio','J90','',10),(223,'Supervisão','K01','',11),(224,'Estimativas de Custos de Empreendimento','K02','',11),(225,'Controle de Custos de Empreendimentos','K03','',11),(226,'Controle de Custos de Projetos','K04','',11),(227,'Retrabalho','K20','',11),(228,'Supervisão','T01','',12),(229,'Levantamento de Campo','T02','',12),(230,'Especificação Técnica, Critérios de Projeto','T03','',12),(231,'Plantas de Tubulação','T04','',12),(232,'Isométricos','T05','',12),(233,'Requisições de Materiais','T07','',12),(234,'Análise Técnica','T08','',12),(235,'Lista de Materiais, Suportes','T09','',12),(236,'Comentários DF´s','T10','',12),(237,'Memorial Descritivos / Relatórios','T11','',12),(238,'Memória de Cálculo','T12','',12),(239,'Detalhes Típicos (Suportes)','T13','',12),(240,'Arranjos de Equipamentos (Layout)','T14','',12),(241,'Maquetes - até 2007','T15','',12),(242,'Bancos de Dados do Projeto de Tubulação','T18','',12),(243,'Retrabalho','T20','',12),(244,'Reunião','T80','',12),(245,'Estágio','T90','',12),(246,'Chefia','X01','',13),(247,'Desenvolvimento','X02','',13),(248,'Produção','X03','',13),(249,'Suporte ao Usuário','X04','',13),(250,'Retrabalho','X20','',13),(251,'Supervisão','S01','',14),(252,'EAP – Estrutura Analítica de Projeto','S02','',14),(253,'Cronogramas','S03','',14),(254,'Programação e Acompanhamento de prazos','S04','',14),(255,'Curva de Progresso Físico','S05','',14),(256,'Mapa de Progresso Físico','S06','',14),(257,'Lista de Pendências','S07','',14),(258,'Punch List','S08','',14),(259,'Controle de Progresso de Documentos','S09','',14),(260,'Estimativa de Custos e Empreendimentos','S10','',14),(261,'Controle de Custos de Projetos','S11','',14),(262,'Boletim de Medição','S12','',14),(263,'Back-log','S13','',14),(264,'Relatório Mensal','S14','',14),(265,'Retrabalho','S20','',14),(266,'Supervisão','U01','',15),(267,'Levantamento de Campo','U02','',15),(268,'Especificação Técnica / Funcional','U03','',15),(269,'Plantas - Rede','U04','',15),(270,'Arquitetura e Carregamento de Hardware','U05','',15),(271,'Folha de Dados - FD','U06','',15),(272,'Requisição de Material - RM','U07','',15),(273,'Análise Técnica de Proposta - ATP','U08','',15),(274,'Listas','U09','',15),(275,'Análise de Documento de Fornecedor - ADF','U10','',15),(276,'Memorial Descritivo - MD','U11','',15),(277,'Memória de Cálculo - MC','U12','',15),(278,'Diagramas','U13','',15),(279,'Arranjos','U15','',15),(280,'Detalhes Típicos','U16','',15),(281,'Banco de Dados de Projeto de Automação','U18','',15),(282,'Retrabalho','U20','',15),(283,'Reunião','U80','',15),(284,'Estágio','U90','',15),(285,'Mapa de Risco','MP','',16);
/*!40000 ALTER TABLE `gdoks_subdisciplinas` ENABLE KEYS */;
UNLOCK TABLES;

--
-- Table structure for table `gdoks_tamanhos_de_papel`
--

DROP TABLE IF EXISTS `gdoks_tamanhos_de_papel`;
/*!40101 SET @saved_cs_client     = @@character_set_client */;
/*!40101 SET character_set_client = utf8 */;
CREATE TABLE `gdoks_tamanhos_de_papel` (
  `id` int(11) NOT NULL AUTO_INCREMENT,
  `nome` varchar(6) DEFAULT NULL,
  `altura` int(11) DEFAULT NULL,
  `largura` int(11) DEFAULT NULL,
  `id_empresa` int(11) DEFAULT NULL,
  PRIMARY KEY (`id`),
  UNIQUE KEY `nome_UNIQUE` (`nome`)
) ENGINE=InnoDB AUTO_INCREMENT=34 DEFAULT CHARSET=utf8;
/*!40101 SET character_set_client = @saved_cs_client */;

--
-- Dumping data for table `gdoks_tamanhos_de_papel`
--

LOCK TABLES `gdoks_tamanhos_de_papel` WRITE;
/*!40000 ALTER TABLE `gdoks_tamanhos_de_papel` DISABLE KEYS */;
INSERT INTO `gdoks_tamanhos_de_papel` VALUES (1,'A0',1189,841,1),(2,'A1',841,594,1),(3,'A2',594,420,1),(4,'A3',420,297,1),(5,'A4',297,210,1),(6,'A5',210,148,1),(7,'A6',148,105,1),(8,'A7',105,74,1),(9,'A8',74,52,1),(10,'A9',52,37,1),(11,'A10',37,26,1),(12,'B0',1414,1000,1),(13,'B1',1000,707,1),(14,'B2',707,500,1),(15,'B3',500,353,1),(16,'B4',353,250,1),(17,'B5',250,176,1),(18,'B6',176,125,1),(19,'B7',125,88,1),(20,'B8',88,62,1),(21,'B9',62,44,1),(22,'B10',44,31,1),(23,'C0',1297,917,1),(24,'C1',917,648,1),(25,'C2',648,458,1),(26,'C3',458,324,1),(27,'C4',324,229,1),(28,'C5',229,162,1),(29,'C6',162,114,1),(30,'C7',114,81,1),(31,'C8',81,57,1),(32,'C9',57,40,1),(33,'C10',40,28,1);
/*!40000 ALTER TABLE `gdoks_tamanhos_de_papel` ENABLE KEYS */;
UNLOCK TABLES;

--
-- Table structure for table `gdoks_telas`
--

DROP TABLE IF EXISTS `gdoks_telas`;
/*!40101 SET @saved_cs_client     = @@character_set_client */;
/*!40101 SET character_set_client = utf8 */;
CREATE TABLE `gdoks_telas` (
  `id` int(11) NOT NULL AUTO_INCREMENT,
  `titulo` varchar(45) DEFAULT NULL,
  `descricao` text,
  `endereco` varchar(200) DEFAULT NULL,
  `href` varchar(45) DEFAULT NULL,
  `icone` varchar(20) DEFAULT NULL,
  PRIMARY KEY (`id`),
  UNIQUE KEY `titulo_UNIQUE` (`titulo`)
) ENGINE=InnoDB AUTO_INCREMENT=10 DEFAULT CHARSET=utf8;
/*!40101 SET character_set_client = @saved_cs_client */;

--
-- Dumping data for table `gdoks_telas`
--

LOCK TABLES `gdoks_telas` WRITE;
/*!40000 ALTER TABLE `gdoks_telas` DISABLE KEYS */;
INSERT INTO `gdoks_telas` VALUES (1,'Projetos','Lista e da acesso aos projetos cadastrados.','/webapp/app/modules/Projetos/projetos.php','#/projetos','group_work'),(2,'Usuários','Permite que se veja os usuários cadastrados no sistema bem como alterar as informações referentes a ele (permissões, especialidades, etc)','app/modules/Usuarios/usuarios.php','#/usuarios','face'),(3,'Documentos','Lista os documentos que das disciplinas das quais o usuário é especialista ou validador','app/modules/Documentos/documentos.php','#/documentos','insert_drive_file'),(4,'GRDs','Permite que o usuário veja as GRDs lançadas no sistema. Também é possível gerar uma GRD e enviar uma GRD a partir desta tela','app/modules/Grds/grds.php','#/grds/0','description'),(5,'Disciplinas','Permite ao usuário cadastrar/descadastrar disciplinas. Também permite que o usuário atribua as disciplinas especialistas e validadores','app/modules/Disciplinas/disciplinas.php','#/disciplinas','account_balance'),(6,'Clientes','Lista, altera e adiciona clientes','app/modules/Clientes/clientes.php','#/clientes','record_voice_over'),(7,'Cargos','Lista altera e adiciona cargos','app/modules/Cargos/cargos.html','#/cargos','work'),(8,'Log','Lista atividade de todos os usuários do sistema','app/modules/Log/log.php','#/log','history'),(9,'Configurações','Permite que o usuário altere configurações do GDoks','app/module/Configuracoes/configuracoes.html','#/configuracoes','build');
/*!40000 ALTER TABLE `gdoks_telas` ENABLE KEYS */;
UNLOCK TABLES;

--
-- Table structure for table `gdoks_tipos_de_doc`
--

DROP TABLE IF EXISTS `gdoks_tipos_de_doc`;
/*!40101 SET @saved_cs_client     = @@character_set_client */;
/*!40101 SET character_set_client = utf8 */;
CREATE TABLE `gdoks_tipos_de_doc` (
  `id` int(11) NOT NULL AUTO_INCREMENT,
  `id_empresa` int(11) DEFAULT NULL,
  `simbolo` varchar(5) DEFAULT NULL,
  `nome` varchar(45) DEFAULT NULL,
  PRIMARY KEY (`id`),
  KEY `FK_id_empresa_x_empresa_idx` (`id_empresa`),
  CONSTRAINT `FK_id_empresa_x_empresa` FOREIGN KEY (`id_empresa`) REFERENCES `gdoks_empresas` (`id`) ON DELETE NO ACTION ON UPDATE NO ACTION
) ENGINE=InnoDB AUTO_INCREMENT=4 DEFAULT CHARSET=utf8;
/*!40101 SET character_set_client = @saved_cs_client */;

--
-- Dumping data for table `gdoks_tipos_de_doc`
--

LOCK TABLES `gdoks_tipos_de_doc` WRITE;
/*!40000 ALTER TABLE `gdoks_tipos_de_doc` DISABLE KEYS */;
INSERT INTO `gdoks_tipos_de_doc` VALUES (1,1,'E','Eletrônico'),(2,1,'B','Cópia de Papel'),(3,1,'EB','Eletrônico e Papel');
/*!40000 ALTER TABLE `gdoks_tipos_de_doc` ENABLE KEYS */;
UNLOCK TABLES;

--
-- Table structure for table `gdoks_usuarios`
--

DROP TABLE IF EXISTS `gdoks_usuarios`;
/*!40101 SET @saved_cs_client     = @@character_set_client */;
/*!40101 SET character_set_client = utf8 */;
CREATE TABLE `gdoks_usuarios` (
  `id` int(11) NOT NULL AUTO_INCREMENT,
  `login` varchar(45) NOT NULL,
  `senha` varchar(45) NOT NULL,
  `nome` varchar(45) NOT NULL,
  `email` varchar(45) NOT NULL,
  `token` varchar(45) DEFAULT NULL,
  `validade_do_token` datetime DEFAULT NULL,
  `id_empresa` int(11) DEFAULT NULL,
  `ativo` bit(1) DEFAULT b'1',
  `sigla` varchar(3) NOT NULL,
  PRIMARY KEY (`id`),
  UNIQUE KEY `login_UNIQUE` (`login`,`id_empresa`),
  UNIQUE KEY `sigla_UNIQUE` (`id_empresa`,`sigla`),
  KEY `FK_clientes_x_usuarios_idx` (`id_empresa`),
  CONSTRAINT `FK_clientes_x_usuarios` FOREIGN KEY (`id_empresa`) REFERENCES `gdoks_empresas` (`id`) ON DELETE CASCADE ON UPDATE CASCADE
) ENGINE=InnoDB AUTO_INCREMENT=22 DEFAULT CHARSET=utf8;
/*!40101 SET character_set_client = @saved_cs_client */;

--
-- Dumping data for table `gdoks_usuarios`
--

LOCK TABLES `gdoks_usuarios` WRITE;
/*!40000 ALTER TABLE `gdoks_usuarios` DISABLE KEYS */;
INSERT INTO `gdoks_usuarios` VALUES (1,'sergio','*908C02B4A9CFBB1C3D86ACA841954FCF68E0634A','Sérgio Moura','sergiomoura@faraday.com.br','5a308bdd521bb9.69230591','2017-12-13 01:09:33',1,'','SMS'),(2,'tony','*56C0240B9A0B392A0F17C6F63FC304F441A68F95','Anthony Valério','anthony@faraday.com.br','5a305bdea993b2.25689333','2017-12-12 21:44:46',1,'','AVS'),(3,'paulocesar','*A00D6EEF76EC509DB66358D2E6685F8FF7A4C3DD','Paulo César','paulo.cesar@faraday.com.br',NULL,NULL,1,'','PCJ'),(4,'teste1','*A00D6EEF76EC509DB66358D2E6685F8FF7A4C3DD','Teste 1','teste1@faraday.com.br',NULL,NULL,1,'\0','TT1'),(5,'teste2','*A00D6EEF76EC509DB66358D2E6685F8FF7A4C3DD','Teste 2','teste2@faraday.com.br',NULL,NULL,1,'','TT2'),(6,'teste3','*A00D6EEF76EC509DB66358D2E6685F8FF7A4C3DD','Teste 3','teste3@faraday.com.br',NULL,NULL,1,'','TT3'),(7,'teste4','*A00D6EEF76EC509DB66358D2E6685F8FF7A4C3DD','Teste 4','teste4@faraday.com.br',NULL,NULL,1,'','TT4'),(8,'teste5','*A00D6EEF76EC509DB66358D2E6685F8FF7A4C3DD','Teste 5','teste5@faraday.com.br',NULL,NULL,1,'','TT5'),(9,'teste6','*A00D6EEF76EC509DB66358D2E6685F8FF7A4C3DD','Teste 6','teste6@faraday.com.br',NULL,NULL,1,'','TT6'),(10,'teste7','*A00D6EEF76EC509DB66358D2E6685F8FF7A4C3DD','Teste 7','teste7@faraday.com.br',NULL,NULL,1,'','TT7'),(13,'teste8','*A00D6EEF76EC509DB66358D2E6685F8FF7A4C3DD','Teste Oito da Silva','teste8@teste.com',NULL,NULL,1,'','TT8'),(14,'teste9','*A00D6EEF76EC509DB66358D2E6685F8FF7A4C3DD','Teste 9','teste9@teste.com',NULL,NULL,1,'','TT9'),(15,'teste10','*A00D6EEF76EC509DB66358D2E6685F8FF7A4C3DD','Teste 10','teste10@teste.com',NULL,NULL,1,'','T10'),(16,'teste11','*A00D6EEF76EC509DB66358D2E6685F8FF7A4C3DD','Teste 11','teste11@teste.com',NULL,NULL,1,'','T11'),(17,'teste12','*A00D6EEF76EC509DB66358D2E6685F8FF7A4C3DD','Teste 12','teste12@teste.com','59565d3c2822f7.73560525','2017-06-30 15:16:28',1,'','T12'),(18,'ricardo','*A00D6EEF76EC509DB66358D2E6685F8FF7A4C3DD','Ricardo','ricardo.luis@faraday.com.br','5988fc86b4fd00.57756491','2017-08-07 21:49:26',1,'\0','RLU'),(19,'georgia','*9AB80A55B201639A6574E8D862037901995C2EC1','Geórgia Pimenta','georgia.pimenta@faraday.com.br','5a3030c0d0de23.64517374','2017-12-12 18:40:48',1,'','GCP'),(20,'suziane','*E2502886540D05B0B4DA9E7185C2F47B37638FA6','Suziane Cristina','suziane.santos@faraday.com.br',NULL,NULL,1,'','SCS'),(21,'caio','*00A51F3F48415C7D4E8908980D443C29C69B60C9','Caio Dias','caio.dias@faraday.com.br','5a305fe570f2b9.78077104','2017-12-12 22:01:57',1,'','CD');
/*!40000 ALTER TABLE `gdoks_usuarios` ENABLE KEYS */;
UNLOCK TABLES;

--
-- Table structure for table `gdoks_usuarios_x_opcoes_de_tela`
--

DROP TABLE IF EXISTS `gdoks_usuarios_x_opcoes_de_tela`;
/*!40101 SET @saved_cs_client     = @@character_set_client */;
/*!40101 SET character_set_client = utf8 */;
CREATE TABLE `gdoks_usuarios_x_opcoes_de_tela` (
  `id` int(11) NOT NULL AUTO_INCREMENT,
  `id_usuario` int(11) NOT NULL,
  `id_tela` int(11) NOT NULL,
  `id_opcao` int(11) NOT NULL,
  `valor` tinyint(4) NOT NULL,
  PRIMARY KEY (`id`),
  KEY `FK_permissao_x_opcoes_de_tela_idx` (`id_usuario`,`id_tela`),
  KEY `FK_id_opcao_x_id_tela_id_opcao_id_tela_idx` (`id_tela`,`id_opcao`),
  CONSTRAINT `FK_id_opcao_x_id_tela_id_opcao_id_tela` FOREIGN KEY (`id_tela`, `id_opcao`) REFERENCES `gdoks_opcoes_de_telas` (`id_tela`, `id`) ON DELETE CASCADE ON UPDATE CASCADE,
  CONSTRAINT `FK_id_usuario_x_id_tela_id_usuario_id_tela` FOREIGN KEY (`id_usuario`, `id_tela`) REFERENCES `gdoks_usuarios_x_telas` (`id_usuario`, `id_tela`) ON DELETE CASCADE ON UPDATE CASCADE
) ENGINE=InnoDB AUTO_INCREMENT=332 DEFAULT CHARSET=utf8;
/*!40101 SET character_set_client = @saved_cs_client */;

--
-- Dumping data for table `gdoks_usuarios_x_opcoes_de_tela`
--

LOCK TABLES `gdoks_usuarios_x_opcoes_de_tela` WRITE;
/*!40000 ALTER TABLE `gdoks_usuarios_x_opcoes_de_tela` DISABLE KEYS */;
INSERT INTO `gdoks_usuarios_x_opcoes_de_tela` VALUES (179,1,1,1,1),(180,1,1,2,1),(181,1,2,3,1),(182,1,2,4,1),(183,1,4,5,1),(184,1,4,6,1),(185,1,4,7,1),(186,1,6,12,1),(187,1,6,13,1),(188,1,7,14,1),(189,1,7,15,1),(190,1,7,16,1),(191,2,1,1,1),(192,2,1,2,1),(193,2,2,3,1),(194,2,2,4,1),(195,2,4,5,1),(196,2,4,6,1),(197,2,4,7,1),(198,2,5,8,1),(199,2,5,9,1),(200,2,5,10,1),(201,2,5,11,1),(202,2,6,12,1),(203,2,6,13,1),(204,2,7,14,1),(205,2,7,15,1),(206,2,7,16,1),(207,3,1,1,1),(208,3,1,2,1),(209,3,2,3,1),(210,3,2,4,1),(211,3,4,5,1),(212,3,4,6,1),(213,3,4,7,1),(214,3,5,8,1),(215,3,5,9,1),(216,3,5,10,1),(217,3,5,11,1),(218,3,6,12,1),(219,3,6,13,1),(220,3,7,14,1),(221,3,7,15,1),(222,3,7,16,1),(237,18,1,1,1),(238,18,1,2,1),(239,18,2,3,1),(240,18,2,4,1),(241,18,4,5,1),(242,18,4,6,1),(243,18,4,7,1),(244,18,5,8,1),(245,18,5,9,1),(246,18,5,10,1),(247,18,5,11,1),(248,18,7,14,1),(249,18,7,15,1),(250,18,7,16,1),(265,20,1,2,1),(266,20,4,5,1),(267,20,4,7,1),(268,20,5,8,1),(269,20,5,9,1),(276,21,1,2,1),(277,21,4,5,1),(278,21,4,7,1),(279,21,5,8,1),(280,21,5,9,1),(281,21,6,13,1),(321,19,1,1,1),(322,19,1,2,1),(323,19,4,5,1),(324,19,4,6,1),(325,19,4,7,1),(326,19,5,8,1),(327,19,5,9,1),(328,19,5,10,1),(329,19,5,11,1),(330,19,6,12,1),(331,19,6,13,1);
/*!40000 ALTER TABLE `gdoks_usuarios_x_opcoes_de_tela` ENABLE KEYS */;
UNLOCK TABLES;

--
-- Table structure for table `gdoks_usuarios_x_telas`
--

DROP TABLE IF EXISTS `gdoks_usuarios_x_telas`;
/*!40101 SET @saved_cs_client     = @@character_set_client */;
/*!40101 SET character_set_client = utf8 */;
CREATE TABLE `gdoks_usuarios_x_telas` (
  `id` int(11) NOT NULL AUTO_INCREMENT,
  `id_usuario` int(11) NOT NULL,
  `id_tela` int(11) NOT NULL,
  PRIMARY KEY (`id`),
  UNIQUE KEY `UQ_id_usuario_x_id_tela` (`id_usuario`,`id_tela`),
  KEY `FK_id_usuario_x_tela_x_usuario_idx` (`id_usuario`),
  KEY `FK_id_usuario_x_tela_x_tela_idx` (`id_tela`),
  CONSTRAINT `FK_id_usuario_x_tela_x_tela` FOREIGN KEY (`id_tela`) REFERENCES `gdoks_telas` (`id`) ON DELETE CASCADE ON UPDATE CASCADE,
  CONSTRAINT `FK_id_usuario_x_tela_x_usuario` FOREIGN KEY (`id_usuario`) REFERENCES `gdoks_usuarios` (`id`) ON DELETE CASCADE ON UPDATE CASCADE
) ENGINE=InnoDB AUTO_INCREMENT=223 DEFAULT CHARSET=utf8;
/*!40101 SET character_set_client = @saved_cs_client */;

--
-- Dumping data for table `gdoks_usuarios_x_telas`
--

LOCK TABLES `gdoks_usuarios_x_telas` WRITE;
/*!40000 ALTER TABLE `gdoks_usuarios_x_telas` DISABLE KEYS */;
INSERT INTO `gdoks_usuarios_x_telas` VALUES (129,1,1),(130,1,2),(131,1,3),(132,1,4),(133,1,5),(134,1,6),(135,1,7),(136,1,8),(137,1,9),(138,2,1),(139,2,2),(140,2,3),(141,2,4),(142,2,5),(143,2,6),(144,2,7),(145,2,8),(146,2,9),(147,3,1),(148,3,2),(149,3,3),(150,3,4),(151,3,5),(152,3,6),(153,3,7),(154,3,8),(155,3,9),(165,18,1),(166,18,2),(167,18,3),(168,18,4),(169,18,5),(170,18,6),(171,18,7),(172,18,8),(173,18,9),(218,19,1),(219,19,3),(220,19,4),(221,19,5),(222,19,6),(183,20,1),(184,20,3),(185,20,4),(186,20,5),(192,21,1),(193,21,3),(194,21,4),(195,21,5),(196,21,6);
/*!40000 ALTER TABLE `gdoks_usuarios_x_telas` ENABLE KEYS */;
UNLOCK TABLES;

--
-- Table structure for table `gdoks_validadores`
--

DROP TABLE IF EXISTS `gdoks_validadores`;
/*!40101 SET @saved_cs_client     = @@character_set_client */;
/*!40101 SET character_set_client = utf8 */;
CREATE TABLE `gdoks_validadores` (
  `id` int(11) NOT NULL AUTO_INCREMENT,
  `id_usuario` int(11) DEFAULT NULL,
  `id_disciplina` int(11) DEFAULT NULL,
  PRIMARY KEY (`id`),
  KEY `FK_validadores_x_usuarios_idx` (`id_usuario`),
  KEY `FK_validadores_x_disciplinas_idx` (`id_disciplina`),
  CONSTRAINT `FK_validadores_x_disciplinas` FOREIGN KEY (`id_disciplina`) REFERENCES `gdoks_disciplinas` (`id`) ON DELETE CASCADE ON UPDATE CASCADE,
  CONSTRAINT `FK_validadores_x_usuarios` FOREIGN KEY (`id_usuario`) REFERENCES `gdoks_usuarios` (`id`) ON DELETE CASCADE ON UPDATE CASCADE
) ENGINE=InnoDB AUTO_INCREMENT=58 DEFAULT CHARSET=utf8;
/*!40101 SET character_set_client = @saved_cs_client */;

--
-- Dumping data for table `gdoks_validadores`
--

LOCK TABLES `gdoks_validadores` WRITE;
/*!40000 ALTER TABLE `gdoks_validadores` DISABLE KEYS */;
INSERT INTO `gdoks_validadores` VALUES (1,6,13),(2,3,1),(3,4,11),(5,6,7),(6,1,14),(7,4,15),(11,1,11),(12,2,15),(13,5,9),(14,3,15),(15,7,15),(16,4,15),(17,5,14),(18,3,7),(19,7,1),(22,1,9),(25,9,12),(26,7,11),(27,10,6),(28,1,15),(29,10,15),(30,7,9),(31,3,10),(32,1,10),(33,2,2),(34,1,2),(45,1,5),(49,3,4),(50,1,4),(51,2,4),(52,19,4),(53,19,16),(54,9,3),(55,3,3),(56,1,3),(57,2,3);
/*!40000 ALTER TABLE `gdoks_validadores` ENABLE KEYS */;
UNLOCK TABLES;

--
-- Dumping routines for database 'gdoks001'
--
/*!50003 DROP FUNCTION IF EXISTS `trueFromInt` */;
/*!50003 SET @saved_cs_client      = @@character_set_client */ ;
/*!50003 SET @saved_cs_results     = @@character_set_results */ ;
/*!50003 SET @saved_col_connection = @@collation_connection */ ;
/*!50003 SET character_set_client  = utf8 */ ;
/*!50003 SET character_set_results = utf8 */ ;
/*!50003 SET collation_connection  = utf8_general_ci */ ;
/*!50003 SET @saved_sql_mode       = @@sql_mode */ ;
/*!50003 SET sql_mode              = '' */ ;
DELIMITER ;;
CREATE DEFINER=`gdoks001`@`%%` FUNCTION `trueFromInt`(i int) RETURNS int(11)
BEGIN

RETURN true;
END ;;
DELIMITER ;
/*!50003 SET sql_mode              = @saved_sql_mode */ ;
/*!50003 SET character_set_client  = @saved_cs_client */ ;
/*!50003 SET character_set_results = @saved_cs_results */ ;
/*!50003 SET collation_connection  = @saved_col_connection */ ;
/*!50003 DROP FUNCTION IF EXISTS `trueFromStr` */;
/*!50003 SET @saved_cs_client      = @@character_set_client */ ;
/*!50003 SET @saved_cs_results     = @@character_set_results */ ;
/*!50003 SET @saved_col_connection = @@collation_connection */ ;
/*!50003 SET character_set_client  = utf8 */ ;
/*!50003 SET character_set_results = utf8 */ ;
/*!50003 SET collation_connection  = utf8_general_ci */ ;
/*!50003 SET @saved_sql_mode       = @@sql_mode */ ;
/*!50003 SET sql_mode              = '' */ ;
DELIMITER ;;
CREATE DEFINER=`gdoks001`@`%%` FUNCTION `trueFromStr`(i text) RETURNS int(11)
BEGIN

RETURN true;
END ;;
DELIMITER ;
/*!50003 SET sql_mode              = @saved_sql_mode */ ;
/*!50003 SET character_set_client  = @saved_cs_client */ ;
/*!50003 SET character_set_results = @saved_cs_results */ ;
/*!50003 SET collation_connection  = @saved_col_connection */ ;
/*!40103 SET TIME_ZONE=@OLD_TIME_ZONE */;

/*!40101 SET SQL_MODE=@OLD_SQL_MODE */;
/*!40014 SET FOREIGN_KEY_CHECKS=@OLD_FOREIGN_KEY_CHECKS */;
/*!40014 SET UNIQUE_CHECKS=@OLD_UNIQUE_CHECKS */;
/*!40101 SET CHARACTER_SET_CLIENT=@OLD_CHARACTER_SET_CLIENT */;
/*!40101 SET CHARACTER_SET_RESULTS=@OLD_CHARACTER_SET_RESULTS */;
/*!40101 SET COLLATION_CONNECTION=@OLD_COLLATION_CONNECTION */;
/*!40111 SET SQL_NOTES=@OLD_SQL_NOTES */;

-- Dump completed on 2017-12-13  0:14:41
