-- MySQL dump 10.13  Distrib 5.7.21, for Linux (x86_64)
--
-- Host: localhost    Database: gdoks001
-- ------------------------------------------------------
-- Server version	5.7.21-0ubuntu0.17.10.1

/*!40101 SET @OLD_CHARACTER_SET_CLIENT=@@CHARACTER_SET_CLIENT */;
/*!40101 SET @OLD_CHARACTER_SET_RESULTS=@@CHARACTER_SET_RESULTS */;
/*!40101 SET @OLD_COLLATION_CONNECTION=@@COLLATION_CONNECTION */;
/*!40101 SET NAMES utf8 */;
/*!40103 SET @OLD_TIME_ZONE=@@TIME_ZONE */;
/*!40103 SET TIME_ZONE='+00:00' */;
/*!40014 SET @OLD_UNIQUE_CHECKS=@@UNIQUE_CHECKS, UNIQUE_CHECKS=0 */;
/*!40014 SET @OLD_FOREIGN_KEY_CHECKS=@@FOREIGN_KEY_CHECKS, FOREIGN_KEY_CHECKS=0 */;
/*!40101 SET @OLD_SQL_MODE=@@SQL_MODE, SQL_MODE='NO_AUTO_VALUE_ON_ZERO' */;
/*!40111 SET @OLD_SQL_NOTES=@@SQL_NOTES, SQL_NOTES=0 */;

--
-- Table structure for table `gdoks_acoes`
--

DROP TABLE IF EXISTS `gdoks_acoes`;
/*!40101 SET @saved_cs_client     = @@character_set_client */;
/*!40101 SET character_set_client = utf8 */;
CREATE TABLE `gdoks_acoes` (
  `id` int(11) NOT NULL AUTO_INCREMENT,
  `nome` varchar(45) DEFAULT NULL COMMENT '$n posicionados na descrição serão substituídos pelos parâmetros que serão separados por vírgula na coluna parâmetros na tabela gdoks_log',
  `descricao` tinytext,
  PRIMARY KEY (`id`),
  UNIQUE KEY `nome_UNIQUE` (`nome`)
) ENGINE=InnoDB AUTO_INCREMENT=48 DEFAULT CHARSET=utf8;
/*!40101 SET character_set_client = @saved_cs_client */;

--
-- Dumping data for table `gdoks_acoes`
--

LOCK TABLES `gdoks_acoes` WRITE;
/*!40000 ALTER TABLE `gdoks_acoes` DISABLE KEYS */;
INSERT INTO `gdoks_acoes` VALUES (1,'Logar','Logou no sistema'),(2,'Alterar Dados Pessoais','Alterou dados pessoais'),(3,'Alterar Dados de Usuário','Alterou dados de usuário nome:$1, email:$2, login:$3, ativo:$4'),(4,'Criou usuário','Criou usuário nome:$1, email:$2, login:$3, ativo:$4'),(5,'Alterou Disciplina','Alterou disciplina nome:$1, sigla:$2, ativa:$3'),(6,'Criou Disciplina','Criou disciplina nome:$1, sigla:$2, ativa:$3'),(7,'Alterou Subdisciplina','Alterou subdisciplina nome:$1, sigla:$2, ativa:$3'),(8,'Criou Subdisciplina','Criou subdisciplina nome:$1, sigla:$2, ativa:$3'),(9,'Removeu Subdisciplina','Removeu subdisciplina nome:$1, sigla:$2, ativa:$3'),(10,'Associou Especialista','Associou especialista $1 a disciplina $2'),(11,'Desassociou Especialista','Desassociou especialista $1 da disciplina $2'),(12,'Associou Validador','Associou o validador $1 a disciplina $2 (Tipo $3)'),(13,'Desassociou Validador','Desassociou o validador $1 da disciplina $2'),(14,'Alterou Cliente','Alterou dados do cliente $1,nome:$2, nome_fantasia $3'),(15,'Adicionou Cliente','Adicionou cliente $1 (nome:$2)'),(16,'Alterou Projeto','Alterou o projeto $8: $1,$2,$3,$4,$5,$6,$7'),(17,'Adicionou Projeto','Adicionou o projeto $8: $1,$2,$3,$4,$5,$6,$7'),(18,'Adicionou Área','Adicionou área ao projeto $3: $1,$2'),(19,'Alterou Área','Alterou área do projeto $3: $1,$2'),(20,'Removeu Área','Removeu área do projeto $3: $1,$2'),(21,'Criou DAO','Criou DAO $3: $1 [$2]'),(22,'Removeu DAO','Removeu DAO $3: $1 [$2]'),(23,'Alterou Documento','Alterou o documento $1: [nome] => $2 [id_subdisciplina] => $3 [id_area] => $4)'),(24,'Adicionou Documento','Adicionou o documento $1: [nome] => $2, [id_subdisciplina] => $3 [id_area]=>$4 [id_projeto]] => $5'),(25,'Removeu Documento','Removeu documento $1:  [id] => 3 [nome] => $2 [id_area] => $3 [id_subdisciplina] => $4'),(26,'Baixou Arquivo','Baixou arquivo $1'),(27,'Validou Progresso','Validou Progresso de $1% para o documento $2'),(28,'Bloqueou Documento','Bloqueou o documento $1'),(29,'Desbloqueou Documento','Desbloqueou documento $1'),(30,'Atualizou Documento','Atualizou documento $1 com arquivo $2 ($3)'),(31,'Alterou Cargo','Alterou cargo $1 (nome:$2, hh:$3)'),(32,'Adicionou Cargo','Adicionou cargo $1 (nome:$2, hh:$3)'),(33,'Removeu Cargo','Removeu cargo $1'),(34,'Alterou Sub-área','Alterou sub-área $1,(nome:$2,codigo:$3, area:$4)'),(35,'Criou Sub-área','Criou sub-área $1,(nome:$2,codigo:$3, area:$4)'),(36,'Removeu Subárea','Removeu Sub-área $1,(nome:$2,codigo:$3, area:$4)'),(37,'Alterou Especialistas','Alterou especialistas da disciplina $1. Novos especialistas: $2'),(38,'Alterou Validadores','Alterou validadores da disciplina $1. Novos validadores: $2'),(39,'Atualizou Revisão','Atualizou revisão $1 com o pacote de arquivos $2'),(40,'Criou GRD','Criou GRD (id: $1, cod: $2, id_prj:$3)'),(41,'Anexou Documentos a GRD','Anexou documentos a GRD $1'),(42,'Alterou GRD','Alterou GRD (id: $1, cod: $2, id_prj: $3)'),(43,'Enviou GRD via FTP','Enviou GRD (id: $1) para FTP do cliente'),(44,'Enviou GRD via e-mail','Enviou zip da GRD (id: $1) por email'),(45,'Enviou Link de GRD via e-mail','Enviou link da GRD (id: $1) por email'),(46,'Adicionou Retorno/Observação a GRD','Adicionou Retorno/Observação a GRD: [id_grd:$1, id_obs:$2]'),(47,'Alterou Configurações Gerais','Alterou Configurações Gerais');
/*!40000 ALTER TABLE `gdoks_acoes` ENABLE KEYS */;
UNLOCK TABLES;

--
-- Table structure for table `gdoks_areas`
--

DROP TABLE IF EXISTS `gdoks_areas`;
/*!40101 SET @saved_cs_client     = @@character_set_client */;
/*!40101 SET character_set_client = utf8 */;
CREATE TABLE `gdoks_areas` (
  `id` int(11) NOT NULL AUTO_INCREMENT,
  `nome` varchar(45) DEFAULT NULL,
  `codigo` varchar(12) DEFAULT NULL,
  `id_projeto` int(11) DEFAULT NULL,
  PRIMARY KEY (`id`),
  KEY `FK_areas_x_projetos_idx` (`id_projeto`),
  CONSTRAINT `FK_areas_x_projetos` FOREIGN KEY (`id_projeto`) REFERENCES `gdoks_projetos` (`id`) ON DELETE CASCADE ON UPDATE CASCADE
) ENGINE=InnoDB AUTO_INCREMENT=226 DEFAULT CHARSET=utf8;
/*!40101 SET character_set_client = @saved_cs_client */;

--
-- Dumping data for table `gdoks_areas`
--

LOCK TABLES `gdoks_areas` WRITE;
/*!40000 ALTER TABLE `gdoks_areas` DISABLE KEYS */;
INSERT INTO `gdoks_areas` VALUES (194,'Geral','1704.00',68),(195,'Geral','1703.00',69),(196,'Geral','1502.00',71),(197,'Geral','1602.00',72),(198,'Geral','1507.00',74),(199,'Geral','1605.00',75),(200,'Geral','1702.00',70),(201,'Geral','1701.00',76),(202,'Geral','1505.00',73),(203,'Geral','1504.00',77),(204,'Geral','1501.00',78),(205,'Geral','1408.00',79),(206,'Geral','1407.00',80),(207,'Geral','1406.00',81),(208,'Geral','1405.00',82),(209,'Geral','1404.00',83),(210,'Geral','1402.00',84),(211,'Geral','1401.00',85),(212,'Geral','1303.00',86),(213,'Geral','1608.00',87),(214,'GERAL','1705.00',88),(215,'Geral','1710.00',89),(216,'geral','1606',90),(217,'Geral','1710',91),(218,'Área Única','A1',92),(219,'geral','1709.00',93),(220,'GERAL','1706.00',94),(221,'Geral','1801',95),(222,'GERAL','1711.00',96),(223,'GERAL','1711.00',96),(224,'Geral','180200',97),(225,NULL,'1000',98);
/*!40000 ALTER TABLE `gdoks_areas` ENABLE KEYS */;
UNLOCK TABLES;

--
-- Table structure for table `gdoks_arquivos`
--

DROP TABLE IF EXISTS `gdoks_arquivos`;
/*!40101 SET @saved_cs_client     = @@character_set_client */;
/*!40101 SET character_set_client = utf8 */;
CREATE TABLE `gdoks_arquivos` (
  `id` int(11) NOT NULL AUTO_INCREMENT,
  `caminho` varchar(200) DEFAULT NULL,
  `nome_cliente` varchar(256) DEFAULT NULL,
  `datahora_upload` datetime DEFAULT NULL,
  `idu` int(11) DEFAULT NULL,
  `tamanho` int(11) DEFAULT NULL,
  `tamanho_do_papel` int(11) DEFAULT NULL,
  `nPaginas` int(11) DEFAULT NULL,
  PRIMARY KEY (`id`),
  KEY `FK_idu_x_usuarios_idx` (`idu`),
  CONSTRAINT `FK_idu_x_usuarios` FOREIGN KEY (`idu`) REFERENCES `gdoks_usuarios` (`id`) ON DELETE NO ACTION ON UPDATE NO ACTION
) ENGINE=InnoDB AUTO_INCREMENT=1340 DEFAULT CHARSET=utf8;
/*!40101 SET character_set_client = @saved_cs_client */;

--
-- Dumping data for table `gdoks_arquivos`
--

LOCK TABLES `gdoks_arquivos` WRITE;
/*!40000 ALTER TABLE `gdoks_arquivos` DISABLE KEYS */;
INSERT INTO `gdoks_arquivos` VALUES (1,'/home/sergio/Workspace/GDoks/public_html/client_data/fday/uploads/26/28589596','FelisSedInterdum.gif','2016-08-24 14:44:48',8,440,1,4),(2,'/home/sergio/Workspace/GDoks/public_html/client_data/fday/uploads/7/95572543','MetusSapienUt.gif','2017-01-05 22:26:27',2,880,1,7),(3,'/home/sergio/Workspace/GDoks/public_html/client_data/fday/uploads/53/90205285','CongueRisus.txt','2016-09-25 08:39:58',7,440,1,10),(5,'/home/sergio/Workspace/GDoks/public_html/client_data/fday/uploads/31/13205230','Diam.mp3','2017-05-10 16:06:02',9,440,1,9),(7,'/home/sergio/Workspace/GDoks/public_html/client_data/fday/uploads/40/59958048','DolorSitAmet.avi','2017-04-01 20:24:28',2,880,1,10),(8,'/home/sergio/Workspace/GDoks/public_html/client_data/fday/uploads/59/45945930','InFaucibusOrci.mpeg','2016-07-27 04:44:05',6,660,1,7),(9,'/home/sergio/Workspace/GDoks/public_html/client_data/fday/uploads/48/70868256','IdLuctusNec.jpeg','2017-04-29 00:15:15',2,0,1,6),(10,'/home/sergio/Workspace/GDoks/public_html/client_data/fday/uploads/34/53393272','Nam.txt','2017-03-25 14:10:30',1,0,1,3),(11,'/home/sergio/Workspace/GDoks/public_html/client_data/fday/uploads/49/74160883','AmetErosSuspendisse.avi','2016-11-07 07:31:26',10,880,1,8),(14,'/home/sergio/Workspace/GDoks/public_html/client_data/fday/uploads/36/53931251','MiInPorttitor.mov','2016-07-11 15:11:42',4,220,1,5),(15,'/home/sergio/Workspace/GDoks/public_html/client_data/fday/uploads/9/45344157','Donec.avi','2017-06-09 23:45:15',5,220,1,3),(16,'/home/sergio/Workspace/GDoks/public_html/client_data/fday/uploads/60/16725417','In.txt','2017-05-04 13:24:50',8,1100,1,8),(17,'/home/sergio/Workspace/GDoks/public_html/client_data/fday/uploads/55/78208981','DapibusNullaSuscipit.jpeg','2017-01-18 10:48:35',1,0,1,7),(18,'/home/sergio/Workspace/GDoks/public_html/client_data/fday/uploads/48/11839713','VolutpatEleifendDonec.png','2016-10-15 22:55:33',10,440,1,6),(19,'/home/sergio/Workspace/GDoks/public_html/client_data/fday/uploads/6/28397654','DonecQuisOrci.xls','2017-01-03 19:56:20',10,220,1,4),(20,'/home/sergio/Workspace/GDoks/public_html/client_data/fday/uploads/48/67966455','LiberoRutrumAc.gif','2017-05-16 07:59:49',3,660,1,5),(21,'/home/sergio/Workspace/GDoks/public_html/client_data/fday/uploads/41/75635713','Ante.mov','2017-01-01 16:12:27',5,880,1,5),(22,'/home/sergio/Workspace/GDoks/public_html/client_data/fday/uploads/59/84947480','Dolor.avi','2017-02-18 07:49:34',6,0,1,4),(23,'/home/sergio/Workspace/GDoks/public_html/client_data/fday/uploads/55/45344772','NecEuismod.avi','2017-06-23 10:20:29',2,440,1,8),(24,'/home/sergio/Workspace/GDoks/public_html/client_data/fday/uploads/40/71669159','ConsequatMetusSapien.xls','2017-06-02 09:18:52',8,0,1,7),(25,'/home/sergio/Workspace/GDoks/public_html/client_data/fday/uploads/23/36716060','NullaElitAc.tiff','2016-12-01 02:16:14',5,220,1,5),(26,'/home/sergio/Workspace/GDoks/public_html/client_data/fday/uploads/20/35431638','VulputateJusto.txt','2017-03-17 09:52:41',7,220,1,1),(27,'/home/sergio/Workspace/GDoks/public_html/client_data/fday/uploads/3/51106436','Diam.gif','2017-06-13 00:57:45',10,440,1,5),(28,'/home/sergio/Workspace/GDoks/public_html/client_data/fday/uploads/54/63885185','Integer.txt','2016-12-30 11:40:51',2,440,1,4),(29,'/home/sergio/Workspace/GDoks/public_html/client_data/fday/uploads/8/10313354','Nullam.ppt','2017-05-13 19:41:35',8,880,1,4),(30,'/home/sergio/Workspace/GDoks/public_html/client_data/fday/uploads/56/62154372','NamDuiProin.jpeg','2017-06-17 20:43:49',5,220,1,10),(31,'/home/sergio/Workspace/GDoks/public_html/client_data/fday/uploads/17/59573983','Ante.mp3','2016-12-16 10:22:56',2,440,1,1),(32,'/home/sergio/Workspace/GDoks/public_html/client_data/fday/uploads/58/43303254','FermentumJustoNec.jpeg','2017-03-26 21:35:53',6,220,1,1),(33,'/home/sergio/Workspace/GDoks/public_html/client_data/fday/uploads/50/37879601','LacusCurabiturAt.avi','2017-04-09 06:27:59',8,660,1,8),(34,'/home/sergio/Workspace/GDoks/public_html/client_data/fday/uploads/57/72325392','EgetCongueEget.mpeg','2016-10-27 21:24:17',9,660,1,6),(35,'/home/sergio/Workspace/GDoks/public_html/client_data/fday/uploads/38/57145027','EleifendPedeLibero.avi','2016-07-14 22:32:49',7,0,1,3),(36,'/home/sergio/Workspace/GDoks/public_html/client_data/fday/uploads/54/84489846','IaculisDiam.xls','2016-12-17 09:04:32',10,440,1,10),(37,'/home/sergio/Workspace/GDoks/public_html/client_data/fday/uploads/42/39795796','UltricesEnim.xls','2016-08-28 00:31:39',7,220,1,7),(38,'/home/sergio/Workspace/GDoks/public_html/client_data/fday/uploads/52/56371932','NislDuis.avi','2016-10-23 11:08:05',7,0,1,4),(39,'/home/sergio/Workspace/GDoks/public_html/client_data/fday/uploads/56/59116531','JustoLacinia.ppt','2017-03-28 00:48:55',3,440,1,6),(40,'/home/sergio/Workspace/GDoks/public_html/client_data/fday/uploads/27/14180506','Ac.ppt','2017-04-03 12:22:03',3,220,1,9),(41,'/home/sergio/Workspace/GDoks/public_html/client_data/fday/uploads/14/30097597','UtBlanditNon.mp3','2016-09-02 13:54:12',7,0,1,2),(42,'/home/sergio/Workspace/GDoks/public_html/client_data/fday/uploads/52/43547350','Nulla.gif','2016-11-19 15:11:30',4,220,1,4),(43,'/home/sergio/Workspace/GDoks/public_html/client_data/fday/uploads/14/60851165','NullaTellusIn.mov','2017-06-22 16:09:09',10,220,1,6),(44,'/home/sergio/Workspace/GDoks/public_html/client_data/fday/uploads/50/78457408','Pretium.doc','2016-10-31 11:26:03',7,440,1,6),(45,'/home/sergio/Workspace/GDoks/public_html/client_data/fday/uploads/3/41263994','MiPede.avi','2016-12-23 03:40:41',9,1100,1,2),(47,'/home/sergio/Workspace/GDoks/public_html/client_data/fday/uploads/38/71736168','Sapien.ppt','2017-05-13 00:23:10',8,1100,1,8),(48,'/home/sergio/Workspace/GDoks/public_html/client_data/fday/uploads/45/33666704','DolorVel.jpeg','2017-01-21 19:13:14',10,660,1,10),(49,'/home/sergio/Workspace/GDoks/public_html/client_data/fday/uploads/19/76677554','Habitasse.ppt','2016-07-06 17:34:00',3,220,1,10),(50,'/home/sergio/Workspace/GDoks/public_html/client_data/fday/uploads/3/15949098','Lacus.xls','2016-07-11 06:44:20',7,0,1,10),(51,'/home/sergio/Workspace/GDoks/public_html/client_data/fday/uploads/4/78727706','IntegerANibh.xls','2016-10-12 05:57:09',8,660,1,10),(52,'/home/sergio/Workspace/GDoks/public_html/client_data/fday/uploads/5/37834149','Consequat.jpeg','2017-05-04 04:56:58',10,220,1,5),(53,'/home/sergio/Workspace/GDoks/public_html/client_data/fday/uploads/48/92023048','TristiqueFusceCongue.ppt','2017-05-15 09:54:20',5,440,1,4),(55,'/home/sergio/Workspace/GDoks/public_html/client_data/fday/uploads/39/74001397','InFelisDonec.png','2017-01-06 17:33:42',3,0,1,9),(56,'/home/sergio/Workspace/GDoks/public_html/client_data/fday/uploads/24/51912110','Sollicitudin.pdf','2016-11-09 15:43:31',1,880,1,4),(57,'/home/sergio/Workspace/GDoks/public_html/client_data/fday/uploads/22/33150903','RhoncusAliquamLacus.avi','2016-08-02 15:36:12',10,440,1,3),(58,'/home/sergio/Workspace/GDoks/public_html/client_data/fday/uploads/35/70667608','Tellus.xls','2017-06-23 20:00:36',7,660,1,1),(59,'/home/sergio/Workspace/GDoks/public_html/client_data/fday/uploads/27/67434767','Elementum.mp3','2016-09-30 03:52:35',1,1100,1,5),(60,'/home/sergio/Workspace/GDoks/public_html/client_data/fday/uploads/14/29192363','In.ppt','2016-09-04 21:40:21',10,0,1,2),(61,'/home/sergio/Workspace/GDoks/public_html/client_data/fday/uploads/31/11122889','ALiberoNam.png','2016-08-22 10:04:31',2,880,1,6),(62,'/home/sergio/Workspace/GDoks/public_html/client_data/fday/uploads/54/25228761','EratNulla.doc','2016-10-01 08:05:33',3,220,1,7),(63,'/home/sergio/Workspace/GDoks/public_html/client_data/fday/uploads/26/88478396','MetusSapien.xls','2017-01-31 16:34:43',6,440,1,5),(64,'/home/sergio/Workspace/GDoks/public_html/client_data/fday/uploads/11/82364085','Lacus.tiff','2017-03-24 11:13:12',3,0,1,3),(66,'/home/sergio/Workspace/GDoks/public_html/client_data/fday/uploads/24/33165135','Ipsum.mp3','2017-05-16 17:49:30',3,0,1,3),(68,'/home/sergio/Workspace/GDoks/public_html/client_data/fday/uploads/28/11091047','MaecenasLeo.mpeg','2017-01-22 21:04:13',4,220,1,1),(69,'/home/sergio/Workspace/GDoks/public_html/client_data/fday/uploads/26/29193747','AtNunc.xls','2017-01-17 02:01:33',5,880,1,5),(70,'/home/sergio/Workspace/GDoks/public_html/client_data/fday/uploads/5/41226790','TurpisSedAnte.pdf','2016-10-19 16:59:27',5,220,1,10),(71,'/home/sergio/Workspace/GDoks/public_html/client_data/fday/uploads/47/62762333','VelAccumsan.tiff','2017-03-10 17:24:33',7,440,1,6),(72,'/home/sergio/Workspace/GDoks/public_html/client_data/fday/uploads/35/41381670','Aenean.doc','2016-11-10 13:42:06',10,440,1,5),(73,'/home/sergio/Workspace/GDoks/public_html/client_data/fday/uploads/47/43527329','Posuere.pdf','2017-04-22 10:02:32',2,220,1,4),(74,'/home/sergio/Workspace/GDoks/public_html/client_data/fday/uploads/27/39604081','InFelisDonec.xls','2017-06-08 22:23:00',10,660,1,1),(76,'/home/sergio/Workspace/GDoks/public_html/client_data/fday/uploads/39/89872620','QuamFringillaRhoncus.xls','2017-06-21 08:05:09',4,660,1,1),(77,'/home/sergio/Workspace/GDoks/public_html/client_data/fday/uploads/15/11007227','VitaeIpsumAliquam.avi','2016-10-30 12:39:49',9,880,1,5),(78,'/home/sergio/Workspace/GDoks/public_html/client_data/fday/uploads/33/86457741','Dolor.txt','2016-11-16 22:46:17',7,220,1,2),(79,'/home/sergio/Workspace/GDoks/public_html/client_data/fday/uploads/48/67778688','Pede.ppt','2016-09-01 04:12:38',9,660,1,8),(80,'/home/sergio/Workspace/GDoks/public_html/client_data/fday/uploads/4/33047477','NonPretiumQuis.jpeg','2017-03-17 23:56:56',8,220,1,10),(81,'/home/sergio/Workspace/GDoks/public_html/client_data/fday/uploads/11/15815937','JustoNec.jpeg','2016-08-26 21:58:50',7,220,1,5),(82,'/home/sergio/Workspace/GDoks/public_html/client_data/fday/uploads/38/22427337','Urna.avi','2016-11-14 12:18:57',8,0,1,2),(83,'/home/sergio/Workspace/GDoks/public_html/client_data/fday/uploads/34/25026604','AcDiam.jpeg','2017-04-05 11:08:23',8,440,1,5),(84,'/home/sergio/Workspace/GDoks/public_html/client_data/fday/uploads/22/29874864','MaecenasUt.mp3','2017-05-07 03:14:15',1,660,1,3),(85,'/home/sergio/Workspace/GDoks/public_html/client_data/fday/uploads/10/47073513','NecEuismodScelerisque.avi','2016-10-23 21:56:21',10,880,1,5),(87,'/home/sergio/Workspace/GDoks/public_html/client_data/fday/uploads/59/96266877','AliquetAt.ppt','2016-07-09 09:45:52',1,440,1,6),(88,'/home/sergio/Workspace/GDoks/public_html/client_data/fday/uploads/12/15008065','DolorQuis.mpeg','2016-11-30 07:31:03',7,220,1,5),(89,'/home/sergio/Workspace/GDoks/public_html/client_data/fday/uploads/17/12206787','EgestasMetus.avi','2016-12-10 23:05:51',1,660,1,1),(90,'/home/sergio/Workspace/GDoks/public_html/client_data/fday/uploads/2/30097555','Nulla.xls','2017-01-01 23:04:11',9,220,1,7),(91,'/home/sergio/Workspace/GDoks/public_html/client_data/fday/uploads/53/15133290','Nullam.ppt','2017-06-03 16:37:29',5,660,1,4),(92,'/home/sergio/Workspace/GDoks/public_html/client_data/fday/uploads/6/79166948','Primis.jpeg','2016-10-07 09:28:45',5,880,1,8),(93,'/home/sergio/Workspace/GDoks/public_html/client_data/fday/uploads/18/52533810','Sodales.xls','2017-05-12 21:42:44',10,1100,1,2),(94,'/home/sergio/Workspace/GDoks/public_html/client_data/fday/uploads/46/23680078','SuscipitLigula.xls','2017-05-19 10:48:42',10,0,1,9),(96,'/home/sergio/Workspace/GDoks/public_html/client_data/fday/uploads/38/75607899','ElitAcNulla.ppt','2017-03-06 09:34:09',10,440,1,1),(97,'/home/sergio/Workspace/GDoks/public_html/client_data/fday/uploads/45/45066474','Turpis.pdf','2016-10-23 21:27:19',7,660,1,3),(98,'/home/sergio/Workspace/GDoks/public_html/client_data/fday/uploads/21/86434339','LoremQuisqueUt.tiff','2016-08-30 22:39:01',9,440,1,1),(100,'/home/sergio/Workspace/GDoks/public_html/client_data/fday/uploads/36/68411417','Penatibus.pdf','2017-05-19 07:36:28',2,220,1,4),(101,'/home/sergio/Workspace/GDoks/public_html/client_data/fday/uploads/57/42144315','EtCommodoVulputate.xls','2016-11-10 01:58:17',3,440,1,8),(102,'/home/sergio/Workspace/GDoks/public_html/client_data/fday/uploads/55/16693177','Est.ppt','2017-04-19 23:51:46',9,220,1,4),(103,'/home/sergio/Workspace/GDoks/public_html/client_data/fday/uploads/9/97334997','Semper.xls','2016-11-09 01:49:09',2,220,1,10),(104,'/home/sergio/Workspace/GDoks/public_html/client_data/fday/uploads/7/75229252','Luctus.gif','2017-05-06 07:50:19',5,0,1,6),(105,'/home/sergio/Workspace/GDoks/public_html/client_data/fday/uploads/20/25815948','AtDiamNam.mp3','2017-04-15 09:56:12',9,660,1,7),(106,'/home/sergio/Workspace/GDoks/public_html/client_data/fday/uploads/45/40347707','Dapibus.mp3','2017-05-22 09:47:43',4,440,1,1),(107,'/home/sergio/Workspace/GDoks/public_html/client_data/fday/uploads/3/70283936','In.avi','2016-07-14 21:38:18',3,660,1,6),(109,'/home/sergio/Workspace/GDoks/public_html/client_data/fday/uploads/54/79386185','Nibh.xls','2016-08-14 11:47:28',7,0,1,3),(110,'/home/sergio/Workspace/GDoks/public_html/client_data/fday/uploads/60/41761763','UtNullaSed.mp3','2017-01-08 16:24:23',8,440,1,7),(111,'/home/sergio/Workspace/GDoks/public_html/client_data/fday/uploads/15/24274016','Ante.ppt','2017-03-04 21:14:14',9,220,1,7),(112,'/home/sergio/Workspace/GDoks/public_html/client_data/fday/uploads/24/16862242','PretiumNislUt.doc','2016-08-05 07:09:14',8,0,1,2),(113,'/home/sergio/Workspace/GDoks/public_html/client_data/fday/uploads/23/94702599','Iaculis.xls','2017-03-28 18:11:16',8,220,1,8),(114,'/home/sergio/Workspace/GDoks/public_html/client_data/fday/uploads/23/15652277','Interdum.ppt','2016-11-06 23:18:13',3,440,1,10),(116,'/home/sergio/Workspace/GDoks/public_html/client_data/fday/uploads/5/80736883','VariusInteger.avi','2017-05-15 12:32:03',4,220,1,8),(117,'/home/sergio/Workspace/GDoks/public_html/client_data/fday/uploads/58/95112465','LacusPurusAliquet.mov','2017-05-24 07:08:01',10,880,1,8),(118,'/home/sergio/Workspace/GDoks/public_html/client_data/fday/uploads/60/93813346','Habitasse.gif','2017-02-13 04:49:15',8,440,1,5),(119,'/home/sergio/Workspace/GDoks/public_html/client_data/fday/uploads/40/10342265','CondimentumCurabiturIn.ppt','2017-01-05 19:13:50',2,0,1,1),(120,'/home/sergio/Workspace/GDoks/public_html/client_data/fday/uploads/9/29415729','IntegerTinciduntAnte.avi','2016-09-29 10:00:21',6,660,1,10),(121,'/home/sergio/Workspace/GDoks/public_html/client_data/fday/uploads/10/80143260','UtSuscipitA.xls','2017-02-04 18:38:08',2,220,1,10),(122,'/home/sergio/Workspace/GDoks/public_html/client_data/fday/uploads/29/69905434','NullaSuspendissePotenti.ppt','2017-03-21 12:37:43',2,440,1,6),(123,'/home/sergio/Workspace/GDoks/public_html/client_data/fday/uploads/54/43853342','Porttitor.tiff','2017-05-11 14:04:29',4,880,1,5),(124,'/home/sergio/Workspace/GDoks/public_html/client_data/fday/uploads/48/91455382','NonMattisPulvinar.tiff','2017-03-24 16:32:55',8,440,1,7),(125,'/home/sergio/Workspace/GDoks/public_html/client_data/fday/uploads/59/31639876','JustoInHac.pdf','2017-02-23 16:52:04',2,220,1,8),(126,'/home/sergio/Workspace/GDoks/public_html/client_data/fday/uploads/53/30555347','Integer.xls','2016-08-14 21:24:35',7,440,1,9),(127,'/home/sergio/Workspace/GDoks/public_html/client_data/fday/uploads/18/60454387','Blandit.tiff','2017-01-19 14:09:44',2,660,1,5),(128,'/home/sergio/Workspace/GDoks/public_html/client_data/fday/uploads/19/27267958','Eget.mpeg','2017-05-12 16:59:43',7,440,1,3),(129,'/home/sergio/Workspace/GDoks/public_html/client_data/fday/uploads/7/11164804','ElitSodales.avi','2016-12-02 01:06:40',7,880,1,8),(130,'/home/sergio/Workspace/GDoks/public_html/client_data/fday/uploads/59/38249438','NibhQuisque.avi','2016-07-23 12:27:46',1,0,1,3),(131,'/home/sergio/Workspace/GDoks/public_html/client_data/fday/uploads/49/89591437','Viverra.pdf','2016-10-22 09:13:40',5,0,1,3),(132,'/home/sergio/Workspace/GDoks/public_html/client_data/fday/uploads/4/84784486','PlaceratAnte.ppt','2016-11-05 02:17:54',3,440,1,5),(133,'/home/sergio/Workspace/GDoks/public_html/client_data/fday/uploads/36/48107299','CongueDiam.tiff','2017-06-01 08:34:42',4,440,1,5),(134,'/home/sergio/Workspace/GDoks/public_html/client_data/fday/uploads/41/74017390','EuInterdum.mp3','2017-03-23 06:42:38',7,0,1,3),(135,'/home/sergio/Workspace/GDoks/public_html/client_data/fday/uploads/8/90473029','EratId.doc','2016-07-19 04:12:49',5,220,1,3),(136,'/home/sergio/Workspace/GDoks/public_html/client_data/fday/uploads/27/57412647','Est.avi','2017-02-06 13:12:08',1,0,1,1),(137,'/home/sergio/Workspace/GDoks/public_html/client_data/fday/uploads/34/75355994','Mauris.pdf','2016-11-19 01:42:06',1,220,1,6),(138,'/home/sergio/Workspace/GDoks/public_html/client_data/fday/uploads/34/93923579','Ultrices.xls','2016-12-29 04:21:54',3,440,1,7),(139,'/home/sergio/Workspace/GDoks/public_html/client_data/fday/uploads/16/16032138','UtEratId.txt','2016-09-25 04:13:31',5,440,1,5),(140,'/home/sergio/Workspace/GDoks/public_html/client_data/fday/uploads/4/96833974','Vulputate.jpeg','2017-02-25 16:58:01',9,660,1,5),(143,'/home/sergio/Workspace/GDoks/public_html/client_data/fday/uploads/5/37212254','Nam.xls','2017-02-21 09:59:21',1,1100,1,9),(145,'/home/sergio/Workspace/GDoks/public_html/client_data/fday/uploads/44/71599669','Dignissim.ppt','2016-12-23 00:10:15',8,220,1,6),(146,'/home/sergio/Workspace/GDoks/public_html/client_data/fday/uploads/15/39020779','Proin.doc','2016-08-16 15:00:38',6,440,1,9),(147,'/home/sergio/Workspace/GDoks/public_html/client_data/fday/uploads/33/43661533','Morbi.mp3','2016-11-29 03:21:40',10,880,1,3),(149,'/home/sergio/Workspace/GDoks/public_html/client_data/fday/uploads/44/53653324','SuspendisseOrnareConsequat.ppt','2016-07-15 13:34:22',1,220,1,10),(150,'/home/sergio/Workspace/GDoks/public_html/client_data/fday/uploads/4/83981718','NislNuncNisl.tiff','2016-08-14 16:17:37',2,0,1,4),(151,'/home/sergio/Workspace/GDoks/public_html/client_data/fday/uploads/25/60001644','Quisque.mp3','2017-02-18 05:13:08',2,220,1,9),(152,'/home/sergio/Workspace/GDoks/public_html/client_data/fday/uploads/11/48013999','Vel.mp3','2017-05-11 21:05:06',10,0,1,3),(153,'/home/sergio/Workspace/GDoks/public_html/client_data/fday/uploads/20/94753367','NullaTellus.jpeg','2016-08-12 11:15:51',1,220,1,7),(154,'/home/sergio/Workspace/GDoks/public_html/client_data/fday/uploads/42/40625847','ConsequatInConsequat.mpeg','2017-05-11 02:36:06',6,440,1,9),(156,'/home/sergio/Workspace/GDoks/public_html/client_data/fday/uploads/19/20384487','Odio.mpeg','2016-12-10 00:49:04',3,0,1,3),(157,'/home/sergio/Workspace/GDoks/public_html/client_data/fday/uploads/54/67372347','SedJusto.jpeg','2017-01-05 01:59:21',9,0,1,1),(158,'/home/sergio/Workspace/GDoks/public_html/client_data/fday/uploads/43/52269184','NuncNisl.tiff','2017-02-08 12:34:39',3,220,1,6),(159,'/home/sergio/Workspace/GDoks/public_html/client_data/fday/uploads/6/11591581','Quis.gif','2016-09-01 20:29:57',9,0,1,2),(160,'/home/sergio/Workspace/GDoks/public_html/client_data/fday/uploads/25/30844087','Odio.ppt','2017-06-04 03:56:52',5,440,1,10),(161,'/home/sergio/Workspace/GDoks/public_html/client_data/fday/uploads/9/21401266','In.mpeg','2016-07-26 15:43:33',3,880,1,2),(162,'/home/sergio/Workspace/GDoks/public_html/client_data/fday/uploads/21/44491047','Non.mov','2016-10-10 23:50:51',9,220,1,2),(163,'/home/sergio/Workspace/GDoks/public_html/client_data/fday/uploads/1/54296513','CurabiturIn.doc','2017-04-05 03:54:03',8,0,1,8),(164,'/home/sergio/Workspace/GDoks/public_html/client_data/fday/uploads/27/13436711','DiamNam.avi','2016-07-30 09:12:26',1,220,1,10),(165,'/home/sergio/Workspace/GDoks/public_html/client_data/fday/uploads/20/16275889','RisusPraesent.txt','2016-10-03 06:20:23',6,0,1,9),(166,'/home/sergio/Workspace/GDoks/public_html/client_data/fday/uploads/49/41028248','FuscePosuere.ppt','2016-12-15 14:55:48',10,660,1,8),(167,'/home/sergio/Workspace/GDoks/public_html/client_data/fday/uploads/10/36567106','OrciEgetOrci.mp3','2017-03-05 17:19:57',10,220,1,9),(173,'/home/sergio/Workspace/GDoks/public_html/client_data/fday/uploads/33/98656643','VolutpatQuamPede.mp3','2016-07-16 02:56:44',7,220,1,1),(174,'/home/sergio/Workspace/GDoks/public_html/client_data/fday/uploads/54/49566410','FeugiatNon.jpeg','2017-06-23 13:29:02',7,220,1,8),(175,'/home/sergio/Workspace/GDoks/public_html/client_data/fday/uploads/5/15310406','Nec.ppt','2016-12-06 16:52:53',1,220,1,9),(176,'/home/sergio/Workspace/GDoks/public_html/client_data/fday/uploads/43/83675431','MusVivamusVestibulum.doc','2017-06-08 02:48:35',4,220,1,9),(177,'/home/sergio/Workspace/GDoks/public_html/client_data/fday/uploads/38/73233994','EuMagna.avi','2016-07-13 00:35:42',4,660,1,9),(178,'/home/sergio/Workspace/GDoks/public_html/client_data/fday/uploads/13/68579408','MorbiA.mp3','2017-04-11 00:42:03',3,880,1,6),(179,'/home/sergio/Workspace/GDoks/public_html/client_data/fday/uploads/8/37654864','Vitae.tiff','2016-11-01 07:58:33',8,660,1,9),(180,'/home/sergio/Workspace/GDoks/public_html/client_data/fday/uploads/46/26038492','Ut.mpeg','2016-12-16 13:52:07',10,660,1,8),(181,'/home/sergio/Workspace/GDoks/public_html/client_data/fday/uploads/18/75908044','NonSodales.png','2017-06-20 21:10:27',6,0,1,3),(182,'/home/sergio/Workspace/GDoks/public_html/client_data/fday/uploads/38/98692192','NullamVarius.tiff','2017-02-22 09:54:55',3,0,1,4),(183,'/home/sergio/Workspace/GDoks/public_html/client_data/fday/uploads/21/82012929','PlaceratPraesent.xls','2017-04-14 15:55:17',4,0,1,7),(184,'/home/sergio/Workspace/GDoks/public_html/client_data/fday/uploads/36/28793790','MolestieSed.gif','2016-10-07 16:27:08',1,440,1,1),(186,'/home/sergio/Workspace/GDoks/public_html/client_data/fday/uploads/5/10828582','AnteVivamus.jpeg','2017-05-23 02:52:29',9,440,1,2),(187,'/home/sergio/Workspace/GDoks/public_html/client_data/fday/uploads/57/86491878','VestibulumQuam.pdf','2016-08-07 19:24:30',2,660,1,2),(189,'/home/sergio/Workspace/GDoks/public_html/client_data/fday/uploads/51/29859368','NullaQuisqueArcu.mpeg','2016-09-03 20:46:18',4,660,1,3),(190,'/home/sergio/Workspace/GDoks/public_html/client_data/fday/uploads/54/99868215','TurpisDonecPosuere.ppt','2016-07-22 08:15:47',3,440,1,8),(191,'/home/sergio/Workspace/GDoks/public_html/client_data/fday/uploads/51/51065714','Id.tiff','2016-09-09 16:39:53',4,660,1,5),(192,'/home/sergio/Workspace/GDoks/public_html/client_data/fday/uploads/24/69251865','NullaJusto.pdf','2016-08-09 03:33:11',1,660,1,6),(193,'/home/sergio/Workspace/GDoks/public_html/client_data/fday/uploads/33/76281276','AliquamAugueQuam.gif','2017-04-02 04:56:52',9,440,1,5),(194,'/home/sergio/Workspace/GDoks/public_html/client_data/fday/uploads/30/62429133','Ante.tiff','2016-09-30 10:44:05',7,0,1,10),(195,'/home/sergio/Workspace/GDoks/public_html/client_data/fday/uploads/25/92041654','SedInterdumVenenatis.xls','2016-11-13 21:21:05',9,220,1,3),(196,'/home/sergio/Workspace/GDoks/public_html/client_data/fday/uploads/32/97948310','PenatibusEt.tiff','2016-09-14 12:30:41',7,220,1,8),(197,'/home/sergio/Workspace/GDoks/public_html/client_data/fday/uploads/19/73438983','OrciPedeVenenatis.xls','2016-10-29 08:11:30',4,880,1,7),(198,'/home/sergio/Workspace/GDoks/public_html/client_data/fday/uploads/14/37010386','Luctus.mpeg','2017-04-23 20:31:49',5,220,1,2),(199,'/home/sergio/Workspace/GDoks/public_html/client_data/fday/uploads/27/38267979','FaucibusOrciLuctus.jpeg','2016-09-24 13:00:01',3,0,1,1),(200,'/home/sergio/Workspace/GDoks/public_html/client_data/fday/uploads/21/17947169','EratFermentumJusto.jpeg','2017-02-14 01:11:18',8,660,1,4),(201,'/home/sergio/Workspace/GDoks/public_html/client_data/fday/uploads/10/159525554cc8a3','1214327031apGYy4e.jpg','2017-06-27 09:53:40',1,16828,5,1),(202,'/home/sergio/Workspace/GDoks/public_html/client_data/fday/uploads/10/159525554ed406','1214625936yZynHVd.jpg','2017-06-27 09:53:40',1,143196,5,1),(203,'/home/sergio/Workspace/GDoks/public_html/client_data/fday/uploads/10/1595255551147a','1214751884LpWxall.jpg','2017-06-27 09:53:41',1,76772,5,1),(204,'/home/sergio/Workspace/GDoks/public_html/client_data/fday/uploads/60/1595255dc87da6','doc.pdf','2017-06-27 09:55:56',1,1352,3,4),(205,'/home/sergio/Workspace/GDoks/public_html/client_data/fday/uploads/61/159525a37d023e','1214327031apGYy4e.jpg','2017-06-27 10:14:31',1,16828,5,1),(206,'/home/sergio/Workspace/GDoks/public_html/client_data/fday/uploads/62/15956669bba03f','1214327031apGYy4e.jpg','2017-06-30 10:56:27',1,16828,5,1),(207,'/home/sergio/Workspace/GDoks/public_html/client_data/fday/uploads/62/15956669bbbde4','1214625936yZynHVd.jpg','2017-06-30 10:56:27',1,143196,5,1),(208,'/home/sergio/Workspace/GDoks/public_html/client_data/fday/uploads/62/15956669bbea27','1214751884LpWxall.jpg','2017-06-30 10:56:27',1,76772,5,1),(209,'/home/sergio/Workspace/GDoks/public_html/client_data/fday/uploads/62/15956669bc047d','1215471604fESdi9X.jpg','2017-06-30 10:56:27',1,181485,5,1),(210,'/home/sergio/Workspace/GDoks/public_html/client_data/fday/uploads/62/159566a173caf3','doc.pdf','2017-06-30 11:11:19',1,1352,5,1),(211,'/home/sergio/Workspace/GDoks/public_html/client_data/fday/uploads/62/15956d5d1c0942','FRY-1704.00-E11-006=0.dwg','2017-06-30 18:50:57',1,1550816,5,1),(212,'/home/sergio/Workspace/GDoks/public_html/client_data/fday/uploads/62/15956dc9a1a1dd','FRY-1704.00-E11-005=0.dwg','2017-06-30 19:19:54',1,1547923,5,1),(213,'/home/sergio/Workspace/GDoks/public_html/client_data/fday/uploads/64/15957b1872dc11','guia19465-20170603111233.pdf','2017-07-01 10:28:23',1,106163,5,1),(214,'/home/sergio/Workspace/GDoks/public_html/client_data/fday/uploads/64/15957b1872f351','ponto aterramento JDe.dwg','2017-07-01 10:28:23',1,1855030,5,1),(215,'/home/sergio/Workspace/GDoks/public_html/client_data/fday/uploads/64/15957b7d39a635','guia19465-20170603111233.pdf','2017-07-01 10:55:15',1,106163,5,1),(216,'/home/sergio/Workspace/GDoks/public_html/client_data/fday/uploads/64/15957b7d39be1c','nfse-1000814-0-201706031111559475980.pdf','2017-07-01 10:55:15',1,48128,5,1),(217,'/home/sergio/Workspace/GDoks/public_html/client_data/fday/uploads/65/1595e46482ef4a','1215471604fESdi9X.jpg','2017-07-06 10:16:40',1,181485,5,1),(218,'/home/sergio/Workspace/GDoks/public_html/client_data/fday/uploads/66/159629a1a387e5','Cartão de Embarque - GOL.pdf','2017-07-09 17:03:22',1,108596,5,1),(219,'/home/sergio/Workspace/GDoks/public_html/client_data/fday/uploads/66/159629a87162b5','CUSTO DE CARTÃO DE CRÉDITO.xlsx','2017-07-09 17:05:11',1,13171,5,1),(220,'/home/sergio/Workspace/GDoks/public_html/client_data/fday/uploads/66/159629a871911d','DADOS BANCÁRIOS DO GESA.docx','2017-07-09 17:05:11',1,13182,5,1),(221,'/home/sergio/Workspace/GDoks/public_html/client_data/fday/uploads/66/159629ae46b744','CUSTO DE CARTÃO DE CRÉDITO.xlsx','2017-07-09 17:06:44',1,13171,5,1),(222,'/home/sergio/Workspace/GDoks/public_html/client_data/fday/uploads/66/159629ae46d760','DADOS BANCÁRIOS DO GESA.docx','2017-07-09 17:06:44',1,13182,5,1),(223,'/home/sergio/Workspace/GDoks/public_html/client_data/fday/uploads/66/159629b391fb57','DTV- DOCUMENTO DE TRANSFERÊNCIA DE VALORES.doc','2017-07-09 17:08:09',1,205824,5,1),(224,'/home/sergio/Workspace/GDoks/public_html/client_data/fday/uploads/66/159629c675527b','ANUNCIO PREÇO LIVROS CLE.docx','2017-07-09 17:13:11',1,12941,5,1),(225,'/home/sergio/Workspace/GDoks/public_html/client_data/fday/uploads/66/15962a2d1ce7a8','CNPJ _ GESA -Cabula.pdf','2017-07-09 17:40:33',1,346765,5,1),(226,'/home/sergio/Workspace/GDoks/public_html/client_data/fday/uploads/66/15962a50db46e8','MARKETING E VENDAS DO LIVRO ESPÍRITA - FICHA DE INSCRIÇÃO.xlsx','2017-07-09 17:50:05',1,20663,4,1),(227,'/home/sergio/Workspace/GDoks/public_html/client_data/fday/uploads/54/15973eaa3c0d54','curriculu 2017.docx','2017-07-22 21:15:31',1,12483,5,1),(228,'/home/sergio/Workspace/GDoks/public_html/client_data/fday/uploads/67/159789ee13b412','Hydrangeas.jpg','2017-07-26 09:53:37',1,595284,5,1),(229,'/home/sergio/Workspace/GDoks/public_html/client_data/fday/uploads/68/159a0640484e79','FRY-1704.00-E08-001=0_FL01.dwg','2017-08-25 13:53:08',19,1154248,5,1),(230,'/home/sergio/Workspace/GDoks/public_html/client_data/fday/uploads/68/159a0648d9499e','FRY-1704.00-E08-001=0_FL02.dwg','2017-08-25 13:55:25',19,1077299,5,1),(231,'/home/sergio/Workspace/GDoks/public_html/client_data/fday/uploads/68/159a0648d96274','FRY-1704.00-E08-001=0_FL03.dwg','2017-08-25 13:55:25',19,1056159,5,1),(232,'/home/sergio/Workspace/GDoks/public_html/client_data/fday/uploads/68/159a0648d97ad9','FRY-1704.00-E08-001=0_FL04.dwg','2017-08-25 13:55:25',19,1077066,5,1),(233,'/home/sergio/Workspace/GDoks/public_html/client_data/fday/uploads/68/159a06584a24dd','FRY-1704.00-E08-001=0_FL05.dwg','2017-08-25 13:59:32',19,1079372,5,1),(234,'/home/sergio/Workspace/GDoks/public_html/client_data/fday/uploads/68/159a06584a42ed','FRY-1704.00-E08-001=0_FL06.dwg','2017-08-25 13:59:32',19,1112364,5,1),(235,'/home/sergio/Workspace/GDoks/public_html/client_data/fday/uploads/68/159a06584a73e2','FRY-1704.00-E08-001=0_FL07.dwg','2017-08-25 13:59:32',19,1054729,5,1),(236,'/home/sergio/Workspace/GDoks/public_html/client_data/fday/uploads/68/159a066eb41c33','FRY-1704.00-E08-001=0_FL06.dwg','2017-08-25 14:05:31',19,1112364,5,1),(237,'/home/sergio/Workspace/GDoks/public_html/client_data/fday/uploads/68/159a066eb43b2b','FRY-1704.00-E08-001=0_FL07.dwg','2017-08-25 14:05:31',19,1054729,5,1),(238,'/home/sergio/Workspace/GDoks/public_html/client_data/fday/uploads/68/159a066eb456a8','FRY-1704.00-E08-001=0_FL08.dwg','2017-08-25 14:05:31',19,1108276,5,1),(239,'/home/sergio/Workspace/GDoks/public_html/client_data/fday/uploads/68/159a066eb47aa0','FRY-1704.00-E08-001=0_FL09.dwg','2017-08-25 14:05:31',19,1251998,5,1),(240,'/home/sergio/Workspace/GDoks/public_html/client_data/fday/uploads/68/159a066eb4aa85','FRY-1704.00-E08-001=0_FL10.dwg','2017-08-25 14:05:31',19,1129260,5,1),(241,'/home/sergio/Workspace/GDoks/public_html/client_data/fday/uploads/68/159a066eb4c80f','FRY-1704.00-E08-001=0_FL11.dwg','2017-08-25 14:05:31',19,1166380,5,1),(242,'/home/sergio/Workspace/GDoks/public_html/client_data/fday/uploads/68/159a0693349594','FRY-1704.00-E08-001=0_FL15.dwg','2017-08-25 14:15:15',19,1171654,5,1),(243,'/home/sergio/Workspace/GDoks/public_html/client_data/fday/uploads/68/159a069aa1e2ad','FRY-1704.00-E08-001=0_FL12.dwg','2017-08-25 14:17:14',19,1210275,5,1),(244,'/home/sergio/Workspace/GDoks/public_html/client_data/fday/uploads/68/159a069aa1fdfb','FRY-1704.00-E08-001=0_FL13.dwg','2017-08-25 14:17:14',19,1184520,5,1),(245,'/home/sergio/Workspace/GDoks/public_html/client_data/fday/uploads/68/159a069aa215d2','FRY-1704.00-E08-001=0_FL14.dwg','2017-08-25 14:17:14',19,1065285,5,1),(246,'/home/sergio/Workspace/GDoks/public_html/client_data/fday/uploads/68/159a069aa22b2a','FRY-1704.00-E08-001=0_FL16.dwg','2017-08-25 14:17:14',19,1082452,5,1),(247,'/home/sergio/Workspace/GDoks/public_html/client_data/fday/uploads/68/159a069aa2486a','FRY-1704.00-E08-001=0_FL17.dwg','2017-08-25 14:17:14',19,1046253,5,1),(248,'/home/sergio/Workspace/GDoks/public_html/client_data/fday/uploads/68/159a069aa26082','FRY-1704.00-E08-001=0_FL18.dwg','2017-08-25 14:17:14',19,1093878,5,1),(249,'/home/sergio/Workspace/GDoks/public_html/client_data/fday/uploads/68/159a06a6b9144b','FRY-1704.00-E08-001=0_FL19.dwg','2017-08-25 14:20:27',19,1172698,5,1),(250,'/home/sergio/Workspace/GDoks/public_html/client_data/fday/uploads/68/159a06a6b932ff','FRY-1704.00-E08-001=0_FL20.dwg','2017-08-25 14:20:27',19,1097215,5,1),(251,'/home/sergio/Workspace/GDoks/public_html/client_data/fday/uploads/68/159a06a6b94fc2','FRY-1704.00-E08-001=0_FL21.dwg','2017-08-25 14:20:27',19,1041532,5,1),(252,'/home/sergio/Workspace/GDoks/public_html/client_data/fday/uploads/68/159a06a6b993b5','FRY-1704.00-E08-001=0_FL22.dwg','2017-08-25 14:20:27',19,1261970,5,1),(253,'/home/sergio/Workspace/GDoks/public_html/client_data/fday/uploads/68/159a06a6b9b0b5','FRY-1704.00-E08-001=0_FL23.dwg','2017-08-25 14:20:27',19,1052125,5,1),(254,'/home/sergio/Workspace/GDoks/public_html/client_data/fday/uploads/68/159a06a6b9cbb3','FRY-1704.00-E08-001=0_FL24.dwg','2017-08-25 14:20:27',19,1169918,5,1),(255,'/home/sergio/Workspace/GDoks/public_html/client_data/fday/uploads/68/159a06cdcc891b','FRY-1704.00-E08-001=0_FL25.dwg','2017-08-25 14:30:52',19,1051510,5,1),(256,'/home/sergio/Workspace/GDoks/public_html/client_data/fday/uploads/68/159a06cdcca51f','FRY-1704.00-E08-001=0_FL26.dwg','2017-08-25 14:30:52',19,1082432,5,1),(257,'/home/sergio/Workspace/GDoks/public_html/client_data/fday/uploads/68/159a06cdccbde1','FRY-1704.00-E08-001=0_FL27.dwg','2017-08-25 14:30:52',19,1166694,5,1),(258,'/home/sergio/Workspace/GDoks/public_html/client_data/fday/uploads/68/159a06d96ef11b','FRY-1704.00-E08-001=0_FL28.dwg','2017-08-25 14:33:58',19,3991598,5,1),(259,'/home/sergio/Workspace/GDoks/public_html/client_data/fday/uploads/68/159a06d96f1a41','FRY-1704.00-E08-001=0_FL29.dwg','2017-08-25 14:33:58',19,1041817,5,1),(260,'/home/sergio/Workspace/GDoks/public_html/client_data/fday/uploads/68/159a06d96f317f','FRY-1704.00-E08-001=0_FL30.dwg','2017-08-25 14:33:58',19,1082808,5,1),(261,'/home/sergio/Workspace/GDoks/public_html/client_data/fday/uploads/68/159a06d97007b0','FRY-1704.00-E08-001=0_FL31.dwg','2017-08-25 14:33:59',19,1048949,5,1),(262,'/home/sergio/Workspace/GDoks/public_html/client_data/fday/uploads/68/159a06e0290ce8','FRY-1704.00-E08-001=0_FL32.dwg','2017-08-25 14:35:46',19,1073047,5,1),(263,'/home/sergio/Workspace/GDoks/public_html/client_data/fday/uploads/68/159a06e0292913','FRY-1704.00-E08-001=0_FL33.dwg','2017-08-25 14:35:46',19,1042083,5,1),(264,'/home/sergio/Workspace/GDoks/public_html/client_data/fday/uploads/68/159a06e0293ef2','FRY-1704.00-E08-001=0_FL34.dwg','2017-08-25 14:35:46',19,1069548,5,1),(265,'/home/sergio/Workspace/GDoks/public_html/client_data/fday/uploads/68/159a06e02954b1','FRY-1704.00-E08-001=0_FL35.dwg','2017-08-25 14:35:46',19,1051366,5,1),(266,'/home/sergio/Workspace/GDoks/public_html/client_data/fday/uploads/69/159a06fd355870','IT104-DE-3000-70-005-REV.4 (CCM 5).dwg','2017-08-25 14:43:31',19,297960,4,1),(267,'/home/sergio/Workspace/GDoks/public_html/client_data/fday/uploads/69/159a06fd356dbd','IT104-DE-3000-70-005-REV.4 (CCM 5).pdf','2017-08-25 14:43:31',19,166526,4,1),(268,'/home/sergio/Workspace/GDoks/public_html/client_data/fday/uploads/69/159a070a47c766','3000-E060-F-A1-02275-REV.2 (CCM 6).dwg','2017-08-25 14:47:00',19,304668,2,1),(269,'/home/sergio/Workspace/GDoks/public_html/client_data/fday/uploads/69/159a070a48252a','3000-E060-F-A1-02275-REV.2 (CCM 6).pdf','2017-08-25 14:47:00',19,236963,2,1),(270,'/home/sergio/Workspace/GDoks/public_html/client_data/fday/uploads/69/159a071cea2fa3','0200-E060-A1-02145-REV.5  FL. 3-3(CCM  4).dwg','2017-08-25 14:51:58',19,255836,2,1),(271,'/home/sergio/Workspace/GDoks/public_html/client_data/fday/uploads/69/159a071cea4a2e','0200-E060-A1-02145-REV.5  FL. 3-3(CCM  4).pdf','2017-08-25 14:51:58',19,128308,2,1),(272,'/home/sergio/Workspace/GDoks/public_html/client_data/fday/uploads/69/159a071cea6809','0200-E060-A1-02145-REV.5  FL.1-3  (CCM 1).dwg','2017-08-25 14:51:58',19,307316,2,1),(273,'/home/sergio/Workspace/GDoks/public_html/client_data/fday/uploads/69/159a071cea7e86','0200-E060-A1-02145-REV.5  FL.1-3  (CCM 1).pdf','2017-08-25 14:51:58',19,257832,2,1),(274,'/home/sergio/Workspace/GDoks/public_html/client_data/fday/uploads/69/159a071cea9385','0200-E060-A1-02145-REV.5 FL. 2-3 (CCM-3).dwg','2017-08-25 14:51:58',19,280507,2,1),(275,'/home/sergio/Workspace/GDoks/public_html/client_data/fday/uploads/69/159a071ceaa985','0200-E060-A1-02145-REV.5 FL. 2-3 (CCM-3).pdf','2017-08-25 14:51:58',19,146723,2,1),(276,'/home/sergio/Workspace/GDoks/public_html/client_data/fday/uploads/69/159a0728da4d80','1000-E060-A1-02138-REV.2 (CCM 2).dwg','2017-08-25 14:55:09',19,286460,5,1),(277,'/home/sergio/Workspace/GDoks/public_html/client_data/fday/uploads/69/159a0728da9a39','1000-E060-A1-02138-REV.2 (CCM 2).pdf','2017-08-25 14:55:09',19,166286,5,1),(278,'/home/sergio/Workspace/GDoks/public_html/client_data/fday/uploads/69/159a073d382087','5000-E040-A1-15703-REV.3 (CCM-7-8).dwg','2017-08-25 15:00:35',19,333919,5,1),(279,'/home/sergio/Workspace/GDoks/public_html/client_data/fday/uploads/69/159a073d38380d','5000-E040-A1-15703-REV.3 (CCM-7-8).pdf','2017-08-25 15:00:35',19,641764,5,1),(280,'/home/sergio/Workspace/GDoks/public_html/client_data/fday/uploads/69/159a07454c2383','ITF-0390-E060-A0-02136-REV.I (Diagrama Funcional).dwg','2017-08-25 15:02:44',19,216713,5,1),(281,'/home/sergio/Workspace/GDoks/public_html/client_data/fday/uploads/69/159a07454c3b18','ITF-0390-E060-A0-02136-REV.I (Diagrama Funcional).pdf','2017-08-25 15:02:44',19,120699,5,1),(282,'/home/sergio/Workspace/GDoks/public_html/client_data/fday/uploads/69/159a074cc78417','300-E060-A1-02299 REV. D (Diagrama Unifilar Geral).pdf','2017-08-25 15:04:44',19,163616,2,1),(283,'/home/sergio/Workspace/GDoks/public_html/client_data/fday/uploads/69/159a074cc79743','300-E060-A1-02299-REV.D (Diagrama Unifilar Geral).dwg','2017-08-25 15:04:44',19,236062,2,1),(284,'/home/sergio/Workspace/GDoks/public_html/client_data/fday/uploads/68/159a0781c35892','FRY-1704.00-E25-007=0.pdf','2017-08-25 15:18:52',19,1878757,5,1),(285,'/home/sergio/Workspace/GDoks/public_html/client_data/fday/uploads/68/159a07862f25f2','FRY-1704.00-E25-006=0 - Casa de Bombas.pdf','2017-08-25 15:20:03',19,531578,5,1),(286,'/home/sergio/Workspace/GDoks/public_html/client_data/fday/uploads/68/159a078e69cd88','FRY-1704.00-E25-004=0 - Galpão de Residuos.pdf','2017-08-25 15:22:14',19,530948,5,1),(287,'/home/sergio/Workspace/GDoks/public_html/client_data/fday/uploads/68/159a0791b3a139','FRY-1704.00-E25-003=0 - Green Coffee.pdf','2017-08-25 15:23:07',19,531179,5,1),(288,'/home/sergio/Workspace/GDoks/public_html/client_data/fday/uploads/68/159a07996ccb7f','FRY-1704.00-E25-005=0 - Produtos Inflamaveis.pdf','2017-08-25 15:25:10',19,531380,5,1),(289,'/home/sergio/Workspace/GDoks/public_html/client_data/fday/uploads/68/159a07a4539951','FRY-1704.00-E25-001=0 - Galpão Existente.pdf','2017-08-25 15:28:05',19,150141,5,1),(290,'/home/sergio/Workspace/GDoks/public_html/client_data/fday/uploads/68/159a07abf9be56','FRY-1704.00-E25-002=0 - Portaria.pdf','2017-08-25 15:30:07',19,532199,5,1),(291,'/home/sergio/Workspace/GDoks/public_html/client_data/fday/uploads/68/159a07b403b088','FRY-1704.00-E20-001=0.pdf','2017-08-25 15:32:16',19,456402,5,1),(292,'/home/sergio/Workspace/GDoks/public_html/client_data/fday/uploads/68/159a07c9e977bb','03 - MARCA JDE - GREEN COFFEE.pdf','2017-08-25 15:38:06',19,252470,5,1),(293,'/home/sergio/Workspace/GDoks/public_html/client_data/fday/uploads/68/159a07d8d23e68','04 - MARCA JDE - GREEN COFFEE.pdf','2017-08-25 15:42:05',19,262087,5,1),(294,'/home/sergio/Workspace/GDoks/public_html/client_data/fday/uploads/68/159a07de6db6ef','FRY-1704.00-E18-001=0.pdf','2017-08-25 15:43:34',19,1893926,5,1),(295,'/home/sergio/Workspace/GDoks/public_html/client_data/fday/uploads/68/159a07ec455820','E1315.dwg','2017-08-25 15:47:16',19,167921,2,1),(296,'/home/sergio/Workspace/GDoks/public_html/client_data/fday/uploads/68/159a07ec456dc0','E1315.pdf','2017-08-25 15:47:16',19,124717,2,1),(297,'/home/sergio/Workspace/GDoks/public_html/client_data/fday/uploads/68/159a07f94b28d7','FRY-1704.00-E11-003=0.dwg','2017-08-25 15:50:44',19,1711374,5,1),(298,'/home/sergio/Workspace/GDoks/public_html/client_data/fday/uploads/68/159a07f94b4361','FRY-1704.00-E11-003=0.pdf','2017-08-25 15:50:44',19,212612,5,1),(299,'/home/sergio/Workspace/GDoks/public_html/client_data/fday/uploads/69/159a44d8c84788','ITF-300-E060-F-02299-0.docx','2017-08-28 13:06:20',19,753838,5,1),(300,'/home/sergio/Workspace/GDoks/public_html/client_data/fday/uploads/69/159a44d8c86ce4','ITF-300-E060-F-02299-0.pdf','2017-08-28 13:06:20',19,233774,5,1),(301,'/home/sergio/Workspace/GDoks/public_html/client_data/fday/uploads/68/159a44e3596913','FRY-1704.00-E11-004=0.dwg','2017-08-28 13:09:09',19,1006515,5,1),(302,'/home/sergio/Workspace/GDoks/public_html/client_data/fday/uploads/68/159a44e359951b','FRY-1704.00-E11-004=0.pdf','2017-08-28 13:09:09',19,70125,5,1),(303,'/home/sergio/Workspace/GDoks/public_html/client_data/fday/uploads/68/159a44e8748e48','FRY-1704.00-E11-001=0.dwg','2017-08-28 13:10:31',19,7140829,5,1),(304,'/home/sergio/Workspace/GDoks/public_html/client_data/fday/uploads/68/159a44e874e8b2','FRY-1704.00-E11-001=0.pdf','2017-08-28 13:10:31',19,899171,5,1),(305,'/home/sergio/Workspace/GDoks/public_html/client_data/fday/uploads/68/159a44fda197b2','FRY-1704.00-E11-002_FL2.pdf','2017-08-28 13:16:10',19,128980,5,1),(306,'/home/sergio/Workspace/GDoks/public_html/client_data/fday/uploads/68/159a44fda1af41','FRY-1704.00-E11-002=0_FL1.dwg','2017-08-28 13:16:10',19,1113550,5,1),(307,'/home/sergio/Workspace/GDoks/public_html/client_data/fday/uploads/68/159a44fda1c6f3','FRY-1704.00-E11-002=0_FL1.pdf','2017-08-28 13:16:10',19,158057,5,1),(308,'/home/sergio/Workspace/GDoks/public_html/client_data/fday/uploads/68/159a44fda1d971','FRY-1704.00-E11-002=0_FL2.dwg','2017-08-28 13:16:10',19,1135095,5,1),(309,'/home/sergio/Workspace/GDoks/public_html/client_data/fday/uploads/68/159a44fda1f148','FRY-1704.00-E11-002=0_FL2.pdf','2017-08-28 13:16:10',19,123759,5,1),(310,'/home/sergio/Workspace/GDoks/public_html/client_data/fday/uploads/69/159a450f36a700','329XE0309-REV.B (Diagrama QGBT).dwg','2017-08-28 13:20:51',19,268155,5,1),(311,'/home/sergio/Workspace/GDoks/public_html/client_data/fday/uploads/69/159a450f36bd23','329XE0309-REV.B (Diagrama QGBT).pdf','2017-08-28 13:20:51',19,246948,5,1),(312,'/home/sergio/Workspace/GDoks/public_html/client_data/fday/uploads/68/159a45165ee675','CAFEPILAO_EXE_EL01_REV01 - PRODUTOS INFLAMAVEIS EL.pdf','2017-08-28 13:22:45',19,653028,5,1),(313,'/home/sergio/Workspace/GDoks/public_html/client_data/fday/uploads/68/159a45165f01cf','CAFEPILAO_EXE_EL01_REV01 - PRODUTOS INFLAMAVEIS.dwg','2017-08-28 13:22:45',19,605836,5,1),(314,'/home/sergio/Workspace/GDoks/public_html/client_data/fday/uploads/68/159a4522225d66','SPDA 00407-DE-ELE-001-R1 - MARCA JDE - GREEN COFFEE.DWG','2017-08-28 13:25:54',19,7389044,5,1),(315,'/home/sergio/Workspace/GDoks/public_html/client_data/fday/uploads/72/159a45a7d442fc','FRY-1602-000-E18-001=0.pdf','2017-08-28 14:01:33',19,818355,5,1),(316,'/home/sergio/Workspace/GDoks/public_html/client_data/fday/uploads/74/159a4692ad85a7','DE-560-50-0533_FL1.dwg','2017-08-28 15:04:10',19,184288,5,1),(317,'/home/sergio/Workspace/GDoks/public_html/client_data/fday/uploads/74/159a4692ad9d17','DE-560-50-0533_FL1.pdf','2017-08-28 15:04:10',19,68626,5,1),(318,'/home/sergio/Workspace/GDoks/public_html/client_data/fday/uploads/74/159a4692adae45','DE-560-50-0533_FL2.DWG','2017-08-28 15:04:10',19,186048,5,1),(319,'/home/sergio/Workspace/GDoks/public_html/client_data/fday/uploads/74/159a4692adc029','DE-560-50-0533_FL2.pdf','2017-08-28 15:04:10',19,129822,5,1),(320,'/home/sergio/Workspace/GDoks/public_html/client_data/fday/uploads/74/159a4692add60f','DE-560-50-0533_FL3.DWG','2017-08-28 15:04:10',19,173568,5,1),(321,'/home/sergio/Workspace/GDoks/public_html/client_data/fday/uploads/74/159a4692ade8e9','DE-560-50-0533_FL3.pdf','2017-08-28 15:04:10',19,147017,5,1),(322,'/home/sergio/Workspace/GDoks/public_html/client_data/fday/uploads/74/159a4692adfa3c','DE-560-50-0533_FL4.DWG','2017-08-28 15:04:10',19,173344,5,1),(323,'/home/sergio/Workspace/GDoks/public_html/client_data/fday/uploads/74/159a4692ae0c4c','DE-560-50-0533_FL4.pdf','2017-08-28 15:04:10',19,75181,5,1),(324,'/home/sergio/Workspace/GDoks/public_html/client_data/fday/uploads/74/159a4692ae1dda','DE-560-50-0533_FL5.DWG','2017-08-28 15:04:10',19,266528,5,1),(325,'/home/sergio/Workspace/GDoks/public_html/client_data/fday/uploads/74/159a4692ae327f','DE-560-50-0533_FL5.pdf','2017-08-28 15:04:10',19,125438,5,1),(326,'/home/sergio/Workspace/GDoks/public_html/client_data/fday/uploads/74/159a4692ae4b5b','DE-560-50-0533_FL6.dwg.dwg','2017-08-28 15:04:10',19,183264,5,1),(327,'/home/sergio/Workspace/GDoks/public_html/client_data/fday/uploads/74/159a4692ae5dd8','DE-560-50-0533_FL6.pdf','2017-08-28 15:04:10',19,107045,5,1),(328,'/home/sergio/Workspace/GDoks/public_html/client_data/fday/uploads/74/159a4692ae6e6d','DE-560-50-0533_FL7.DWG','2017-08-28 15:04:10',19,183040,5,1),(329,'/home/sergio/Workspace/GDoks/public_html/client_data/fday/uploads/74/159a4692ae80b4','DE-560-50-0533_FL7.pdf','2017-08-28 15:04:10',19,59767,5,1),(330,'/home/sergio/Workspace/GDoks/public_html/client_data/fday/uploads/74/159a4692ae9194','DE-560-50-0533_FL8.dwg','2017-08-28 15:04:10',19,190656,5,1),(331,'/home/sergio/Workspace/GDoks/public_html/client_data/fday/uploads/74/159a4692aea911','DE-560-50-0533_FL8.pdf','2017-08-28 15:04:10',19,83074,5,1),(332,'/home/sergio/Workspace/GDoks/public_html/client_data/fday/uploads/74/159a4692aebc89','DE-560-50-0533_FL9.DWG','2017-08-28 15:04:10',19,172544,5,1),(333,'/home/sergio/Workspace/GDoks/public_html/client_data/fday/uploads/74/159a4692aee19c','DE-560-50-0533_FL9.pdf','2017-08-28 15:04:10',19,77653,5,1),(334,'/home/sergio/Workspace/GDoks/public_html/client_data/fday/uploads/74/159a4692af00b0','DE-560-50-0533_FL10.DWG','2017-08-28 15:04:10',19,251744,5,1),(335,'/home/sergio/Workspace/GDoks/public_html/client_data/fday/uploads/74/159a4692af1294','DE-560-50-0533_FL10.pdf','2017-08-28 15:04:10',19,95119,5,1),(336,'/home/sergio/Workspace/GDoks/public_html/client_data/fday/uploads/74/159a4692af2733','DE-560-50-0533_FL11.DWG','2017-08-28 15:04:10',19,184512,5,1),(337,'/home/sergio/Workspace/GDoks/public_html/client_data/fday/uploads/74/159a4692af3b88','DE-560-50-0533_FL11.pdf','2017-08-28 15:04:10',19,107945,5,1),(338,'/home/sergio/Workspace/GDoks/public_html/client_data/fday/uploads/74/159a4692b01155','DE-560-50-0533_FL12.DWG','2017-08-28 15:04:11',19,187392,5,1),(339,'/home/sergio/Workspace/GDoks/public_html/client_data/fday/uploads/74/159a4692b02733','DE-560-50-0533_FL12.pdf','2017-08-28 15:04:11',19,77383,5,1),(340,'/home/sergio/Workspace/GDoks/public_html/client_data/fday/uploads/74/159a4692b03ba8','DE-560-50-0533_FL13.dwg','2017-08-28 15:04:11',19,187360,5,1),(341,'/home/sergio/Workspace/GDoks/public_html/client_data/fday/uploads/74/159a4692b04ff8','DE-560-50-0533_FL13.pdf','2017-08-28 15:04:11',19,74748,5,1),(342,'/home/sergio/Workspace/GDoks/public_html/client_data/fday/uploads/74/159a469ab692bb','DE-560-50-0531_FL1.dwg','2017-08-28 15:06:19',19,987447,5,1),(343,'/home/sergio/Workspace/GDoks/public_html/client_data/fday/uploads/74/159a469ab6ba49','DE-560-50-0531_FL1.pdf','2017-08-28 15:06:19',19,68830,5,1),(344,'/home/sergio/Workspace/GDoks/public_html/client_data/fday/uploads/74/159a469ab6d109','DE-560-50-0531_FL2.DWG','2017-08-28 15:06:19',19,204426,5,1),(345,'/home/sergio/Workspace/GDoks/public_html/client_data/fday/uploads/74/159a469ab6ec32','DE-560-50-0531_FL2.pdf','2017-08-28 15:06:19',19,147585,5,1),(346,'/home/sergio/Workspace/GDoks/public_html/client_data/fday/uploads/74/159a469ab70165','DE-560-50-0531_FL3.DWG','2017-08-28 15:06:19',19,174193,5,1),(347,'/home/sergio/Workspace/GDoks/public_html/client_data/fday/uploads/74/159a469ab74c18','DE-560-50-0531_FL3.pdf','2017-08-28 15:06:19',19,145084,5,1),(348,'/home/sergio/Workspace/GDoks/public_html/client_data/fday/uploads/74/159a469ab78157','DE-560-50-0531_FL4.DWG','2017-08-28 15:06:19',19,174884,5,1),(349,'/home/sergio/Workspace/GDoks/public_html/client_data/fday/uploads/74/159a469ab79ae4','DE-560-50-0531_FL4.pdf','2017-08-28 15:06:19',19,163793,5,1),(350,'/home/sergio/Workspace/GDoks/public_html/client_data/fday/uploads/74/159a469ab7b8f0','DE-560-50-0531_FL5.DWG','2017-08-28 15:06:19',19,171476,5,1),(351,'/home/sergio/Workspace/GDoks/public_html/client_data/fday/uploads/74/159a469ab7cacf','DE-560-50-0531_FL5.pdf','2017-08-28 15:06:19',19,134185,5,1),(352,'/home/sergio/Workspace/GDoks/public_html/client_data/fday/uploads/74/159a469ab7e782','DE-560-50-0531_FL6.DWG','2017-08-28 15:06:19',19,192940,5,1),(353,'/home/sergio/Workspace/GDoks/public_html/client_data/fday/uploads/74/159a469ab7fb18','DE-560-50-0531_FL6.pdf','2017-08-28 15:06:19',19,138422,5,1),(354,'/home/sergio/Workspace/GDoks/public_html/client_data/fday/uploads/74/159a469ab8156c','DE-560-50-0531_FL7.DWG','2017-08-28 15:06:19',19,169412,5,1),(355,'/home/sergio/Workspace/GDoks/public_html/client_data/fday/uploads/74/159a469ab82787','DE-560-50-0531_FL7.pdf','2017-08-28 15:06:19',19,109458,5,1),(356,'/home/sergio/Workspace/GDoks/public_html/client_data/fday/uploads/74/159a469ab83a87','DE-560-50-0531_FL8.DWG','2017-08-28 15:06:19',19,176499,5,1),(357,'/home/sergio/Workspace/GDoks/public_html/client_data/fday/uploads/74/159a469ab84e84','DE-560-50-0531_FL8.pdf','2017-08-28 15:06:19',19,170665,5,1),(358,'/home/sergio/Workspace/GDoks/public_html/client_data/fday/uploads/74/159a469ab860bf','DE-560-50-0531_FL9.DWG','2017-08-28 15:06:19',19,188234,5,1),(359,'/home/sergio/Workspace/GDoks/public_html/client_data/fday/uploads/74/159a469ab87b3b','DE-560-50-0531_FL9.pdf','2017-08-28 15:06:19',19,169598,5,1),(360,'/home/sergio/Workspace/GDoks/public_html/client_data/fday/uploads/74/159a469ab88e24','DE-560-50-0531_FL10.DWG','2017-08-28 15:06:19',19,179829,5,1),(361,'/home/sergio/Workspace/GDoks/public_html/client_data/fday/uploads/74/159a469ab8afc0','DE-560-50-0531_FL10.pdf','2017-08-28 15:06:19',19,113972,5,1),(362,'/home/sergio/Workspace/GDoks/public_html/client_data/fday/uploads/74/159a469ab8cba4','DE-560-50-0531_FL11.DWG','2017-08-28 15:06:19',19,188705,5,1),(363,'/home/sergio/Workspace/GDoks/public_html/client_data/fday/uploads/74/159a469ab8ea58','DE-560-50-0531_FL11.pdf','2017-08-28 15:06:19',19,115693,5,1),(364,'/home/sergio/Workspace/GDoks/public_html/client_data/fday/uploads/74/159a469ab9096f','DE-560-50-0531_FL12.DWG','2017-08-28 15:06:19',19,169735,5,1),(365,'/home/sergio/Workspace/GDoks/public_html/client_data/fday/uploads/74/159a469ab91c9d','DE-560-50-0531_FL12.pdf','2017-08-28 15:06:19',19,136035,5,1),(366,'/home/sergio/Workspace/GDoks/public_html/client_data/fday/uploads/74/159a469ab92fe0','DE-560-50-0531_FL13.DWG','2017-08-28 15:06:19',19,191732,5,1),(367,'/home/sergio/Workspace/GDoks/public_html/client_data/fday/uploads/74/159a469ab949ee','DE-560-50-0531_FL13.pdf','2017-08-28 15:06:19',19,179829,5,1),(368,'/home/sergio/Workspace/GDoks/public_html/client_data/fday/uploads/74/159a469ab95db3','DE-560-50-0531_FL14.DWG','2017-08-28 15:06:19',19,165002,5,1),(369,'/home/sergio/Workspace/GDoks/public_html/client_data/fday/uploads/74/159a469ab9799d','DE-560-50-0531_FL14.pdf','2017-08-28 15:06:19',19,111771,5,1),(370,'/home/sergio/Workspace/GDoks/public_html/client_data/fday/uploads/74/159a469ab98ee9','plot.log','2017-08-28 15:06:19',19,237,5,1),(371,'/home/sergio/Workspace/GDoks/public_html/client_data/fday/uploads/74/159a46a1eb99b3','DE-560-70-0037_FL1.dwg','2017-08-28 15:08:14',19,959905,5,1),(372,'/home/sergio/Workspace/GDoks/public_html/client_data/fday/uploads/74/159a46a1ebb0c6','DE-560-70-0037_FL1.pdf','2017-08-28 15:08:14',19,70851,5,1),(373,'/home/sergio/Workspace/GDoks/public_html/client_data/fday/uploads/74/159a46a1ebd67f','DE-560-70-0037_FL2.DWG','2017-08-28 15:08:14',19,194135,5,1),(374,'/home/sergio/Workspace/GDoks/public_html/client_data/fday/uploads/74/159a46a1ebed94','DE-560-70-0037_FL2.pdf','2017-08-28 15:08:14',19,218285,5,1),(375,'/home/sergio/Workspace/GDoks/public_html/client_data/fday/uploads/74/159a46a1ec0a29','DE-560-70-0037_FL3.DWG','2017-08-28 15:08:14',19,188183,5,1),(376,'/home/sergio/Workspace/GDoks/public_html/client_data/fday/uploads/74/159a46a1ec1efb','DE-560-70-0037_FL3.pdf','2017-08-28 15:08:14',19,174943,5,1),(377,'/home/sergio/Workspace/GDoks/public_html/client_data/fday/uploads/74/159a46a1ec37bd','DE-560-70-0037_FL4.DWG','2017-08-28 15:08:14',19,219543,5,1),(378,'/home/sergio/Workspace/GDoks/public_html/client_data/fday/uploads/74/159a46a1ec4e12','DE-560-70-0037_FL4.pdf','2017-08-28 15:08:14',19,184183,5,1),(379,'/home/sergio/Workspace/GDoks/public_html/client_data/fday/uploads/74/159a46a1ec60f5','DE-560-70-0037_FL5.DWG','2017-08-28 15:08:14',19,325068,5,1),(380,'/home/sergio/Workspace/GDoks/public_html/client_data/fday/uploads/74/159a46a1ec7575','DE-560-70-0037_FL5.pdf','2017-08-28 15:08:14',19,109641,5,1),(381,'/home/sergio/Workspace/GDoks/public_html/client_data/fday/uploads/74/159a46ab647ae5','LC-565-50-0001_0.pdf','2017-08-28 15:10:46',19,107185,5,1),(382,'/home/sergio/Workspace/GDoks/public_html/client_data/fday/uploads/74/159a46ab648f95','LC-565-50-0001_0.xls','2017-08-28 15:10:46',19,564736,5,1),(383,'/home/sergio/Workspace/GDoks/public_html/client_data/fday/uploads/74/159a46c108a08d','LM-560-50-0001_R0.docx','2017-08-28 15:16:32',19,192938,5,1),(384,'/home/sergio/Workspace/GDoks/public_html/client_data/fday/uploads/74/159a46c108b578','LM-560-50-0001_R0.pdf','2017-08-28 15:16:32',19,49216,5,1),(385,'/home/sergio/Workspace/GDoks/public_html/client_data/fday/uploads/74/159a46ca7bdd9c','DE-560-50-0534_R0.dwg','2017-08-28 15:19:03',19,366828,5,1),(386,'/home/sergio/Workspace/GDoks/public_html/client_data/fday/uploads/74/159a46ca7c08a5','DE-560-50-0534_R0.pdf','2017-08-28 15:19:03',19,151770,5,1),(387,'/home/sergio/Workspace/GDoks/public_html/client_data/fday/uploads/74/159a46db1a0981','DE-560-50-0532_R0.dwg','2017-08-28 15:23:29',19,356281,5,1),(388,'/home/sergio/Workspace/GDoks/public_html/client_data/fday/uploads/74/159a46db1a1ea1','DE-560-50-0532_R0.pdf','2017-08-28 15:23:29',19,199867,5,1),(389,'/home/sergio/Workspace/GDoks/public_html/client_data/fday/uploads/74/159a470016d17e','LD-560-50-0001_R0.docx','2017-08-28 15:33:21',19,183334,5,1),(390,'/home/sergio/Workspace/GDoks/public_html/client_data/fday/uploads/74/159a470016e964','LD-560-50-0001_R0.pdf','2017-08-28 15:33:21',19,81900,5,1),(391,'/home/sergio/Workspace/GDoks/public_html/client_data/fday/uploads/75/159a5a1f8c4f6f','ART - Villas de Esplanada.PDF','2017-08-29 13:18:48',19,1156542,5,1),(392,'/home/sergio/Workspace/GDoks/public_html/client_data/fday/uploads/75/159a5a24157d91','FRY-1605.01-E20-001=0 - Carta de Apresentação e Quadro de Consumidores - Villas de Esplanada.PDF','2017-08-29 13:20:01',19,2341204,5,1),(393,'/home/sergio/Workspace/GDoks/public_html/client_data/fday/uploads/75/159a5a2812773f','Cartão CNPJ CATALONIA.PDF','2017-08-29 13:21:05',19,127147,5,1),(394,'/home/sergio/Workspace/GDoks/public_html/client_data/fday/uploads/75/159a5a2f7731f8','CNH - Nilson Nobrega.pdf','2017-08-29 13:23:03',19,406920,5,1),(395,'/home/sergio/Workspace/GDoks/public_html/client_data/fday/uploads/75/159a5a328ecc59','Contrato Social - CATALONIA EMPREENDIMENTOS LTDA..pdf','2017-08-29 13:23:52',19,1172631,5,1),(396,'/home/sergio/Workspace/GDoks/public_html/client_data/fday/uploads/75/159a5a35ab28d1','CREA - Caio Novaes.pdf','2017-08-29 13:24:42',19,96897,5,1),(397,'/home/sergio/Workspace/GDoks/public_html/client_data/fday/uploads/75/159a5a3ebe42f5','licença prévia baixio.pdf','2017-08-29 13:27:07',19,5616442,5,1),(398,'/home/sergio/Workspace/GDoks/public_html/client_data/fday/uploads/75/159a5a3ebe92fa','licença prévia baixio1.pdf','2017-08-29 13:27:07',19,1834181,5,1),(399,'/home/sergio/Workspace/GDoks/public_html/client_data/fday/uploads/75/159a5a3ebed498','Publicação Licença Prévia.docx','2017-08-29 13:27:07',19,33511,5,1),(400,'/home/sergio/Workspace/GDoks/public_html/client_data/fday/uploads/75/159a5a3ebf2f2e','Publicação Licença Prévia.pdf','2017-08-29 13:27:07',19,202744,5,1),(401,'/home/sergio/Workspace/GDoks/public_html/client_data/fday/uploads/75/159a5a445d362f','FRY-1605.01-E25-001=0 - MEMORIA DE CÁLCULO DE QUEDA DE TENSÃO DIMENSIONAMENTO DE RAMAIS DE ENTRADA.pdf','2017-08-29 13:28:37',19,314542,5,1),(402,'/home/sergio/Workspace/GDoks/public_html/client_data/fday/uploads/75/159a5a4d3b6051','FRY-1605.01-E20-002=0 -  MEMORIAL DESCRITIVO INSTALAÇÕES ELÉTRICAS.pdf','2017-08-29 13:30:59',19,137424,5,1),(403,'/home/sergio/Workspace/GDoks/public_html/client_data/fday/uploads/75/159a5a5144b280','FRY-1605.01-E20-003=0 - MEMORIAL DESCRITIVO REDE DE DISTRIBUIÇÃO ELÉTRICA.pdf','2017-08-29 13:32:04',19,665807,5,1),(404,'/home/sergio/Workspace/GDoks/public_html/client_data/fday/uploads/75/159a5a576df57f','Termo de Compromisso - Villas de Esplanada.PDF','2017-08-29 13:33:42',19,1146337,5,1),(405,'/home/sergio/Workspace/GDoks/public_html/client_data/fday/uploads/75/159a5a5eb69b73','FRY-1605.01-E12-001=0 - PLANTA DE ILUMINAÇÃO.dwg','2017-08-29 13:35:39',19,10863500,5,1),(406,'/home/sergio/Workspace/GDoks/public_html/client_data/fday/uploads/75/159a5a5eb707e4','FRY-1605.01-E12-001=0 - PLANTA DE ILUMINAÇÃO.pdf','2017-08-29 13:35:39',19,1143567,5,1),(407,'/home/sergio/Workspace/GDoks/public_html/client_data/fday/uploads/75/159a5a645cd9aa','FRY-1605.01-E10-001=0 - PLANTA DE SITUAÇÃO - IMPLANTAÇÃO.dwg','2017-08-29 13:37:09',19,10890469,5,1),(408,'/home/sergio/Workspace/GDoks/public_html/client_data/fday/uploads/75/159a5a645d2451','FRY-1605.01-E10-001=0 - PLANTA DE SITUAÇÃO - IMPLANTAÇÃO.pdf','2017-08-29 13:37:09',19,1249881,5,1),(409,'/home/sergio/Workspace/GDoks/public_html/client_data/fday/uploads/75/159a5a6b705f22','FRY-1605.01-E08-001=0 - PLANTAS E DETALHES DIAGRAMA UNIFILAR E QUADRO DE MEDIÇÃO.dwg','2017-08-29 13:39:03',19,2634250,5,1),(410,'/home/sergio/Workspace/GDoks/public_html/client_data/fday/uploads/75/159a5a6b70b265','FRY-1605.01-E08-001=0 - PLANTAS E DETALHES DIAGRAMA UNIFILAR E QUADRO DE MEDIÇÃO.pdf','2017-08-29 13:39:03',19,156771,5,1),(411,'/home/sergio/Workspace/GDoks/public_html/client_data/fday/uploads/75/159a5a6f07cdd6','Procuração - Villas de Esplanada.PDF','2017-08-29 13:40:00',19,953594,5,1),(412,'/home/sergio/Workspace/GDoks/public_html/client_data/fday/uploads/75/159a5a71831d60','Solicitação de Incorporação de rede elétrica - Villas de Esplanada.PDF','2017-08-29 13:40:40',19,965276,5,1),(413,'/home/sergio/Workspace/GDoks/public_html/client_data/fday/uploads/71/159a5af37a0d6a','FRY-1502.00-E06-001.rar','2017-08-29 14:15:19',19,3664209,5,1),(414,'/home/sergio/Workspace/GDoks/public_html/client_data/fday/uploads/71/159a5af37a3429','FRY-1502-GRD-001.pdf','2017-08-29 14:15:19',19,12206,5,1),(415,'/home/sergio/Workspace/GDoks/public_html/client_data/fday/uploads/71/159a5b0348c674','FRY-1502.00-E06-002=0.pdf','2017-08-29 14:19:32',19,2212501,5,1),(416,'/home/sergio/Workspace/GDoks/public_html/client_data/fday/uploads/71/159a5b0a4a7952','FRY-1502.00-E06-002=0_FL1.dwg','2017-08-29 14:21:24',19,996524,5,1),(417,'/home/sergio/Workspace/GDoks/public_html/client_data/fday/uploads/71/159a5b0a4a96b0','FRY-1502.00-E06-002=0_FL2.dwg','2017-08-29 14:21:24',19,997548,5,1),(418,'/home/sergio/Workspace/GDoks/public_html/client_data/fday/uploads/71/159a5b0a4aac0c','FRY-1502.00-E06-002=0_FL3.dwg','2017-08-29 14:21:24',19,995756,5,1),(419,'/home/sergio/Workspace/GDoks/public_html/client_data/fday/uploads/71/159a5b0a4ac0de','FRY-1502.00-E06-002=0_FL4.dwg','2017-08-29 14:21:24',19,996204,5,1),(420,'/home/sergio/Workspace/GDoks/public_html/client_data/fday/uploads/71/159a5b0a4ad612','FRY-1502.00-E06-002=0_FL5.dwg','2017-08-29 14:21:24',19,995692,5,1),(421,'/home/sergio/Workspace/GDoks/public_html/client_data/fday/uploads/71/159a5b0a4aef02','FRY-1502.00-E06-002=0_FL6.dwg','2017-08-29 14:21:24',19,1008588,5,1),(422,'/home/sergio/Workspace/GDoks/public_html/client_data/fday/uploads/71/159a5b0a4b0424','FRY-1502.00-E06-002=0_FL7.dwg','2017-08-29 14:21:24',19,1001900,5,1),(423,'/home/sergio/Workspace/GDoks/public_html/client_data/fday/uploads/71/159a5b0a4b199f','FRY-1502.00-E06-002=0_FL8.dwg','2017-08-29 14:21:24',19,1006444,5,1),(424,'/home/sergio/Workspace/GDoks/public_html/client_data/fday/uploads/71/159a5b0a4b2e60','FRY-1502.00-E06-002=0_FL9.dwg','2017-08-29 14:21:24',19,1000908,5,1),(425,'/home/sergio/Workspace/GDoks/public_html/client_data/fday/uploads/71/159a5b0a4b44b6','FRY-1502.00-E06-002=0_FL10.dwg','2017-08-29 14:21:24',19,1011340,5,1),(426,'/home/sergio/Workspace/GDoks/public_html/client_data/fday/uploads/71/159a5b0a4b5aff','FRY-1502.00-E06-002=0_FL11.dwg','2017-08-29 14:21:24',19,1006028,5,1),(427,'/home/sergio/Workspace/GDoks/public_html/client_data/fday/uploads/71/159a5b0a4b74af','FRY-1502.00-E06-002=0_FL12.dwg','2017-08-29 14:21:24',19,1010476,5,1),(428,'/home/sergio/Workspace/GDoks/public_html/client_data/fday/uploads/71/159a5b0a4b8ee3','FRY-1502.00-E06-002=0_FL13.dwg','2017-08-29 14:21:24',19,1003852,5,1),(429,'/home/sergio/Workspace/GDoks/public_html/client_data/fday/uploads/71/159a5b0a4ba609','FRY-1502.00-E06-002=0_FL14.dwg','2017-08-29 14:21:24',19,1009644,5,1),(430,'/home/sergio/Workspace/GDoks/public_html/client_data/fday/uploads/71/159a5b0a4bc160','FRY-1502.00-E06-002=0_FL15.dwg','2017-08-29 14:21:24',19,1002956,5,1),(431,'/home/sergio/Workspace/GDoks/public_html/client_data/fday/uploads/71/159a5b0a4bda4b','FRY-1502.00-E06-002=0_FL16.dwg','2017-08-29 14:21:24',19,980452,5,1),(432,'/home/sergio/Workspace/GDoks/public_html/client_data/fday/uploads/71/159a5b0a4bffee','FRY-1502.00-E06-002=0_FL17.dwg','2017-08-29 14:21:24',19,1000908,5,1),(433,'/home/sergio/Workspace/GDoks/public_html/client_data/fday/uploads/71/159a5b0a4c15c2','FRY-1502.00-E06-002=0_FL18.dwg','2017-08-29 14:21:24',19,1006444,5,1),(434,'/home/sergio/Workspace/GDoks/public_html/client_data/fday/uploads/71/159a5b0a4c2d69','FRY-1502.00-E06-002=0_FL19.dwg','2017-08-29 14:21:24',19,1005612,5,1),(435,'/home/sergio/Workspace/GDoks/public_html/client_data/fday/uploads/71/159a5b0a4c4540','FRY-1502.00-E06-002=0_FL20.dwg','2017-08-29 14:21:24',19,1011596,5,1),(436,'/home/sergio/Workspace/GDoks/public_html/client_data/fday/uploads/71/159a5b0a4c5d77','FRY-1502.00-E06-002=0_FL21.dwg','2017-08-29 14:21:24',19,1004844,5,1),(437,'/home/sergio/Workspace/GDoks/public_html/client_data/fday/uploads/71/159a5b0a4c78df','FRY-1502.00-E06-002=0_FL22.dwg','2017-08-29 14:21:24',19,1012844,5,1),(438,'/home/sergio/Workspace/GDoks/public_html/client_data/fday/uploads/71/159a5b0a4c8df0','FRY-1502.00-E06-002=0_FL23.dwg','2017-08-29 14:21:24',19,1008201,5,1),(439,'/home/sergio/Workspace/GDoks/public_html/client_data/fday/uploads/71/159a5b0a4ca365','FRY-1502.00-E06-002=0_FL24.dwg','2017-08-29 14:21:24',19,1008300,5,1),(440,'/home/sergio/Workspace/GDoks/public_html/client_data/fday/uploads/71/159a5b0a4cba3b','FRY-1502.00-E06-002=0_FL25.dwg','2017-08-29 14:21:24',19,1001964,5,1),(441,'/home/sergio/Workspace/GDoks/public_html/client_data/fday/uploads/71/159a5b0a4ccf8a','FRY-1502.00-E06-002=0_FL26.dwg','2017-08-29 14:21:24',19,1006508,5,1),(442,'/home/sergio/Workspace/GDoks/public_html/client_data/fday/uploads/71/159a5b0a4ce55e','FRY-1502.00-E06-002=0_FL27.dwg','2017-08-29 14:21:24',19,1000588,5,1),(443,'/home/sergio/Workspace/GDoks/public_html/client_data/fday/uploads/71/159a5b0a4cfac4','FRY-1502.00-E06-002=0_FL28.dwg','2017-08-29 14:21:24',19,1015820,5,1),(444,'/home/sergio/Workspace/GDoks/public_html/client_data/fday/uploads/71/159a5b0a4d10ea','FRY-1502.00-E06-002=0_FL29.dwg','2017-08-29 14:21:24',19,985127,5,1),(445,'/home/sergio/Workspace/GDoks/public_html/client_data/fday/uploads/71/159a5b0a4d2617','FRY-1502.00-E06-002=0_FL30.dwg','2017-08-29 14:21:24',19,1014796,5,1),(446,'/home/sergio/Workspace/GDoks/public_html/client_data/fday/uploads/71/159a5b0a4d40a0','FRY-1502.00-E06-002=0_FL31.dwg','2017-08-29 14:21:24',19,985063,5,1),(447,'/home/sergio/Workspace/GDoks/public_html/client_data/fday/uploads/71/159a5b0a4d6975','FRY-1502.00-E06-002=0_FL32.dwg','2017-08-29 14:21:24',19,1012844,5,1),(448,'/home/sergio/Workspace/GDoks/public_html/client_data/fday/uploads/71/159a5b0a4d8a8c','FRY-1502.00-E06-002=0_FL33.dwg','2017-08-29 14:21:24',19,1012172,5,1),(449,'/home/sergio/Workspace/GDoks/public_html/client_data/fday/uploads/71/159a5b0a4da421','FRY-1502.00-E06-002=0_FL34.dwg','2017-08-29 14:21:24',19,1007436,5,1),(450,'/home/sergio/Workspace/GDoks/public_html/client_data/fday/uploads/71/159a5b0a4dbaab','FRY-1502.00-E06-002=0_FL35.dwg','2017-08-29 14:21:24',19,1002540,5,1),(451,'/home/sergio/Workspace/GDoks/public_html/client_data/fday/uploads/71/159a5b0a4dd0f6','FRY-1502.00-E06-002=0_FL36.dwg','2017-08-29 14:21:24',19,981282,5,1),(452,'/home/sergio/Workspace/GDoks/public_html/client_data/fday/uploads/71/159a5b0a4de7ed','FRY-1502.00-E06-002=0_FL37.dwg','2017-08-29 14:21:24',19,976518,5,1),(453,'/home/sergio/Workspace/GDoks/public_html/client_data/fday/uploads/71/159a5b0a4e0342','FRY-1502.00-E06-002=0_FL38.dwg','2017-08-29 14:21:24',19,981442,5,1),(454,'/home/sergio/Workspace/GDoks/public_html/client_data/fday/uploads/71/159a5b0a4e187e','FRY-1502.00-E06-002=0_FL39.dwg','2017-08-29 14:21:24',19,976551,5,1),(455,'/home/sergio/Workspace/GDoks/public_html/client_data/fday/uploads/71/159a5b0a4e31ad','FRY-1502.00-E06-002=0_FL40.dwg','2017-08-29 14:21:24',19,981251,5,1),(456,'/home/sergio/Workspace/GDoks/public_html/client_data/fday/uploads/71/159a5b0a4e475f','FRY-1502.00-E06-002=0_FL41.dwg','2017-08-29 14:21:24',19,976613,5,1),(457,'/home/sergio/Workspace/GDoks/public_html/client_data/fday/uploads/71/159a5b0a4e5ea8','FRY-1502.00-E06-002=0_FL42.dwg','2017-08-29 14:21:24',19,982406,5,1),(458,'/home/sergio/Workspace/GDoks/public_html/client_data/fday/uploads/71/159a5b0a4e7475','FRY-1502.00-E06-002=0_FL43.dwg','2017-08-29 14:21:24',19,977699,5,1),(459,'/home/sergio/Workspace/GDoks/public_html/client_data/fday/uploads/71/159a5b0a4e8b47','FRY-1502.00-E06-002=0_FL44.dwg','2017-08-29 14:21:24',19,980897,5,1),(460,'/home/sergio/Workspace/GDoks/public_html/client_data/fday/uploads/71/159a5b0a4ea10f','FRY-1502.00-E06-002=0_FL45.dwg','2017-08-29 14:21:24',19,977955,5,1),(461,'/home/sergio/Workspace/GDoks/public_html/client_data/fday/uploads/71/159a5b0a4eb6cf','FRY-1502.00-E06-002=0_FL46.dwg','2017-08-29 14:21:24',19,978695,5,1),(462,'/home/sergio/Workspace/GDoks/public_html/client_data/fday/uploads/71/159a5b0a4eec30','FRY-1502.00-E06-002=0_FL47.dwg','2017-08-29 14:21:24',19,980833,5,1),(463,'/home/sergio/Workspace/GDoks/public_html/client_data/fday/uploads/71/159a5b0a4f1bc1','FRY-1502.00-E06-002=0_FL48.dwg','2017-08-29 14:21:24',19,977891,5,1),(464,'/home/sergio/Workspace/GDoks/public_html/client_data/fday/uploads/71/159a5b0a4f3426','FRY-1502.00-E06-002=0_FL49.dwg','2017-08-29 14:21:24',19,978822,5,1),(465,'/home/sergio/Workspace/GDoks/public_html/client_data/fday/uploads/71/159a5b0a500ca4','FRY-1502.00-E06-002=0_FL50.dwg','2017-08-29 14:21:25',19,981025,5,1),(466,'/home/sergio/Workspace/GDoks/public_html/client_data/fday/uploads/71/159a5b3d647915','FRY-1502.00-E06-002=0_FL1.dwg','2017-08-29 14:35:02',19,996524,5,1),(467,'/home/sergio/Workspace/GDoks/public_html/client_data/fday/uploads/71/159a5b4a4ce964','FRY-1502.00-E06-002=0_FL51.dwg','2017-08-29 14:38:28',19,977955,5,1),(468,'/home/sergio/Workspace/GDoks/public_html/client_data/fday/uploads/71/159a5b4a4d007e','FRY-1502.00-E06-002=0_FL52.dwg','2017-08-29 14:38:28',19,978757,5,1),(469,'/home/sergio/Workspace/GDoks/public_html/client_data/fday/uploads/71/159a5b4a4d14ee','FRY-1502.00-E06-002=0_FL53.dwg','2017-08-29 14:38:28',19,981183,5,1),(470,'/home/sergio/Workspace/GDoks/public_html/client_data/fday/uploads/71/159a5b4a4d2953','FRY-1502.00-E06-002=0_FL54.dwg','2017-08-29 14:38:28',19,977923,5,1),(471,'/home/sergio/Workspace/GDoks/public_html/client_data/fday/uploads/71/159a5b4a4d3e7c','FRY-1502.00-E06-002=0_FL55.dwg','2017-08-29 14:38:28',19,978758,5,1),(472,'/home/sergio/Workspace/GDoks/public_html/client_data/fday/uploads/71/159a5b4a4d58e3','FRY-1502.00-E06-002=0_FL56.dwg','2017-08-29 14:38:28',19,981023,5,1),(473,'/home/sergio/Workspace/GDoks/public_html/client_data/fday/uploads/71/159a5b4a4d76d3','FRY-1502.00-E06-002=0_FL57.dwg','2017-08-29 14:38:28',19,978018,5,1),(474,'/home/sergio/Workspace/GDoks/public_html/client_data/fday/uploads/71/159a5b4a4d8b70','FRY-1502.00-E06-002=0_FL58.dwg','2017-08-29 14:38:28',19,978855,5,1),(475,'/home/sergio/Workspace/GDoks/public_html/client_data/fday/uploads/71/159a5b4a4da301','FRY-1502.00-E06-002=0_FL59.dwg','2017-08-29 14:38:28',19,981023,5,1),(476,'/home/sergio/Workspace/GDoks/public_html/client_data/fday/uploads/71/159a5b4a4db9d0','FRY-1502.00-E06-002=0_FL60.dwg','2017-08-29 14:38:28',19,976125,5,1),(477,'/home/sergio/Workspace/GDoks/public_html/client_data/fday/uploads/71/159a5b4a4dd05e','FRY-1502.00-E06-002=0_FL61.dwg','2017-08-29 14:38:28',19,978436,5,1),(478,'/home/sergio/Workspace/GDoks/public_html/client_data/fday/uploads/71/159a5b74432bab','FRY-1502.00-E06-001=0.pdf','2017-08-29 14:49:40',19,388270,5,1),(479,'/home/sergio/Workspace/GDoks/public_html/client_data/fday/uploads/71/159a5b8526a895','FRY-1502.00-E06-002=0.pdf','2017-08-29 14:54:10',19,2212501,5,1),(480,'/home/sergio/Workspace/GDoks/public_html/client_data/fday/uploads/71/159a5b8526c823','FRY-1502.00-E06-002=0_FL1.dwg','2017-08-29 14:54:10',19,996524,5,1),(481,'/home/sergio/Workspace/GDoks/public_html/client_data/fday/uploads/71/159a5b8526e253','FRY-1502.00-E06-002=0_FL2.dwg','2017-08-29 14:54:10',19,997548,5,1),(482,'/home/sergio/Workspace/GDoks/public_html/client_data/fday/uploads/71/159a5b8526f9e8','FRY-1502.00-E06-002=0_FL3.dwg','2017-08-29 14:54:10',19,995756,5,1),(483,'/home/sergio/Workspace/GDoks/public_html/client_data/fday/uploads/71/159a5b85272b30','FRY-1502.00-E06-002=0_FL4.dwg','2017-08-29 14:54:10',19,996204,5,1),(484,'/home/sergio/Workspace/GDoks/public_html/client_data/fday/uploads/71/159a5b85274a07','FRY-1502.00-E06-002=0_FL5.dwg','2017-08-29 14:54:10',19,995692,5,1),(485,'/home/sergio/Workspace/GDoks/public_html/client_data/fday/uploads/71/159a5b852764fe','FRY-1502.00-E06-002=0_FL6.dwg','2017-08-29 14:54:10',19,1008588,5,1),(486,'/home/sergio/Workspace/GDoks/public_html/client_data/fday/uploads/71/159a5b85277d35','FRY-1502.00-E06-002=0_FL7.dwg','2017-08-29 14:54:10',19,1001900,5,1),(487,'/home/sergio/Workspace/GDoks/public_html/client_data/fday/uploads/71/159a5b85279387','FRY-1502.00-E06-002=0_FL8.dwg','2017-08-29 14:54:10',19,1006444,5,1),(488,'/home/sergio/Workspace/GDoks/public_html/client_data/fday/uploads/71/159a5b8527af73','FRY-1502.00-E06-002=0_FL9.dwg','2017-08-29 14:54:10',19,1000908,5,1),(489,'/home/sergio/Workspace/GDoks/public_html/client_data/fday/uploads/71/159a5b8527c72b','FRY-1502.00-E06-002=0_FL10.dwg','2017-08-29 14:54:10',19,1011340,5,1),(490,'/home/sergio/Workspace/GDoks/public_html/client_data/fday/uploads/71/159a5b8527dd98','FRY-1502.00-E06-002=0_FL11.dwg','2017-08-29 14:54:10',19,1006028,5,1),(491,'/home/sergio/Workspace/GDoks/public_html/client_data/fday/uploads/71/159a5b8527f5fb','FRY-1502.00-E06-002=0_FL12.dwg','2017-08-29 14:54:10',19,1010476,5,1),(492,'/home/sergio/Workspace/GDoks/public_html/client_data/fday/uploads/71/159a5b85281354','FRY-1502.00-E06-002=0_FL13.dwg','2017-08-29 14:54:10',19,1003852,5,1),(493,'/home/sergio/Workspace/GDoks/public_html/client_data/fday/uploads/71/159a5b852828a7','FRY-1502.00-E06-002=0_FL14.dwg','2017-08-29 14:54:10',19,1009644,5,1),(494,'/home/sergio/Workspace/GDoks/public_html/client_data/fday/uploads/71/159a5b8528405f','FRY-1502.00-E06-002=0_FL15.dwg','2017-08-29 14:54:10',19,1002956,5,1),(495,'/home/sergio/Workspace/GDoks/public_html/client_data/fday/uploads/71/159a5b85285784','FRY-1502.00-E06-002=0_FL16.dwg','2017-08-29 14:54:10',19,980452,5,1),(496,'/home/sergio/Workspace/GDoks/public_html/client_data/fday/uploads/71/159a5b85286c70','FRY-1502.00-E06-002=0_FL17.dwg','2017-08-29 14:54:10',19,1000908,5,1),(497,'/home/sergio/Workspace/GDoks/public_html/client_data/fday/uploads/71/159a5b852882e0','FRY-1502.00-E06-002=0_FL18.dwg','2017-08-29 14:54:10',19,1006444,5,1),(498,'/home/sergio/Workspace/GDoks/public_html/client_data/fday/uploads/71/159a5b8528998c','FRY-1502.00-E06-002=0_FL19.dwg','2017-08-29 14:54:10',19,1005612,5,1),(499,'/home/sergio/Workspace/GDoks/public_html/client_data/fday/uploads/71/159a5b8528b1cc','FRY-1502.00-E06-002=0_FL20.dwg','2017-08-29 14:54:10',19,1011596,5,1),(500,'/home/sergio/Workspace/GDoks/public_html/client_data/fday/uploads/71/159a5b8528dc9f','FRY-1502.00-E06-002=0_FL21.dwg','2017-08-29 14:54:10',19,1004844,5,1),(501,'/home/sergio/Workspace/GDoks/public_html/client_data/fday/uploads/71/159a5b8528f6d4','FRY-1502.00-E06-002=0_FL22.dwg','2017-08-29 14:54:10',19,1012844,5,1),(502,'/home/sergio/Workspace/GDoks/public_html/client_data/fday/uploads/71/159a5b85290c6a','FRY-1502.00-E06-002=0_FL23.dwg','2017-08-29 14:54:10',19,1008201,5,1),(503,'/home/sergio/Workspace/GDoks/public_html/client_data/fday/uploads/71/159a5b85292726','FRY-1502.00-E06-002=0_FL24.dwg','2017-08-29 14:54:10',19,1008300,5,1),(504,'/home/sergio/Workspace/GDoks/public_html/client_data/fday/uploads/71/159a5b852944c4','FRY-1502.00-E06-002=0_FL25.dwg','2017-08-29 14:54:10',19,1001964,5,1),(505,'/home/sergio/Workspace/GDoks/public_html/client_data/fday/uploads/71/159a5b85295afa','FRY-1502.00-E06-002=0_FL26.dwg','2017-08-29 14:54:10',19,1006508,5,1),(506,'/home/sergio/Workspace/GDoks/public_html/client_data/fday/uploads/71/159a5b852972a7','FRY-1502.00-E06-002=0_FL27.dwg','2017-08-29 14:54:10',19,1000588,5,1),(507,'/home/sergio/Workspace/GDoks/public_html/client_data/fday/uploads/71/159a5b85298947','FRY-1502.00-E06-002=0_FL28.dwg','2017-08-29 14:54:10',19,1015820,5,1),(508,'/home/sergio/Workspace/GDoks/public_html/client_data/fday/uploads/71/159a5b8529a421','FRY-1502.00-E06-002=0_FL29.dwg','2017-08-29 14:54:10',19,985127,5,1),(509,'/home/sergio/Workspace/GDoks/public_html/client_data/fday/uploads/71/159a5b8529c237','FRY-1502.00-E06-002=0_FL30.dwg','2017-08-29 14:54:10',19,1014796,5,1),(510,'/home/sergio/Workspace/GDoks/public_html/client_data/fday/uploads/71/159a5b958ec47c','FRY-1502.00-E06-002=0_FL31.dwg','2017-08-29 14:58:32',19,985063,5,1),(511,'/home/sergio/Workspace/GDoks/public_html/client_data/fday/uploads/71/159a5b958f11d9','FRY-1502.00-E06-002=0_FL32.dwg','2017-08-29 14:58:32',19,1012844,5,1),(512,'/home/sergio/Workspace/GDoks/public_html/client_data/fday/uploads/71/159a5b95901bc4','FRY-1502.00-E06-002=0_FL33.dwg','2017-08-29 14:58:33',19,1012172,5,1),(513,'/home/sergio/Workspace/GDoks/public_html/client_data/fday/uploads/71/159a5b95903546','FRY-1502.00-E06-002=0_FL34.dwg','2017-08-29 14:58:33',19,1007436,5,1),(514,'/home/sergio/Workspace/GDoks/public_html/client_data/fday/uploads/71/159a5b95904be0','FRY-1502.00-E06-002=0_FL35.dwg','2017-08-29 14:58:33',19,1002540,5,1),(515,'/home/sergio/Workspace/GDoks/public_html/client_data/fday/uploads/71/159a5b959060c3','FRY-1502.00-E06-002=0_FL36.dwg','2017-08-29 14:58:33',19,981282,5,1),(516,'/home/sergio/Workspace/GDoks/public_html/client_data/fday/uploads/71/159a5b95907830','FRY-1502.00-E06-002=0_FL37.dwg','2017-08-29 14:58:33',19,976518,5,1),(517,'/home/sergio/Workspace/GDoks/public_html/client_data/fday/uploads/71/159a5b95908fa0','FRY-1502.00-E06-002=0_FL38.dwg','2017-08-29 14:58:33',19,981442,5,1),(518,'/home/sergio/Workspace/GDoks/public_html/client_data/fday/uploads/71/159a5b9590a4f3','FRY-1502.00-E06-002=0_FL39.dwg','2017-08-29 14:58:33',19,976551,5,1),(519,'/home/sergio/Workspace/GDoks/public_html/client_data/fday/uploads/71/159a5b9590bcfa','FRY-1502.00-E06-002=0_FL40.dwg','2017-08-29 14:58:33',19,981251,5,1),(520,'/home/sergio/Workspace/GDoks/public_html/client_data/fday/uploads/71/159a5b9a9ac126','FRY-1502.00-E06-002=0_FL41.dwg','2017-08-29 14:59:53',19,976613,5,1),(521,'/home/sergio/Workspace/GDoks/public_html/client_data/fday/uploads/71/159a5b9a9adb12','FRY-1502.00-E06-002=0_FL42.dwg','2017-08-29 14:59:53',19,982406,5,1),(522,'/home/sergio/Workspace/GDoks/public_html/client_data/fday/uploads/71/159a5b9a9af0fc','FRY-1502.00-E06-002=0_FL43.dwg','2017-08-29 14:59:53',19,977699,5,1),(523,'/home/sergio/Workspace/GDoks/public_html/client_data/fday/uploads/71/159a5b9a9b0573','FRY-1502.00-E06-002=0_FL44.dwg','2017-08-29 14:59:53',19,980897,5,1),(524,'/home/sergio/Workspace/GDoks/public_html/client_data/fday/uploads/71/159a5b9a9b1ce2','FRY-1502.00-E06-002=0_FL45.dwg','2017-08-29 14:59:53',19,977955,5,1),(525,'/home/sergio/Workspace/GDoks/public_html/client_data/fday/uploads/71/159a5b9a9b3a38','FRY-1502.00-E06-002=0_FL46.dwg','2017-08-29 14:59:53',19,978695,5,1),(526,'/home/sergio/Workspace/GDoks/public_html/client_data/fday/uploads/71/159a5b9a9b5a7d','FRY-1502.00-E06-002=0_FL47.dwg','2017-08-29 14:59:53',19,980833,5,1),(527,'/home/sergio/Workspace/GDoks/public_html/client_data/fday/uploads/71/159a5b9a9b873d','FRY-1502.00-E06-002=0_FL48.dwg','2017-08-29 14:59:53',19,977891,5,1),(528,'/home/sergio/Workspace/GDoks/public_html/client_data/fday/uploads/71/159a5b9a9bb26f','FRY-1502.00-E06-002=0_FL49.dwg','2017-08-29 14:59:53',19,978822,5,1),(529,'/home/sergio/Workspace/GDoks/public_html/client_data/fday/uploads/71/159a5b9a9bd96b','FRY-1502.00-E06-002=0_FL50.dwg','2017-08-29 14:59:53',19,981025,5,1),(530,'/home/sergio/Workspace/GDoks/public_html/client_data/fday/uploads/71/159a5b9a9c1495','FRY-1502.00-E06-002=0_FL51.dwg','2017-08-29 14:59:53',19,977955,5,1),(531,'/home/sergio/Workspace/GDoks/public_html/client_data/fday/uploads/71/159a5b9a9c2b2f','FRY-1502.00-E06-002=0_FL52.dwg','2017-08-29 14:59:53',19,978757,5,1),(532,'/home/sergio/Workspace/GDoks/public_html/client_data/fday/uploads/71/159a5b9a9c40e0','FRY-1502.00-E06-002=0_FL53.dwg','2017-08-29 14:59:53',19,981183,5,1),(533,'/home/sergio/Workspace/GDoks/public_html/client_data/fday/uploads/71/159a5b9a9c590f','FRY-1502.00-E06-002=0_FL54.dwg','2017-08-29 14:59:53',19,977923,5,1),(534,'/home/sergio/Workspace/GDoks/public_html/client_data/fday/uploads/71/159a5b9a9c7441','FRY-1502.00-E06-002=0_FL55.dwg','2017-08-29 14:59:53',19,978758,5,1),(535,'/home/sergio/Workspace/GDoks/public_html/client_data/fday/uploads/71/159a5b9a9c97e2','FRY-1502.00-E06-002=0_FL56.dwg','2017-08-29 14:59:53',19,981023,5,1),(536,'/home/sergio/Workspace/GDoks/public_html/client_data/fday/uploads/71/159a5b9a9cac59','FRY-1502.00-E06-002=0_FL57.dwg','2017-08-29 14:59:53',19,978018,5,1),(537,'/home/sergio/Workspace/GDoks/public_html/client_data/fday/uploads/71/159a5b9a9cc0df','FRY-1502.00-E06-002=0_FL58.dwg','2017-08-29 14:59:53',19,978855,5,1),(538,'/home/sergio/Workspace/GDoks/public_html/client_data/fday/uploads/71/159a5b9a9cd64b','FRY-1502.00-E06-002=0_FL59.dwg','2017-08-29 14:59:53',19,981023,5,1),(539,'/home/sergio/Workspace/GDoks/public_html/client_data/fday/uploads/71/159a5b9a9cecbd','FRY-1502.00-E06-002=0_FL60.dwg','2017-08-29 14:59:53',19,976125,5,1),(540,'/home/sergio/Workspace/GDoks/public_html/client_data/fday/uploads/71/159a5b9a9d01fe','FRY-1502.00-E06-002=0_FL61.dwg','2017-08-29 14:59:53',19,978436,5,1),(541,'/home/sergio/Workspace/GDoks/public_html/client_data/fday/uploads/71/159a5ba672ab81','FRY-1502.00-E06-001=0.pdf','2017-08-29 15:03:03',19,716979,5,1),(542,'/home/sergio/Workspace/GDoks/public_html/client_data/fday/uploads/71/159a5ba672c4f7','FRY-1502.00-E06-001=0_FL1.dwg','2017-08-29 15:03:03',19,974814,5,1),(543,'/home/sergio/Workspace/GDoks/public_html/client_data/fday/uploads/71/159a5ba672e170','FRY-1502.00-E06-001=0_FL2.dwg','2017-08-29 15:03:03',19,982826,5,1),(544,'/home/sergio/Workspace/GDoks/public_html/client_data/fday/uploads/71/159a5ba672fdb5','FRY-1502.00-E06-001=0_FL3.dwg','2017-08-29 15:03:03',19,976671,5,1),(545,'/home/sergio/Workspace/GDoks/public_html/client_data/fday/uploads/71/159a5ba67317f8','FRY-1502.00-E06-001=0_FL4.dwg','2017-08-29 15:03:03',19,967698,5,1),(546,'/home/sergio/Workspace/GDoks/public_html/client_data/fday/uploads/71/159a5ba67335a7','FRY-1502.00-E06-001=0_FL5.dwg','2017-08-29 15:03:03',19,2617333,5,1),(547,'/home/sergio/Workspace/GDoks/public_html/client_data/fday/uploads/71/159a5ba6735f61','FRY-1502.00-E06-001=0_FL6.dwg','2017-08-29 15:03:03',19,988266,5,1),(548,'/home/sergio/Workspace/GDoks/public_html/client_data/fday/uploads/71/159a5ba673a6eb','FRY-1502.00-E06-001=0_FL7.dwg','2017-08-29 15:03:03',19,1010130,5,1),(549,'/home/sergio/Workspace/GDoks/public_html/client_data/fday/uploads/71/159a5ba673c712','FRY-1502.00-E06-001=0_FL8.dwg','2017-08-29 15:03:03',19,2500130,5,1),(550,'/home/sergio/Workspace/GDoks/public_html/client_data/fday/uploads/71/159a5ba674028b','FRY-1502.00-E06-001=0_FL9.dwg','2017-08-29 15:03:03',19,998956,5,1),(551,'/home/sergio/Workspace/GDoks/public_html/client_data/fday/uploads/71/159a5ba67423eb','FRY-1502.00-E06-001=0_FL10.dwg','2017-08-29 15:03:03',19,981368,5,1),(552,'/home/sergio/Workspace/GDoks/public_html/client_data/fday/uploads/71/159a5ba67450e6','FRY-1502.00-E06-001=0_FL11.dwg','2017-08-29 15:03:03',19,988909,5,1),(553,'/home/sergio/Workspace/GDoks/public_html/client_data/fday/uploads/71/159a5ba6747ee5','FRY-1502.00-E06-001=0_FL12.dwg','2017-08-29 15:03:03',19,981246,5,1),(554,'/home/sergio/Workspace/GDoks/public_html/client_data/fday/uploads/71/159a5ba674aad4','FRY-1502.00-E06-001=0_FL13.dwg','2017-08-29 15:03:03',19,980050,5,1),(555,'/home/sergio/Workspace/GDoks/public_html/client_data/fday/uploads/71/159a5ba674c722','FRY-1502.00-E06-001=0_FL14.dwg','2017-08-29 15:03:03',19,967702,5,1),(556,'/home/sergio/Workspace/GDoks/public_html/client_data/fday/uploads/71/159a5ba674e256','FRY-1502.00-E06-001=0_FL15.dwg','2017-08-29 15:03:03',19,977320,5,1),(557,'/home/sergio/Workspace/GDoks/public_html/client_data/fday/uploads/71/159a5ba674fcb0','FRY-1502.00-E06-001=0_FL16.dwg','2017-08-29 15:03:03',19,1001287,5,1),(558,'/home/sergio/Workspace/GDoks/public_html/client_data/fday/uploads/71/159a5ba6751d01','FRY-1502.00-E06-001=0_FL17.dwg','2017-08-29 15:03:03',19,979873,5,1),(559,'/home/sergio/Workspace/GDoks/public_html/client_data/fday/uploads/71/159a5ba6753898','FRY-1502.00-E06-001=0_FL18.dwg','2017-08-29 15:03:03',19,967797,5,1),(560,'/home/sergio/Workspace/GDoks/public_html/client_data/fday/uploads/71/159a5ba6755380','FRY-1502.00-E06-001=0_FL19.dwg','2017-08-29 15:03:03',19,979101,5,1),(561,'/home/sergio/Workspace/GDoks/public_html/client_data/fday/uploads/71/159a5ba6756e0e','FRY-1502.00-E06-001=0_FL20.dwg','2017-08-29 15:03:03',19,2532672,5,1),(562,'/home/sergio/Workspace/GDoks/public_html/client_data/fday/uploads/71/159a5ba67594ca','FRY-1502.00-E06-001=0_FL21.dwg','2017-08-29 15:03:03',19,2543991,5,1),(563,'/home/sergio/Workspace/GDoks/public_html/client_data/fday/uploads/71/159a5ba675be46','FRY-1502.00-E06-001=0_FL22.dwg','2017-08-29 15:03:03',19,2532634,5,1),(564,'/home/sergio/Workspace/GDoks/public_html/client_data/fday/uploads/71/159a5ba675eae2','FRY-1502.00-E06-001=0_FL23.dwg','2017-08-29 15:03:03',19,2494383,5,1),(565,'/home/sergio/Workspace/GDoks/public_html/client_data/fday/uploads/71/159a5ba676216b','FRY-1502.00-E06-001=0_FL24.dwg','2017-08-29 15:03:03',19,2527041,5,1),(566,'/home/sergio/Workspace/GDoks/public_html/client_data/fday/uploads/71/159a5ba6764c76','FRY-1502.00-E06-001=0_FL25.dwg','2017-08-29 15:03:03',19,2520090,5,1),(567,'/home/sergio/Workspace/GDoks/public_html/client_data/fday/uploads/71/159a5ba676745f','FRY-1502.00-E06-001=0_FL26.dwg','2017-08-29 15:03:03',19,2531853,5,1),(568,'/home/sergio/Workspace/GDoks/public_html/client_data/fday/uploads/71/159a5ba676a8f7','FRY-1502.00-E06-001=0_FL27.dwg','2017-08-29 15:03:03',19,2514295,5,1),(569,'/home/sergio/Workspace/GDoks/public_html/client_data/fday/uploads/71/159a5ba676d2c9','FRY-1502.00-E06-001=0_FL28.dwg','2017-08-29 15:03:03',19,2519306,5,1),(570,'/home/sergio/Workspace/GDoks/public_html/client_data/fday/uploads/71/159a5ba676f9ce','FRY-1502.00-E06-001=0_FL29.dwg','2017-08-29 15:03:03',19,2506286,5,1),(571,'/home/sergio/Workspace/GDoks/public_html/client_data/fday/uploads/71/159a5ba67724b0','FRY-1502.00-E06-001=0_FL30.dwg','2017-08-29 15:03:03',19,3091007,5,1),(572,'/home/sergio/Workspace/GDoks/public_html/client_data/fday/uploads/71/159a5ba67774d3','FRY-1502.00-E06-001=0_FL31.dwg','2017-08-29 15:03:03',19,3134412,5,1),(573,'/home/sergio/Workspace/GDoks/public_html/client_data/fday/uploads/71/159a5babf1378c','FRY-1502.00-E06-003=0.pdf','2017-08-29 15:04:31',19,988285,5,1),(574,'/home/sergio/Workspace/GDoks/public_html/client_data/fday/uploads/71/159a5babf150d2','FRY-1502.00-E06-003=0_FL1.dwg','2017-08-29 15:04:31',19,957408,5,1),(575,'/home/sergio/Workspace/GDoks/public_html/client_data/fday/uploads/71/159a5babf16670','FRY-1502.00-E06-003=0_FL2.dwg','2017-08-29 15:04:31',19,987712,5,1),(576,'/home/sergio/Workspace/GDoks/public_html/client_data/fday/uploads/71/159a5babf17af3','FRY-1502.00-E06-003=0_FL3.dwg','2017-08-29 15:04:31',19,966560,5,1),(577,'/home/sergio/Workspace/GDoks/public_html/client_data/fday/uploads/71/159a5babf18f58','FRY-1502.00-E06-003=0_FL4.dwg','2017-08-29 15:04:31',19,1028448,5,1),(578,'/home/sergio/Workspace/GDoks/public_html/client_data/fday/uploads/69/159a5c1af9d2cf','0200-E060-A1-02145-REV.5 FL. 2-3 (CCM-3).dwg','2017-08-29 15:34:07',19,280507,5,1),(579,'/home/sergio/Workspace/GDoks/public_html/client_data/fday/uploads/69/159a5c1af9edcc','0200-E060-A1-02145-REV.5 FL. 2-3 (CCM-3).pdf','2017-08-29 15:34:07',19,146723,5,1),(580,'/home/sergio/Workspace/GDoks/public_html/client_data/fday/uploads/69/159a5c1f7c1247','0200-E060-A1-02145-REV.5  FL. 3-3(CCM  4).dwg','2017-08-29 15:35:19',19,255836,5,1),(581,'/home/sergio/Workspace/GDoks/public_html/client_data/fday/uploads/69/159a5c1f7c2695','0200-E060-A1-02145-REV.5  FL. 3-3(CCM  4).pdf','2017-08-29 15:35:19',19,128308,5,1),(582,'/home/sergio/Workspace/GDoks/public_html/client_data/fday/uploads/69/159a5c25a751d9','0200-E060-A1-02145-REV.5  FL.1-3  (CCM 1).dwg','2017-08-29 15:36:58',19,307316,5,1),(583,'/home/sergio/Workspace/GDoks/public_html/client_data/fday/uploads/69/159a5c25a76d4c','0200-E060-A1-02145-REV.5  FL.1-3  (CCM 1).pdf','2017-08-29 15:36:58',19,257832,5,1),(584,'/home/sergio/Workspace/GDoks/public_html/client_data/fday/uploads/69/159a5c95109ce3','ITF-0390-E060-A0-02136-REV.I (Diagrama Funcional).dwg','2017-08-29 16:06:41',19,216941,5,1),(585,'/home/sergio/Workspace/GDoks/public_html/client_data/fday/uploads/69/159a5c9510bfdb','ITF-0390-E060-A0-02136-REV.I (Diagrama Funcional).pdf','2017-08-29 16:06:41',19,120706,5,1),(586,'/home/sergio/Workspace/GDoks/public_html/client_data/fday/uploads/69/159a5c987a7c8e','300-E060-A1-02299 REV. D (Diagrama Unifilar Geral).pdf','2017-08-29 16:07:35',19,163620,5,1),(587,'/home/sergio/Workspace/GDoks/public_html/client_data/fday/uploads/69/159a5c987a9186','300-E060-A1-02299-REV.D (Diagrama Unifilar Geral).dwg','2017-08-29 16:07:35',19,236798,5,1),(588,'/home/sergio/Workspace/GDoks/public_html/client_data/fday/uploads/69/159a5c9ac6abce','IT104-DE-3000-70-005-REV.4 (CCM 5).dwg','2017-08-29 16:08:12',19,296038,5,1),(589,'/home/sergio/Workspace/GDoks/public_html/client_data/fday/uploads/69/159a5c9ac6bdc9','IT104-DE-3000-70-005-REV.4 (CCM-5).pdf','2017-08-29 16:08:12',19,163515,5,1),(590,'/home/sergio/Workspace/GDoks/public_html/client_data/fday/uploads/69/159a5c9dee9b10','ITF-300-E060-F-02299-0.docx','2017-08-29 16:09:02',19,748936,5,1),(591,'/home/sergio/Workspace/GDoks/public_html/client_data/fday/uploads/69/159a5c9deebb6f','ITF-300-E060-F-02299-0.pdf','2017-08-29 16:09:02',19,226973,5,1),(592,'/home/sergio/Workspace/GDoks/public_html/client_data/fday/uploads/69/159a5ca0aa8b34','3000-E060-F-A1-02275-REV.2 (CCM 6).dwg','2017-08-29 16:09:46',19,307775,5,1),(593,'/home/sergio/Workspace/GDoks/public_html/client_data/fday/uploads/69/159a5ca0aa9dd7','3000-E060-F-A1-02275-REV.2 (CCM 6).pdf','2017-08-29 16:09:46',19,236891,5,1),(594,'/home/sergio/Workspace/GDoks/public_html/client_data/fday/uploads/69/159a5ca3491a6c','0200-E060-A1-02145-REV.5  FL.1-3  (CCM 1).dwg','2017-08-29 16:10:28',19,297157,5,1),(595,'/home/sergio/Workspace/GDoks/public_html/client_data/fday/uploads/69/159a5ca3493192','0200-E060-A1-02145-REV.5  FL.1-3 (CCM-1).pdf','2017-08-29 16:10:28',19,238148,5,1),(596,'/home/sergio/Workspace/GDoks/public_html/client_data/fday/uploads/69/159a5ca55d106a','0200-E060-A1-02145-REV.5 FL. 2-3 (CCM-3).dwg','2017-08-29 16:11:01',19,279416,5,1),(597,'/home/sergio/Workspace/GDoks/public_html/client_data/fday/uploads/69/159a5ca55d34c2','0200-E060-A1-02145-REV.5 FL. 2-3 (CCM-3).pdf','2017-08-29 16:11:01',19,139735,5,1),(598,'/home/sergio/Workspace/GDoks/public_html/client_data/fday/uploads/69/159a5ca7947c81','0200-E060-A1-02145-REV.5  FL. 3-3 (CCM-4).pdf','2017-08-29 16:11:37',19,123193,5,1),(599,'/home/sergio/Workspace/GDoks/public_html/client_data/fday/uploads/69/159a5ca7949004','0200-E060-A1-02145-REV.5  FL. 3-3(CCM  4).dwg','2017-08-29 16:11:37',19,176113,5,1),(600,'/home/sergio/Workspace/GDoks/public_html/client_data/fday/uploads/69/159a5caa1ab730','1000-E060-A1-02138-REV.2 (CCM 2).dwg','2017-08-29 16:12:17',19,285189,5,1),(601,'/home/sergio/Workspace/GDoks/public_html/client_data/fday/uploads/69/159a5caa1ad0bc','1000-E060-A1-02138-REV.2 (CCM 2).pdf','2017-08-29 16:12:17',19,157530,5,1),(602,'/home/sergio/Workspace/GDoks/public_html/client_data/fday/uploads/69/159a5caef3a593','329XE0309-REV.B (Diagrama QGBT).dwg','2017-08-29 16:13:35',19,268729,5,1),(603,'/home/sergio/Workspace/GDoks/public_html/client_data/fday/uploads/69/159a5caef3c03d','329XE0309-REV.B (QGBT).pdf','2017-08-29 16:13:35',19,242540,5,1),(604,'/home/sergio/Workspace/GDoks/public_html/client_data/fday/uploads/69/159a5cb10b1bff','5000-E040-A1-15703-REV.3 (CCM-7-8).dwg','2017-08-29 16:14:08',19,334147,5,1),(605,'/home/sergio/Workspace/GDoks/public_html/client_data/fday/uploads/69/159a5cb10b3225','5000-E040-A1-15703-REV.3 (CCM-7-8).pdf','2017-08-29 16:14:08',19,641743,5,1),(606,'/home/sergio/Workspace/GDoks/public_html/client_data/fday/uploads/70/159a6fd836030a','FRY-1702.01-T15-002.pdf','2017-08-30 14:01:39',19,2016102,5,1),(607,'/home/sergio/Workspace/GDoks/public_html/client_data/fday/uploads/70/159a6fe0c3d484','FRY-1702.01-T15-003.pdf','2017-08-30 14:03:56',19,5348509,5,1),(608,'/home/sergio/Workspace/GDoks/public_html/client_data/fday/uploads/70/159a6feb13221b','FRY-1702.01-T15-004.pdf','2017-08-30 14:06:41',19,956995,5,1),(609,'/home/sergio/Workspace/GDoks/public_html/client_data/fday/uploads/70/159a6fef118da7','FRY-1702.01-T15-005.pdf','2017-08-30 14:07:45',19,774541,5,1),(610,'/home/sergio/Workspace/GDoks/public_html/client_data/fday/uploads/70/159a6ffb3b71ce','FRY-1702.01-T15-001.pdf','2017-08-30 14:10:59',19,965735,5,1),(611,'/home/sergio/Workspace/GDoks/public_html/client_data/fday/uploads/70/159a700443bbcc','FRY-1702.01-T15-006.pdf','2017-08-30 14:13:24',19,623850,5,1),(612,'/home/sergio/Workspace/GDoks/public_html/client_data/fday/uploads/76/159a7073920b16','FRY-1701.00-E10-001=0.dwg','2017-08-30 14:43:05',19,1007602,5,1),(613,'/home/sergio/Workspace/GDoks/public_html/client_data/fday/uploads/76/159a7078b9ba24','FRY-1609.01-E00-001=1.docx','2017-08-30 14:44:27',19,126273,5,1),(614,'/home/sergio/Workspace/GDoks/public_html/client_data/fday/uploads/76/159a707d7bf6f3','FRY-1701.00-E25-001=0.docx','2017-08-30 14:45:43',19,180597,5,1),(615,'/home/sergio/Workspace/GDoks/public_html/client_data/fday/uploads/76/159a708216753a','FRY-1609.01-E06-002=0.dwg','2017-08-30 14:46:57',19,3153322,5,1),(616,'/home/sergio/Workspace/GDoks/public_html/client_data/fday/uploads/76/159a7086724dc7','FRY-1701.01-E20-001=0.docx','2017-08-30 14:48:07',19,132579,5,1),(617,'/home/sergio/Workspace/GDoks/public_html/client_data/fday/uploads/76/159a708969c60a','FRY-1609.01-E06-001=0.dwg','2017-08-30 14:48:54',19,3052535,5,1),(618,'/home/sergio/Workspace/GDoks/public_html/client_data/fday/uploads/73/159a70b7c1183e','FRY-1505-000-E18-001=0.pdf','2017-08-30 15:01:16',19,782120,5,1),(619,'/home/sergio/Workspace/GDoks/public_html/client_data/fday/uploads/77/159a71249493e4','AGB-ZDP-05-006.dwg','2017-08-30 15:30:17',19,1289991,5,1),(620,'/home/sergio/Workspace/GDoks/public_html/client_data/fday/uploads/77/159a712494b7b2','AGB-ZDP-05-006.pdf','2017-08-30 15:30:17',19,585937,5,1),(621,'/home/sergio/Workspace/GDoks/public_html/client_data/fday/uploads/77/159a713594faed','AGB-DCI-05-001.pdf','2017-08-30 15:34:49',19,1091088,5,1),(622,'/home/sergio/Workspace/GDoks/public_html/client_data/fday/uploads/77/159a7135952a63','AGB-DCI-05-001-FL.1-5.dwg','2017-08-30 15:34:49',19,383909,5,1),(623,'/home/sergio/Workspace/GDoks/public_html/client_data/fday/uploads/77/159a71359558ad','AGB-DCI-05-001-FL.2-5.dwg','2017-08-30 15:34:49',19,173952,5,1),(624,'/home/sergio/Workspace/GDoks/public_html/client_data/fday/uploads/77/159a7135957eb4','AGB-DCI-05-001-FL.3-5.dwg','2017-08-30 15:34:49',19,215936,5,1),(625,'/home/sergio/Workspace/GDoks/public_html/client_data/fday/uploads/77/159a713595abb1','AGB-DCI-05-001-FL.4-5.dwg','2017-08-30 15:34:49',19,192704,5,1),(626,'/home/sergio/Workspace/GDoks/public_html/client_data/fday/uploads/77/159a713595f350','AGB-DCI-05-001-FL.5-5.dwg','2017-08-30 15:34:49',19,425144,5,1),(627,'/home/sergio/Workspace/GDoks/public_html/client_data/fday/uploads/77/159a7139550e88','AGB-DCI-05-011.docx','2017-08-30 15:35:49',19,179784,5,1),(628,'/home/sergio/Workspace/GDoks/public_html/client_data/fday/uploads/77/159a71395522e1','AGB-DCI-05-011.pdf','2017-08-30 15:35:49',19,166266,5,1),(629,'/home/sergio/Workspace/GDoks/public_html/client_data/fday/uploads/77/159a713d0d1c79','AGB-ZDP-05-001.pdf','2017-08-30 15:36:48',19,1065457,5,1),(630,'/home/sergio/Workspace/GDoks/public_html/client_data/fday/uploads/77/159a713d0d5ea0','AGB-ZDP-05-001-FL.1-5.dwg','2017-08-30 15:36:48',19,130976,5,1),(631,'/home/sergio/Workspace/GDoks/public_html/client_data/fday/uploads/77/159a713d0d9697','AGB-ZDP-05-001-FL.2-5.dwg','2017-08-30 15:36:48',19,137888,5,1),(632,'/home/sergio/Workspace/GDoks/public_html/client_data/fday/uploads/77/159a713d0dc540','AGB-ZDP-05-001-FL.3-5.dwg','2017-08-30 15:36:48',19,159296,5,1),(633,'/home/sergio/Workspace/GDoks/public_html/client_data/fday/uploads/77/159a713d0dec49','AGB-ZDP-05-001-FL.4-5.dwg','2017-08-30 15:36:48',19,141696,5,1),(634,'/home/sergio/Workspace/GDoks/public_html/client_data/fday/uploads/77/159a713d0e13f6','AGB-ZDP-05-001-FL.5-5.dwg','2017-08-30 15:36:48',19,155232,5,1),(635,'/home/sergio/Workspace/GDoks/public_html/client_data/fday/uploads/77/159a714383e26c','AGB-ZDP-05-006.dwg','2017-08-30 15:38:32',19,1289991,5,1),(636,'/home/sergio/Workspace/GDoks/public_html/client_data/fday/uploads/77/159a7143840b65','AGB-ZDP-05-006.pdf','2017-08-30 15:38:32',19,585937,5,1),(637,'/home/sergio/Workspace/GDoks/public_html/client_data/fday/uploads/77/159a7146285c87','AGB-ZDP-05-011.docx','2017-08-30 15:39:14',19,179752,5,1),(638,'/home/sergio/Workspace/GDoks/public_html/client_data/fday/uploads/77/159a7146286ea7','AGB-ZDP-05-011.pdf','2017-08-30 15:39:14',19,167229,5,1),(639,'/home/sergio/Workspace/GDoks/public_html/client_data/fday/uploads/77/159a716fc0f3c1','AGB-DCI-05-006.dwg','2017-08-30 15:50:20',19,1237628,5,1),(640,'/home/sergio/Workspace/GDoks/public_html/client_data/fday/uploads/77/159a716fc112c9','AGB-DCI-05-006.pdf','2017-08-30 15:50:20',19,526571,5,1),(641,'/home/sergio/Workspace/GDoks/public_html/client_data/fday/uploads/78/159a71dcf3f67a','DE-3315.00-1221-700-MDP-004=0.dwg','2017-08-30 16:19:27',19,324704,5,1),(642,'/home/sergio/Workspace/GDoks/public_html/client_data/fday/uploads/78/159a71dfa10761','DE-3315.00-1221-780-MDP-002=0.dwg','2017-08-30 16:20:10',19,244896,5,1),(643,'/home/sergio/Workspace/GDoks/public_html/client_data/fday/uploads/78/159a71e4caf755','ET-3315.00-1221-705-MDP-001=0.doc','2017-08-30 16:21:32',19,96768,5,1),(644,'/home/sergio/Workspace/GDoks/public_html/client_data/fday/uploads/78/159a71ea2840b2','DE-3307.00-1221-780-MDP-001=0.dwg','2017-08-30 16:22:58',19,312704,5,1),(645,'/home/sergio/Workspace/GDoks/public_html/client_data/fday/uploads/78/159a71ed54022f','MC-3315.00-1221-781-MDP-001=0.doc','2017-08-30 16:23:49',19,536064,5,1),(646,'/home/sergio/Workspace/GDoks/public_html/client_data/fday/uploads/79/159a84ad126e1e','DE-3307.00-8100-782-MDP-001=A.dwg','2017-08-31 13:43:45',19,528514,5,1),(647,'/home/sergio/Workspace/GDoks/public_html/client_data/fday/uploads/79/159a84b09ec742','FD-3307.00-8100-742-MDP-003=A.doc','2017-08-31 13:44:41',19,1196032,5,1),(648,'/home/sergio/Workspace/GDoks/public_html/client_data/fday/uploads/79/159a84b62de1de','DE-3307.00-8100-946-MDP-006=0_F3-3.dwg','2017-08-31 13:46:10',19,231852,5,1),(649,'/home/sergio/Workspace/GDoks/public_html/client_data/fday/uploads/79/159a84b62dfc1b','DE-3307.00-8100-946-MDP-006=A_F1-3.dwg','2017-08-31 13:46:10',19,145452,5,1),(650,'/home/sergio/Workspace/GDoks/public_html/client_data/fday/uploads/79/159a84b62e2af0','DE-3307.00-8100-946-MDP-006=A_F2-3.dwg','2017-08-31 13:46:10',19,170220,5,1),(651,'/home/sergio/Workspace/GDoks/public_html/client_data/fday/uploads/79/159a84be472b29','FD-3307.00-8100-742-MDP-003=A.doc','2017-08-31 13:48:20',19,1196032,5,1),(652,'/home/sergio/Workspace/GDoks/public_html/client_data/fday/uploads/79/159a84c7a554c9','FD-3307.00-8100-742-MDP-005=A.doc','2017-08-31 13:50:50',19,1170432,5,1),(653,'/home/sergio/Workspace/GDoks/public_html/client_data/fday/uploads/79/159a84cd794a39','DE-3307.00-8100-700-MDP-013=A.dwg','2017-08-31 13:52:23',19,606839,5,1),(654,'/home/sergio/Workspace/GDoks/public_html/client_data/fday/uploads/79/159a84d69c8701','DE-3307.00-8100-700-MDP-011=A.dwg','2017-08-31 13:54:49',19,638622,5,1),(655,'/home/sergio/Workspace/GDoks/public_html/client_data/fday/uploads/79/159a84db7da144','DE-3307.00-8100-700-MDP-012=A.dwg','2017-08-31 13:56:07',19,757489,5,1),(656,'/home/sergio/Workspace/GDoks/public_html/client_data/fday/uploads/80/159a852af88b9f','MC-3307 02-5330-782-MDP-001=0.doc','2017-08-31 14:17:19',19,891392,5,1),(657,'/home/sergio/Workspace/GDoks/public_html/client_data/fday/uploads/80/159a852af8a79b','MC-3307 02-5330-782-MDP-001=0.pdf','2017-08-31 14:17:19',19,131726,5,1),(658,'/home/sergio/Workspace/GDoks/public_html/client_data/fday/uploads/80/159a85362f1a79','FD-3307 02-5330-712-MDP-002=0.doc','2017-08-31 14:20:18',19,658432,5,1),(659,'/home/sergio/Workspace/GDoks/public_html/client_data/fday/uploads/80/159a8536301ebc','FD-3307 02-5330-712-MDP-002=0.pdf','2017-08-31 14:20:19',19,96811,5,1),(660,'/home/sergio/Workspace/GDoks/public_html/client_data/fday/uploads/80/159a85456c541c','FD-3307 02-5330-712-MDP-003=0.doc','2017-08-31 14:24:22',19,659456,5,1),(661,'/home/sergio/Workspace/GDoks/public_html/client_data/fday/uploads/80/159a85456c6e70','FD-3307 02-5330-712-MDP-003=0.pdf','2017-08-31 14:24:22',19,96836,5,1),(662,'/home/sergio/Workspace/GDoks/public_html/client_data/fday/uploads/80/159a8547c19c8e','FD-3307 02-5330-712-MDP-001=0.doc','2017-08-31 14:25:00',19,659456,5,1),(663,'/home/sergio/Workspace/GDoks/public_html/client_data/fday/uploads/80/159a8547c1b3d8','FD-3307 02-5330-712-MDP-001=0.pdf','2017-08-31 14:25:00',19,96832,5,1),(664,'/home/sergio/Workspace/GDoks/public_html/client_data/fday/uploads/81/159a8590c18bd7','FRY-1406.00-S03-001=0.pdf','2017-08-31 14:44:28',19,376688,5,1),(665,'/home/sergio/Workspace/GDoks/public_html/client_data/fday/uploads/81/159a8594cabfe4','FRY-1406.00-E28-001=0.pdf','2017-08-31 14:45:32',19,142170,5,1),(666,'/home/sergio/Workspace/GDoks/public_html/client_data/fday/uploads/81/159a859eda94e5','FRY-1406.00-E18-001=0.pdf','2017-08-31 14:48:13',19,5307391,5,1),(667,'/home/sergio/Workspace/GDoks/public_html/client_data/fday/uploads/82/159a85e24c3379','P-1296-0-825-E080-83430_0.dwg','2017-08-31 15:06:12',19,2091360,5,1),(668,'/home/sergio/Workspace/GDoks/public_html/client_data/fday/uploads/82/159a85e24c61a4','P-1296-1-825-E080-83430_0.pdf','2017-08-31 15:06:12',19,288327,5,1),(669,'/home/sergio/Workspace/GDoks/public_html/client_data/fday/uploads/82/159a85ecdbe1df','P-1296-825-IBSC-83435_0.pdf','2017-08-31 15:09:01',19,64645,5,1),(670,'/home/sergio/Workspace/GDoks/public_html/client_data/fday/uploads/82/159a85ecdc0946','P-1296-825-IBSC-83435_0.xls','2017-08-31 15:09:01',19,1080320,5,1),(671,'/home/sergio/Workspace/GDoks/public_html/client_data/fday/uploads/82/159a85f6b033bf','P-1296-282-IBSC-83095_0.pdf','2017-08-31 15:11:39',19,58860,5,1),(672,'/home/sergio/Workspace/GDoks/public_html/client_data/fday/uploads/82/159a85f6b04764','P-1296-282-IBSC-83095_0.xls','2017-08-31 15:11:39',19,1062912,5,1),(673,'/home/sergio/Workspace/GDoks/public_html/client_data/fday/uploads/82/159a85f9fd31de','P-1296-825-ZBSC-83433_0.doc','2017-08-31 15:12:31',19,952832,5,1),(674,'/home/sergio/Workspace/GDoks/public_html/client_data/fday/uploads/82/159a85f9fd57de','P-1296-825-ZBSC-83433_0.pdf','2017-08-31 15:12:31',19,142134,5,1),(675,'/home/sergio/Workspace/GDoks/public_html/client_data/fday/uploads/82/159a85fd4e2190','P-1296-282-ZBSC-83093_0.doc','2017-08-31 15:13:24',19,923136,5,1),(676,'/home/sergio/Workspace/GDoks/public_html/client_data/fday/uploads/82/159a85fd4e3a74','P-1296-282-ZBSC-83093_0.pdf','2017-08-31 15:13:24',19,141352,5,1),(677,'/home/sergio/Workspace/GDoks/public_html/client_data/fday/uploads/82/159a8601839ced','282-E040-A0-129849_5.dwg','2017-08-31 15:14:32',19,1857920,5,1),(678,'/home/sergio/Workspace/GDoks/public_html/client_data/fday/uploads/82/159a860183b6e8','282-E040-A0-129849_5.pdf','2017-08-31 15:14:32',19,622218,5,1),(679,'/home/sergio/Workspace/GDoks/public_html/client_data/fday/uploads/83/159a8625633a50','FRY-1404-000-E18-001=0 - PORT.docx','2017-08-31 15:24:06',19,3148967,5,1),(680,'/home/sergio/Workspace/GDoks/public_html/client_data/fday/uploads/83/159a8625638f9a','FRY-1404-000-E18-001=0 - PORT.pdf','2017-08-31 15:24:06',19,1370602,5,1),(681,'/home/sergio/Workspace/GDoks/public_html/client_data/fday/uploads/83/159a862874d8f6','FRY-1404-000-E18-001=0 - ING.docx','2017-08-31 15:24:55',19,3762774,5,1),(682,'/home/sergio/Workspace/GDoks/public_html/client_data/fday/uploads/83/159a86287503c6','FRY-1404-000-E18-001=0 - ING.pdf','2017-08-31 15:24:55',19,1295730,5,1),(683,'/home/sergio/Workspace/GDoks/public_html/client_data/fday/uploads/84/159a8693e3bdb6','DE-4100.01-5144-942-MDP-001_R0_F1-1.dwg','2017-08-31 15:53:34',19,430675,5,1),(684,'/home/sergio/Workspace/GDoks/public_html/client_data/fday/uploads/84/159a8698c3b05e','MC-4100.01-5144-94F-MDP-001_R0.1_F1-23.doc','2017-08-31 15:54:52',19,605696,5,1),(685,'/home/sergio/Workspace/GDoks/public_html/client_data/fday/uploads/84/159a869bd2587d','MC-4100.01-5144-94F-MDP-006_R0.1_F1-12.doc','2017-08-31 15:55:41',19,367616,5,1),(686,'/home/sergio/Workspace/GDoks/public_html/client_data/fday/uploads/84/159a86a3999984','MC-4100.01-5144-94F-MDP-002_R0.1_F1-18.doc','2017-08-31 15:57:45',19,631808,5,1),(687,'/home/sergio/Workspace/GDoks/public_html/client_data/fday/uploads/84/159a86a6a92c95','MC-4100.01-5144-94F-MDP-004_R0.1_F1-12.doc','2017-08-31 15:58:34',19,457216,5,1),(688,'/home/sergio/Workspace/GDoks/public_html/client_data/fday/uploads/84/159a86a99b76a7','MC-4100.01-5144-94F-MDP-003_R0.1_F1-11.doc','2017-08-31 15:59:21',19,1051648,5,1),(689,'/home/sergio/Workspace/GDoks/public_html/client_data/fday/uploads/84/159a86ad292dbf','MC-4100.01-5144-94F-MDP-005_R0.1_F1-11.doc','2017-08-31 16:00:18',19,919040,5,1),(690,'/home/sergio/Workspace/GDoks/public_html/client_data/fday/uploads/85/159a86c84db241','DE-3307.00-8100-760-MDP-007=A_F1-10.dwg','2017-08-31 16:07:32',19,227638,5,1),(691,'/home/sergio/Workspace/GDoks/public_html/client_data/fday/uploads/85/159a86c84dd577','DE-3307.00-8100-760-MDP-007=A_F2-10.dwg','2017-08-31 16:07:32',19,567212,5,1),(692,'/home/sergio/Workspace/GDoks/public_html/client_data/fday/uploads/85/159a86c84df791','DE-3307.00-8100-760-MDP-007=A_F3-10.dwg','2017-08-31 16:07:32',19,540044,5,1),(693,'/home/sergio/Workspace/GDoks/public_html/client_data/fday/uploads/85/159a86c84e0b12','DE-3307.00-8100-760-MDP-007=A_F4-10.dwg','2017-08-31 16:07:32',19,261996,5,1),(694,'/home/sergio/Workspace/GDoks/public_html/client_data/fday/uploads/85/159a86c84e2127','DE-3307.00-8100-760-MDP-007=A_F5-10.dwg','2017-08-31 16:07:32',19,569964,5,1),(695,'/home/sergio/Workspace/GDoks/public_html/client_data/fday/uploads/85/159a86c84e3fdb','DE-3307.00-8100-760-MDP-007=A_F6-10.dwg','2017-08-31 16:07:32',19,550732,5,1),(696,'/home/sergio/Workspace/GDoks/public_html/client_data/fday/uploads/85/159a86c84e5dac','DE-3307.00-8100-760-MDP-007=A_F7-10.dwg','2017-08-31 16:07:32',19,547084,5,1),(697,'/home/sergio/Workspace/GDoks/public_html/client_data/fday/uploads/85/159a86c84e8c9a','DE-3307.00-8100-760-MDP-007=A_F8-10.dwg','2017-08-31 16:07:32',19,535190,5,1),(698,'/home/sergio/Workspace/GDoks/public_html/client_data/fday/uploads/85/159a86c84ebd73','DE-3307.00-8100-760-MDP-007=A_F9-10.dwg','2017-08-31 16:07:32',19,557612,5,1),(699,'/home/sergio/Workspace/GDoks/public_html/client_data/fday/uploads/85/159a86c84f1531','DE-3307.00-8100-760-MDP-007=A_F10-10.dwg','2017-08-31 16:07:32',19,570220,5,1),(700,'/home/sergio/Workspace/GDoks/public_html/client_data/fday/uploads/85/159a86cc400a39','DE-3307.00-8100-760-MDP-001=A_F1-6.dwg','2017-08-31 16:08:36',19,652712,5,1),(701,'/home/sergio/Workspace/GDoks/public_html/client_data/fday/uploads/85/159a86cc403995','DE-3307.00-8100-760-MDP-001=A_F2-6.dwg','2017-08-31 16:08:36',19,549324,5,1),(702,'/home/sergio/Workspace/GDoks/public_html/client_data/fday/uploads/85/159a86cc406cb9','DE-3307.00-8100-760-MDP-001=A_F3-6.dwg','2017-08-31 16:08:36',19,182591,5,1),(703,'/home/sergio/Workspace/GDoks/public_html/client_data/fday/uploads/85/159a86cc4098e0','DE-3307.00-8100-760-MDP-001=A_F4-6.dwg','2017-08-31 16:08:36',19,252583,5,1),(704,'/home/sergio/Workspace/GDoks/public_html/client_data/fday/uploads/85/159a86cc40aae0','DE-3307.00-8100-760-MDP-001=A_F5-6.dwg','2017-08-31 16:08:36',19,158542,5,1),(705,'/home/sergio/Workspace/GDoks/public_html/client_data/fday/uploads/85/159a86cc40bd18','DE-3307.00-8100-760-MDP-001=A_F6-6.dwg','2017-08-31 16:08:36',19,312019,5,1),(706,'/home/sergio/Workspace/GDoks/public_html/client_data/fday/uploads/73/159a9b379bea15','FRY-1505-000-E18-001=0.pdf','2017-09-01 15:22:33',19,782120,5,1),(707,'/home/sergio/Workspace/GDoks/public_html/client_data/fday/uploads/85/159b04a0dad331','DE-3307.00-8100-760-MDP-007=A_F1-10.dwg','2017-09-06 15:18:37',19,227638,5,1),(708,'/home/sergio/Workspace/GDoks/public_html/client_data/fday/uploads/85/159b04a0db0320','DE-3307.00-8100-760-MDP-007=A_F2-10.dwg','2017-09-06 15:18:37',19,567212,5,1),(709,'/home/sergio/Workspace/GDoks/public_html/client_data/fday/uploads/85/159b04a0db1add','DE-3307.00-8100-760-MDP-007=A_F3-10.dwg','2017-09-06 15:18:37',19,540044,5,1),(710,'/home/sergio/Workspace/GDoks/public_html/client_data/fday/uploads/85/159b04a0db326c','DE-3307.00-8100-760-MDP-007=A_F4-10.dwg','2017-09-06 15:18:37',19,261996,5,1),(711,'/home/sergio/Workspace/GDoks/public_html/client_data/fday/uploads/85/159b04a0db484b','DE-3307.00-8100-760-MDP-007=A_F5-10.dwg','2017-09-06 15:18:37',19,569964,5,1),(712,'/home/sergio/Workspace/GDoks/public_html/client_data/fday/uploads/85/159b04a0db66aa','DE-3307.00-8100-760-MDP-007=A_F6-10.dwg','2017-09-06 15:18:37',19,550732,5,1),(713,'/home/sergio/Workspace/GDoks/public_html/client_data/fday/uploads/85/159b04a0db7bb8','DE-3307.00-8100-760-MDP-007=A_F7-10.dwg','2017-09-06 15:18:37',19,547084,5,1),(714,'/home/sergio/Workspace/GDoks/public_html/client_data/fday/uploads/85/159b04a0db9541','DE-3307.00-8100-760-MDP-007=A_F8-10.dwg','2017-09-06 15:18:37',19,535190,5,1),(715,'/home/sergio/Workspace/GDoks/public_html/client_data/fday/uploads/85/159b04a0dbaa46','DE-3307.00-8100-760-MDP-007=A_F9-10.dwg','2017-09-06 15:18:37',19,557612,5,1),(716,'/home/sergio/Workspace/GDoks/public_html/client_data/fday/uploads/85/159b04a0dbbfaa','DE-3307.00-8100-760-MDP-007=A_F10-10.dwg','2017-09-06 15:18:37',19,570220,5,1),(717,'/home/sergio/Workspace/GDoks/public_html/client_data/fday/uploads/85/159b6e15965f00','DE-3307.00-8100-946-MDP-005=0_F1-3.dwg','2017-09-11 15:17:45',19,128544,5,1),(718,'/home/sergio/Workspace/GDoks/public_html/client_data/fday/uploads/85/159b6e159690c4','DE-3307.00-8100-946-MDP-005=0_F2-3.dwg','2017-09-11 15:17:45',19,131463,5,1),(719,'/home/sergio/Workspace/GDoks/public_html/client_data/fday/uploads/85/159b6e1596a255','DE-3307.00-8100-946-MDP-005=0_F3-3.dwg','2017-09-11 15:17:45',19,212442,5,1),(720,'/home/sergio/Workspace/GDoks/public_html/client_data/fday/uploads/85/159b6e27ed0b83','DE-3307.00-8100-946-MDP-011=0_F1-3.dwg','2017-09-11 15:22:38',19,114585,5,1),(721,'/home/sergio/Workspace/GDoks/public_html/client_data/fday/uploads/85/159b6e27ed20df','DE-3307.00-8100-946-MDP-011=0_F2-3.dwg','2017-09-11 15:22:38',19,133059,5,1),(722,'/home/sergio/Workspace/GDoks/public_html/client_data/fday/uploads/85/159b6e27ed330b','DE-3307.00-8100-946-MDP-011=0_F3-3.dwg','2017-09-11 15:22:38',19,286638,5,1),(723,'/home/sergio/Workspace/GDoks/public_html/client_data/fday/uploads/85/159b6e2ec44178','DE-3307.00-8100-946-MDP-001=A.dwg','2017-09-11 15:24:28',19,586103,5,1),(724,'/home/sergio/Workspace/GDoks/public_html/client_data/fday/uploads/85/159b6e36e31b70','FD-3307.00-8100-742-MDP-004=A.doc','2017-09-11 15:26:38',19,1198080,5,1),(725,'/home/sergio/Workspace/GDoks/public_html/client_data/fday/uploads/85/159b6e3ae5760c','FD-3307.00-8100-741-MDP-011=0.doc','2017-09-11 15:27:42',19,1196032,5,1),(726,'/home/sergio/Workspace/GDoks/public_html/client_data/fday/uploads/85/159b6e42119d67','FD-3307.00-8100-741-MDP-007=A.doc','2017-09-11 15:29:37',19,1196544,5,1),(727,'/home/sergio/Workspace/GDoks/public_html/client_data/fday/uploads/85/159b6e4d0daa06','LI-3307.00-8100-721-MDP-004=A.doc','2017-09-11 15:32:32',19,178176,5,1),(728,'/home/sergio/Workspace/GDoks/public_html/client_data/fday/uploads/85/159b6e5467e2ce','MC-3307.00-8100-721-MDP-001=A.doc','2017-09-11 15:34:30',19,339456,5,1),(729,'/home/sergio/Workspace/GDoks/public_html/client_data/fday/uploads/85/159b6e62b1fefd','MC-3307.00-8100-700-MDP-001=0.doc','2017-09-11 15:38:19',19,4317696,5,1),(730,'/home/sergio/Workspace/GDoks/public_html/client_data/fday/uploads/85/159b6e67a3e8bd','MD-3307.00-8100-700-MDP-001=0.doc','2017-09-11 15:39:38',19,211456,5,1),(731,'/home/sergio/Workspace/GDoks/public_html/client_data/fday/uploads/85/159b6e7c27a282','DE-3307.00-8100-700-MDP-014=0.dwg','2017-09-11 15:45:06',19,202048,5,1),(732,'/home/sergio/Workspace/GDoks/public_html/client_data/fday/uploads/85/159b81c0c35c47','DE-3307.00-8100-700-MDP-013=0.dwg','2017-09-12 13:40:28',19,314176,5,1),(733,'/home/sergio/Workspace/GDoks/public_html/client_data/fday/uploads/88/159c15f3806621','FRY-1705.00-E18-001=0.pdf','2017-09-19 14:17:28',19,1739318,5,1),(734,'/home/sergio/Workspace/GDoks/public_html/client_data/fday/uploads/87/159c15f7ec6d21','FRY-1608.00-E18-001=0.pdf','2017-09-19 14:18:38',19,2614943,5,1),(735,'/home/sergio/Workspace/GDoks/public_html/client_data/fday/uploads/87/159c164879d7cc','FRY-1608.00-E18-001=0.pdf','2017-09-19 14:40:07',19,3107537,5,1),(736,'/home/sergio/Workspace/GDoks/public_html/client_data/fday/uploads/85/15a2c35947a238','comprovante de residencia020.pdf','2017-12-09 17:12:20',1,570073,4,4),(737,'/home/sergio/Workspace/GDoks/public_html/client_data/fday/uploads/90/15a2ee3aa5906a','2017.03.04-SAA-CXVD-PE-DE-HID-001.dwg','2017-12-11 17:59:38',19,1689388,5,1),(738,'/home/sergio/Workspace/GDoks/public_html/client_data/fday/uploads/90/15a2ee3f207ec1','2017.03.04-SAA-DET-PE-DE-HID-001.dwg','2017-12-11 18:00:50',19,1752324,5,1),(739,'/home/sergio/Workspace/GDoks/public_html/client_data/fday/uploads/90/15a2ee49031a5c','2017.03.05-SAA-GER-PH-DE-HID-001.dwg','2017-12-11 18:03:28',19,15641512,5,1),(740,'/home/sergio/Workspace/GDoks/public_html/client_data/fday/uploads/90/15a2ee4d5815bc','2017.03.04-SAA-LUR-PB-DE-HID-001-R0.dwg','2017-12-11 18:04:37',19,1726795,5,1),(741,'/home/sergio/Workspace/GDoks/public_html/client_data/fday/uploads/90/15a2ee54413c83','2017.03.05-SES-DIS-PH-DE-HID-005 E 006-R0.dwg','2017-12-11 18:06:28',19,24884188,5,1),(742,'/home/sergio/Workspace/GDoks/public_html/client_data/fday/uploads/90/15a2ee6044cc29','2017.03.05-SAA-DIS-PH-DE-HID-001 E 004-R0.dwg','2017-12-11 18:09:40',19,26195668,5,1),(743,'/home/sergio/Workspace/GDoks/public_html/client_data/fday/uploads/90/15a2ee6d9e68ea','2017.03.04-SAA-RES-PB-DE-HID-001-R0.dwg','2017-12-11 18:13:13',19,3668836,5,1),(744,'/home/sergio/Workspace/GDoks/public_html/client_data/fday/uploads/90/15a2ee89d6ccb2','MC_LOTEAMENTO-FINAL-R1.xlsx','2017-12-11 18:20:45',19,132312,5,1),(745,'/home/sergio/Workspace/GDoks/public_html/client_data/fday/uploads/90/15a2ee8d0c7907','01-SAA-HID-TX-HID-001-R1.docx','2017-12-11 18:21:36',19,164683,5,1),(746,'/home/sergio/Workspace/GDoks/public_html/client_data/fday/uploads/90/15a314651e48b9','2017.03.04-SAA-CXVD-PE-DE-HID-001.dwg','2017-12-13 13:25:05',19,1731220,5,1),(747,'/home/sergio/Workspace/GDoks/public_html/client_data/fday/uploads/90/15a314696a60f7','2017.03.04-SAA-DET-PE-DE-HID-001.dwg','2017-12-13 13:26:14',19,1804538,5,1),(748,'/home/sergio/Workspace/GDoks/public_html/client_data/fday/uploads/90/15a3146cf072fc','2017.03.04-SAA-LUR-PB-DE-HID-001-R0.dwg','2017-12-13 13:27:11',19,1803656,5,1),(749,'/home/sergio/Workspace/GDoks/public_html/client_data/fday/uploads/90/15a31482f8c878','2017.03.05-SES-DIS-PH-DE-HID-005 E 006-R0.dwg','2017-12-13 13:33:03',19,23845721,5,1),(750,'/home/sergio/Workspace/GDoks/public_html/client_data/fday/uploads/90/15a31487189dc9','2017.03.05-SAA-DIS-PH-DE-HID-001 E 004-R0.dwg','2017-12-13 13:34:09',2,25680127,2,1),(751,'/home/sergio/Workspace/GDoks/public_html/client_data/fday/uploads/90/15a3149600c45f','2017.03.05-SAA-DIS-PH-DE-HID-001 E 004-R0.dwg','2017-12-13 13:38:08',19,25680127,5,1),(752,'/home/sergio/Workspace/GDoks/public_html/client_data/fday/uploads/90/15a314a17e0846','2017.03.04-SAA-RES-PB-DE-HID-001-R0.dwg','2017-12-13 13:41:11',19,3702276,2,1),(753,'/home/sergio/Workspace/GDoks/public_html/client_data/fday/uploads/90/15a314ad3763d6','2017.03.05-SAA-GER-PH-DE-HID-001.dwg','2017-12-13 13:44:19',19,15696157,5,1),(754,'/home/sergio/Workspace/GDoks/public_html/client_data/fday/uploads/91/15a31716315ee9','ARMAZÉM.dwg','2017-12-13 16:28:51',19,714605,2,1),(755,'/home/sergio/Workspace/GDoks/public_html/client_data/fday/uploads/91/15a3171d0934d3','GUARITA - GATE IN 01.dwg','2017-12-13 16:30:40',19,1449184,2,1),(756,'/home/sergio/Workspace/GDoks/public_html/client_data/fday/uploads/91/15a317209d069c','GUARITA - GATE OUT.dwg','2017-12-13 16:31:37',19,390776,2,1),(757,'/home/sergio/Workspace/GDoks/public_html/client_data/fday/uploads/91/15a31729ff3d6f','GUARITA TRIAGEM.dwg','2017-12-13 16:34:08',19,160820,2,1),(758,'/home/sergio/Workspace/GDoks/public_html/client_data/fday/uploads/91/15a3172df13d9a','MARINER.dwg','2017-12-13 16:35:11',19,253708,2,1),(759,'/home/sergio/Workspace/GDoks/public_html/client_data/fday/uploads/91/15a3173ce95ccd','MEZANINO (ARMAZEM).dwg','2017-12-13 16:39:10',19,2804012,5,1),(760,'/home/sergio/Workspace/GDoks/public_html/client_data/fday/uploads/91/15a317485c04fa','OFICINA E ALMOXERIFADO.dwg','2017-12-13 16:42:13',19,224131,5,1),(761,'/home/sergio/Workspace/GDoks/public_html/client_data/fday/uploads/91/15a3175e1e4614','PRÉDIO ADM (ALA NOVA E ANTIGA).dwg','2017-12-13 16:48:01',19,18498246,2,1),(762,'/home/sergio/Workspace/GDoks/public_html/client_data/fday/uploads/90/15a4284b952d32','2017.03.05-SES-CGE-PE-DE-HID-001-R0.dwg','2017-12-26 15:19:53',19,10189333,5,1),(763,'/home/sergio/Workspace/GDoks/public_html/client_data/fday/uploads/90/15a428a1b30f7e','2017.03.05-SES-CXVD-PE-DE-HID-001-R0.dwg','2017-12-26 15:42:51',19,9503929,5,1),(764,'/home/sergio/Workspace/GDoks/public_html/client_data/fday/uploads/90/15a428bb8e7da3','2017.03.05-SES-DET-PE-DE-HID-001-R0.dwg','2017-12-26 15:49:45',19,9494670,2,1),(765,'/home/sergio/Workspace/GDoks/public_html/client_data/fday/uploads/90/15a428cfcab794','2017.03.05-SES-DET-PE-DE-HID-002-R0.dwg','2017-12-26 15:55:08',19,9672793,2,1),(766,'/home/sergio/Workspace/GDoks/public_html/client_data/fday/uploads/90/15a428de4dec4a','2017.03.05-SES-DET-PE-DE-HID-004-R0.dwg','2017-12-26 15:59:00',19,9727373,2,1),(767,'/home/sergio/Workspace/GDoks/public_html/client_data/fday/uploads/90/15a428f5cb89e0','2017.03.05-SES-DET-PE-DE-HID-003-R0.dwg','2017-12-26 16:05:16',19,10118328,2,1),(768,'/home/sergio/Workspace/GDoks/public_html/client_data/fday/uploads/90/15a429030affe6','2017.03.05-SES-EEE-PE-DE-HID-005-R0.dwg','2017-12-26 16:08:48',19,9897596,2,1),(769,'/home/sergio/Workspace/GDoks/public_html/client_data/fday/uploads/90/15a429528e607f','2017.03.05-SES-EEE-PE-DE-HID-001A004-R0.dwg','2017-12-26 16:30:00',19,35404407,2,1),(770,'/home/sergio/Workspace/GDoks/public_html/client_data/fday/uploads/90/15a42992bcfbb4','2017.03.05-SES-EEE-PE-DE-HID-006-R0.dwg','2017-12-26 16:47:08',19,9666294,2,1),(771,'/home/sergio/Workspace/GDoks/public_html/client_data/fday/uploads/90/15a429bc39720e','2017.03.05-SES-EEE-PE-DE-HID-008-R0.dwg','2017-12-26 16:58:11',19,9643509,2,1),(772,'/home/sergio/Workspace/GDoks/public_html/client_data/fday/uploads/90/15a42a00f69304','2017.03.05-SES-EEE-PE-DE-HID-007-R0.dwg','2017-12-26 17:16:31',19,9904943,2,1),(773,'/home/sergio/Workspace/GDoks/public_html/client_data/fday/uploads/90/15a42a0ff70105','2017.03.05-SES-EEE-PE-DE-HID-009-R0.dwg','2017-12-26 17:20:31',19,9901176,2,1),(774,'/home/sergio/Workspace/GDoks/public_html/client_data/fday/uploads/90/15a42a287f1c23','2013.03.05-SES-EEE-PE-DE-HID-010-R0.dwg','2017-12-26 17:27:04',19,9645479,2,1),(775,'/home/sergio/Workspace/GDoks/public_html/client_data/fday/uploads/90/15a42a6195c9e9','2017.03.05-SES-GER-PH-DE-HID-001.dwg','2017-12-26 17:42:17',19,37647493,5,1),(776,'/home/sergio/Workspace/GDoks/public_html/client_data/fday/uploads/90/15a42a764d5924','2017.03.05-SES-LRE-PE-DE-HID-002-R0.dwg','2017-12-26 17:47:48',19,2304838,2,1),(777,'/home/sergio/Workspace/GDoks/public_html/client_data/fday/uploads/90/15a42a9193d0f1','2017.03.05-SES-LRE-PE-DE-HID-001-R0.dwg','2017-12-26 17:55:05',19,5273680,2,1),(778,'/home/sergio/Workspace/GDoks/public_html/client_data/fday/uploads/90/15a42a98eb7b35','2017.03.05-SES-PRE-PE-DE-HID-001A004-R0.dwg','2017-12-26 17:57:02',19,2821068,2,1),(779,'/home/sergio/Workspace/GDoks/public_html/client_data/fday/uploads/90/15a42aab3e9abe','2017.03.05-SES-LRE-PE-DE-HID-003-R0.dwg','2017-12-26 18:01:55',19,2321508,2,1),(780,'/home/sergio/Workspace/GDoks/public_html/client_data/fday/uploads/90/15a42abe5485a7','2017.03.05-SES-LRE-PE-DE-HID-004-R0.dwg','2017-12-26 18:07:01',19,2272675,2,1),(781,'/home/sergio/Workspace/GDoks/public_html/client_data/fday/uploads/90/15a42acdc3ff59','2017.03.05-SES-TNP-PH-DE-HID-001.dwg','2017-12-26 18:11:08',19,11285317,2,1),(782,'/home/sergio/Workspace/GDoks/public_html/client_data/fday/uploads/90/15a42ae4f1f89b','2017.03.05-SES-TNP-PH-DE-HID-002.dwg','2017-12-26 18:17:19',19,11285193,2,1),(783,'/home/sergio/Workspace/GDoks/public_html/client_data/fday/uploads/90/15a43e3dd64ad4','2017.03.05-SES-TNP-PH-DE-HID-003.dwg','2017-12-27 16:18:05',19,11285164,2,1),(784,'/home/sergio/Workspace/GDoks/public_html/client_data/fday/uploads/92/15a45405b90edb','invizimals_fake.jpeg','2017-12-28 17:04:59',1,158103,5,1),(785,'/home/sergio/Workspace/GDoks/public_html/client_data/fday/uploads/92/15a454489611fe','invizimals_fake.jpeg','2017-12-28 17:22:49',1,158103,5,1),(786,'/home/sergio/Workspace/GDoks/public_html/client_data/fday/uploads/90/15a462db5b5b17','2017.03.05-SES-TNP-PH-DE-HID-004.dwg','2017-12-29 09:57:41',19,11287761,2,1),(787,'/home/sergio/Workspace/GDoks/public_html/client_data/fday/uploads/91/15a46620073f93','FRY-1710.00-E30-001=0.dwg','2017-12-29 13:40:48',2,1128021,2,1),(788,'/home/sergio/Workspace/GDoks/public_html/client_data/fday/uploads/91/15a4662008432b','FRY-1710.00-E30-001=0.pdf','2017-12-29 13:40:48',2,290152,2,1),(789,'/home/sergio/Workspace/GDoks/public_html/client_data/fday/uploads/91/15a46644a81f9d','FRY-1710.00-E30-001=0.dwg','2017-12-29 13:50:34',2,1128021,2,1),(790,'/home/sergio/Workspace/GDoks/public_html/client_data/fday/uploads/91/15a46644a877d0','FRY-1710.00-E30-001=0.pdf','2017-12-29 13:50:34',2,290152,2,1),(791,'/home/sergio/Workspace/GDoks/public_html/client_data/fday/uploads/91/15a4667d40181d','FRY-1710.00-E30-003=0_FL.01.dwg','2017-12-29 14:05:40',2,1160287,1,1),(792,'/home/sergio/Workspace/GDoks/public_html/client_data/fday/uploads/91/15a4667d4036be','FRY-1710.00-E30-003=0_FL01.pdf','2017-12-29 14:05:40',2,300258,1,1),(793,'/home/sergio/Workspace/GDoks/public_html/client_data/fday/uploads/92/15a4674d2653bf','consultas.sql','2017-12-29 15:01:06',1,1877,5,1),(794,'/home/sergio/Workspace/GDoks/public_html/client_data/fday/uploads/92/15a4674fdb88b2','consultas.sql','2017-12-29 15:01:49',1,1877,5,1),(795,'/home/sergio/Workspace/GDoks/public_html/client_data/fday/uploads/92/15a4676170c2e4','invizimals_fake.jpeg','2017-12-29 15:06:31',1,158103,5,1),(796,'/home/sergio/Workspace/GDoks/public_html/client_data/fday/uploads/92/15a46783c54a24','invizimals_fake.jpeg','2017-12-29 15:15:40',1,158103,2,1),(797,'/home/sergio/Workspace/GDoks/public_html/client_data/fday/uploads/91/15a46a30858d9d','FRY-1710.00-E30-003=0_FL.01.dwg','2017-12-29 18:18:16',2,1159385,5,1),(798,'/home/sergio/Workspace/GDoks/public_html/client_data/fday/uploads/91/15a46a3085e2b7','FRY-1710.00-E30-003=0_FL01.pdf','2017-12-29 18:18:16',2,306329,5,1),(799,'/home/sergio/Workspace/GDoks/public_html/client_data/fday/uploads/90/15a46a9a90fa4f','2017.03.05-SES-LUR-PE-DE-HID-001 A 004-R0.dwg','2017-12-29 18:46:33',2,63153281,5,1),(800,'/home/sergio/Workspace/GDoks/public_html/client_data/fday/uploads/91/15a46acffe322f','FRY-1710.00-E30-001=0.dwg','2017-12-29 19:00:47',2,1128500,2,1),(801,'/home/sergio/Workspace/GDoks/public_html/client_data/fday/uploads/91/15a46acffe5622','FRY-1710.00-E30-001=0.pdf','2017-12-29 19:00:47',2,290152,2,1),(802,'/home/sergio/Workspace/GDoks/public_html/client_data/fday/uploads/91/15a46ad307459e','FRY-1710.00-E30-001=0.dwg','2017-12-29 19:01:36',2,1128500,2,1),(803,'/home/sergio/Workspace/GDoks/public_html/client_data/fday/uploads/91/15a46ad30758f1','FRY-1710.00-E30-001=0.pdf','2017-12-29 19:01:36',2,290152,2,1),(804,'/home/sergio/Workspace/GDoks/public_html/client_data/fday/uploads/90/15a4bdd5dba2f6','02-SES-HID-TX-HID-001-R2.docx','2018-01-02 17:28:29',19,151873,5,1),(805,'/home/sergio/Workspace/GDoks/public_html/client_data/fday/uploads/90/15a4be05494c9b','2017.03.05-SES-COL-PH-DE-HID-001 E 002-R0.dwg','2018-01-02 17:41:08',2,59581852,2,1),(806,'/home/sergio/Workspace/GDoks/public_html/client_data/fday/uploads/90/15a4be55330a68','MC-EEE-A.xls','2018-01-02 18:02:27',19,499200,5,1),(807,'/home/sergio/Workspace/GDoks/public_html/client_data/fday/uploads/90/15a4be56f1531c','MC-EEE-B.xls','2018-01-02 18:02:55',19,256512,5,1),(808,'/home/sergio/Workspace/GDoks/public_html/client_data/fday/uploads/90/15a4be586d45a7','MC-EEE-C.xls','2018-01-02 18:03:18',19,257536,5,1),(809,'/home/sergio/Workspace/GDoks/public_html/client_data/fday/uploads/90/15a4be5a394c63','MC-EEE-D.xls','2018-01-02 18:03:47',19,257536,5,1),(810,'/home/sergio/Workspace/GDoks/public_html/client_data/fday/uploads/90/15a4be5c2397b0','PROJETO HIDRÁULICO FINAL BACIA A.ESG-TRECHOS-RESULTADO FINAL-R2.xls','2018-01-02 18:04:18',19,279040,5,1),(811,'/home/sergio/Workspace/GDoks/public_html/client_data/fday/uploads/90/15a4be6d4cc242','CURVA DA BOMBA_EEE-B.pdf','2018-01-02 18:08:52',19,210719,5,1),(812,'/home/sergio/Workspace/GDoks/public_html/client_data/fday/uploads/90/15a4be6eebf491','CURVA DA BOMBA_EEE-D.pdf','2018-01-02 18:09:18',19,208134,5,1),(813,'/home/sergio/Workspace/GDoks/public_html/client_data/fday/uploads/90/15a4be70612991','foldados_dimen37907.pdf','2018-01-02 18:09:42',19,234015,5,1),(814,'/home/sergio/Workspace/GDoks/public_html/client_data/fday/uploads/70/15a4cec0b08c0e','FRY-1702.01-TlS-006.pdf','2018-01-03 12:43:23',19,377051,4,1),(815,'/home/sergio/Workspace/GDoks/public_html/client_data/fday/uploads/93/15a4e89607b73e','FRY-1709.01-C13-001=0_03.dwg.pdf','2018-01-04 18:06:56',19,43864,4,1),(816,'/home/sergio/Workspace/GDoks/public_html/client_data/fday/uploads/93/15a4e89806e44e','FRY-1709.01-C13-001=0_01.dwg.pdf','2018-01-04 18:07:28',19,47027,4,1),(817,'/home/sergio/Workspace/GDoks/public_html/client_data/fday/uploads/93/15a4e89a392975','FRY-1709.01-C13-001=0_02.dwg.pdf','2018-01-04 18:08:03',19,61814,4,1),(818,'/home/sergio/Workspace/GDoks/public_html/client_data/fday/uploads/93/15a4e89c475e68','FRY-1709.01-C13-001=0_04.dwg.pdf','2018-01-04 18:08:36',19,49579,4,1),(819,'/home/sergio/Workspace/GDoks/public_html/client_data/fday/uploads/93/15a4e89e985bb7','FRY-1709.00-E20-001=0.docx','2018-01-04 18:09:13',19,44252,5,1),(820,'/home/sergio/Workspace/GDoks/public_html/client_data/fday/uploads/93/15a4e8a29be8ee','FRY-1709.01-C13-001=0.dwg','2018-01-04 18:10:17',19,2647250,4,1),(821,'/home/sergio/Workspace/GDoks/public_html/client_data/fday/uploads/94/15a53d13a619a5','BHCT01.dwg','2018-01-08 18:14:50',19,102589,2,1),(822,'/home/sergio/Workspace/GDoks/public_html/client_data/fday/uploads/94/15a53d15aede74','IGVC03.dwg','2018-01-08 18:15:22',19,89979,2,1),(823,'/home/sergio/Workspace/GDoks/public_html/client_data/fday/uploads/94/15a53d1d1d47df','MQVC01.dwg','2018-01-08 18:17:21',19,85558,2,1),(824,'/home/sergio/Workspace/GDoks/public_html/client_data/fday/uploads/94/15a53d260b0340','NLCCIT01.dwg','2018-01-08 18:19:44',19,90340,2,1),(825,'/home/sergio/Workspace/GDoks/public_html/client_data/fday/uploads/94/15a53d2924e6e8','NLIKFS01.dwg','2018-01-08 18:20:34',19,254397,2,1),(826,'/home/sergio/Workspace/GDoks/public_html/client_data/fday/uploads/94/15a53d30594fbc','NLIKFS02.dwg','2018-01-08 18:22:29',19,93532,2,1),(827,'/home/sergio/Workspace/GDoks/public_html/client_data/fday/uploads/94/15a53d3407f293','NLILIT02.dwg','2018-01-08 18:23:28',19,206060,2,1),(828,'/home/sergio/Workspace/GDoks/public_html/client_data/fday/uploads/94/15a53d3672bcb3','NILILIT06.dwg','2018-01-08 18:24:07',19,40282,2,1),(829,'/home/sergio/Workspace/GDoks/public_html/client_data/fday/uploads/94/15a53d38b2feac','NILILIT07.dwg','2018-01-08 18:24:43',19,118700,2,1),(830,'/home/sergio/Workspace/GDoks/public_html/client_data/fday/uploads/94/15a53d4c96d677','NLRPVC01.dwg','2018-01-08 18:30:01',19,61892,2,1),(831,'/home/sergio/Workspace/GDoks/public_html/client_data/fday/uploads/94/15a53d7a4e822d','TORRE_NLPRIT01.dwg','2018-01-08 18:42:12',19,254305,2,1),(832,'/home/sergio/Workspace/GDoks/public_html/client_data/fday/uploads/94/15a53d7cc78eea','NLPRIT01_RELATORIO FOTOGRAFICO_RF_2017_REV00.docx','2018-01-08 18:42:52',19,1699312,5,1),(833,'/home/sergio/Workspace/GDoks/public_html/client_data/fday/uploads/94/15a53d7e397db7','PLANTA BAIXA_NLPRIT01.dwg','2018-01-08 18:43:15',19,237179,5,1),(834,'/home/sergio/Workspace/GDoks/public_html/client_data/fday/uploads/94/15a53d80497ca4','SCI_RF_NLPRIT01_30.06.2017.xlsx','2018-01-08 18:43:48',19,38690,5,1),(835,'/home/sergio/Workspace/GDoks/public_html/client_data/fday/uploads/94/15a53d8b00719e','6.1_NLPRIT01_30062017_TSSR_Report_rev.00.xls','2018-01-08 18:46:40',19,14758400,5,1),(836,'/home/sergio/Workspace/GDoks/public_html/client_data/fday/uploads/91/15a5d28c8506f9','FRY-1710.00-E30-001=0.dwg','2018-01-15 20:18:48',2,2081641,2,1),(837,'/home/sergio/Workspace/GDoks/public_html/client_data/fday/uploads/91/15a5d28c86eb29','FRY-1710.00-E30-001=0.pdf','2018-01-15 20:18:48',2,306423,2,1),(838,'/home/sergio/Workspace/GDoks/public_html/client_data/fday/uploads/91/15a5d2c0f09630','FRY-1710.00-E30-001=0.dwg','2018-01-15 20:32:47',2,2081641,2,1),(839,'/home/sergio/Workspace/GDoks/public_html/client_data/fday/uploads/91/15a5d2c0f2645c','FRY-1710.00-E30-001=0.pdf','2018-01-15 20:32:47',2,306423,2,1),(840,'/home/sergio/Workspace/GDoks/public_html/client_data/fday/uploads/91/15a5d2c6d3bb3a','FRY-1710.00-E30-003=0_FL.01.dwg','2018-01-15 20:34:21',2,1143813,1,1),(841,'/home/sergio/Workspace/GDoks/public_html/client_data/fday/uploads/91/15a5d2c6d41338','FRY-1710.00-E30-003=0_FL.01.pdf','2018-01-15 20:34:21',2,421492,1,1),(842,'/home/sergio/Workspace/GDoks/public_html/client_data/fday/uploads/91/15a5d2c6d4291c','FRY-1710.00-E30-003=0_FL.02.dwg','2018-01-15 20:34:21',2,1146346,1,1),(843,'/home/sergio/Workspace/GDoks/public_html/client_data/fday/uploads/91/15a5d2c6d44d5b','FRY-1710.00-E30-003=0_FL.02.pdf','2018-01-15 20:34:21',2,439618,1,1),(844,'/home/sergio/Workspace/GDoks/public_html/client_data/fday/uploads/91/15a5d2c6d4660b','FRY-1710.00-E30-003=0_FL.03.dwg','2018-01-15 20:34:21',2,2136285,1,1),(845,'/home/sergio/Workspace/GDoks/public_html/client_data/fday/uploads/91/15a5d2c6d491ae','FRY-1710.00-E30-003=0_FL.03.pdf','2018-01-15 20:34:21',2,440418,1,1),(846,'/home/sergio/Workspace/GDoks/public_html/client_data/fday/uploads/91/15a5d2cb7b7815','FRY-1710.00-E30-004=0.dwg','2018-01-15 20:35:35',2,301364,3,1),(847,'/home/sergio/Workspace/GDoks/public_html/client_data/fday/uploads/91/15a5d2cb7becd4','FRY-1710.00-E30-004=0.pdf','2018-01-15 20:35:35',2,167548,3,1),(848,'/home/sergio/Workspace/GDoks/public_html/client_data/fday/uploads/91/15a5d2cfa3af29','FRY-1710.00-E30-005=0.dwg','2018-01-15 20:36:42',2,2894552,3,1),(849,'/home/sergio/Workspace/GDoks/public_html/client_data/fday/uploads/91/15a5d2cfa496cc','FRY-1710.00-E30-005=0.pdf','2018-01-15 20:36:42',2,162186,3,1),(850,'/home/sergio/Workspace/GDoks/public_html/client_data/fday/uploads/91/15a5d2d1cc40ec','FRY-1710.00-E30-006=0.dwg','2018-01-15 20:37:16',2,1962837,4,1),(851,'/home/sergio/Workspace/GDoks/public_html/client_data/fday/uploads/91/15a5d2d1cc8b03','FRY-1710.00-E30-006=0.pdf','2018-01-15 20:37:16',2,139086,4,1),(852,'/home/sergio/Workspace/GDoks/public_html/client_data/fday/uploads/91/15a5d2d45191fd','FRY-1710.00-E30-007=0.dwg','2018-01-15 20:37:57',2,2895429,3,1),(853,'/home/sergio/Workspace/GDoks/public_html/client_data/fday/uploads/91/15a5d2d451f75f','FRY-1710.00-E30-007=0.pdf','2018-01-15 20:37:57',2,118383,3,1),(854,'/home/sergio/Workspace/GDoks/public_html/client_data/fday/uploads/91/15a5d2e9c1add1','FRY-1710.00-E30-001=0.dwg','2018-01-15 20:43:40',2,2081641,2,1),(855,'/home/sergio/Workspace/GDoks/public_html/client_data/fday/uploads/91/15a5d2e9c2286a','FRY-1710.00-E30-001=0.pdf','2018-01-15 20:43:40',2,306423,2,1),(856,'/home/sergio/Workspace/GDoks/public_html/client_data/fday/uploads/91/15a5d2eee48761','FRY-1710.00-E30-003=0_FL.01.dwg','2018-01-15 20:45:02',2,1143813,1,1),(857,'/home/sergio/Workspace/GDoks/public_html/client_data/fday/uploads/91/15a5d2eee49f08','FRY-1710.00-E30-003=0_FL.01.pdf','2018-01-15 20:45:02',2,421492,1,1),(858,'/home/sergio/Workspace/GDoks/public_html/client_data/fday/uploads/91/15a5d2eee4af21','FRY-1710.00-E30-003=0_FL.02.dwg','2018-01-15 20:45:02',2,1146346,1,1),(859,'/home/sergio/Workspace/GDoks/public_html/client_data/fday/uploads/91/15a5d2eee4c01b','FRY-1710.00-E30-003=0_FL.02.pdf','2018-01-15 20:45:02',2,439618,1,1),(860,'/home/sergio/Workspace/GDoks/public_html/client_data/fday/uploads/91/15a5d2eee4d0ab','FRY-1710.00-E30-003=0_FL.03.dwg','2018-01-15 20:45:02',2,2136285,1,1),(861,'/home/sergio/Workspace/GDoks/public_html/client_data/fday/uploads/91/15a5d2eee4e418','FRY-1710.00-E30-003=0_FL.03.pdf','2018-01-15 20:45:02',2,440418,1,1),(862,'/home/sergio/Workspace/GDoks/public_html/client_data/fday/uploads/70/15a5e408f40c72','FRY-1702.01-T15-002.pdf','2018-01-16 16:12:31',19,1492612,2,1),(863,'/home/sergio/Workspace/GDoks/public_html/client_data/fday/uploads/70/15a5e41b2d9aff','FRY-1702.01-T15-003.pdf','2018-01-16 16:17:22',19,2454791,2,1),(864,'/home/sergio/Workspace/GDoks/public_html/client_data/fday/uploads/70/15a5e4233e95bf','FRY-1702.01-T15-004.pdf','2018-01-16 16:19:31',19,694797,2,1),(865,'/home/sergio/Workspace/GDoks/public_html/client_data/fday/uploads/70/15a5e45fc47025','FRY-1702.01-T15-005.pdf','2018-01-16 16:35:40',19,2688992,2,1),(866,'/home/sergio/Workspace/GDoks/public_html/client_data/fday/uploads/91/15a61f9af98436','FRY-1710.00-E30-002=0_FL.01.pdf','2018-01-19 11:59:11',19,603794,2,1),(867,'/home/sergio/Workspace/GDoks/public_html/client_data/fday/uploads/91/15a61f9afc9b67','FRY-1710.00-E30-002=0_FL.02.pdf','2018-01-19 11:59:11',19,478805,2,1),(868,'/home/sergio/Workspace/GDoks/public_html/client_data/fday/uploads/91/15a61f9afcaf79','FRY-1710.00-E30-002=0_FL.03.pdf','2018-01-19 11:59:11',19,544195,2,1),(869,'/home/sergio/Workspace/GDoks/public_html/client_data/fday/uploads/91/15a61f9afcc263','FRY-1710.00-E30-002=0_FL.04.pdf','2018-01-19 11:59:11',19,559740,2,1),(870,'/home/sergio/Workspace/GDoks/public_html/client_data/fday/uploads/91/15a61f9afcd3d6','FRY-1710.00-E30-002=0_FL.05.pdf','2018-01-19 11:59:11',19,123830,2,1),(871,'/home/sergio/Workspace/GDoks/public_html/client_data/fday/uploads/91/15a61fd7d28ad7','FRY-1710.00-E18-001=0.pdf','2018-01-19 12:15:25',19,183242,5,1),(872,'/home/sergio/Workspace/GDoks/public_html/client_data/fday/uploads/91/15a620daf6af4c','FRY-1710.00-E20-001=0.pdf','2018-01-19 13:24:31',19,58286,5,1),(873,'/home/sergio/Workspace/GDoks/public_html/client_data/fday/uploads/91/15a620f1c058aa','FRY-1710.00-E30-002=0_FL.01.dwg','2018-01-19 13:30:36',19,1351206,2,1),(874,'/home/sergio/Workspace/GDoks/public_html/client_data/fday/uploads/91/15a620f1c0be45','FRY-1710.00-E30-002=0_FL.02.dwg','2018-01-19 13:30:36',19,1764316,2,1),(875,'/home/sergio/Workspace/GDoks/public_html/client_data/fday/uploads/91/15a620f1c0cd48','FRY-1710.00-E30-002=0_FL.03.dwg','2018-01-19 13:30:36',19,1570630,2,1),(876,'/home/sergio/Workspace/GDoks/public_html/client_data/fday/uploads/91/15a620f1c0dc1b','FRY-1710.00-E30-002=0_FL.04.dwg','2018-01-19 13:30:36',19,1192612,2,1),(877,'/home/sergio/Workspace/GDoks/public_html/client_data/fday/uploads/91/15a620f1c0edcc','FRY-1710.00-E30-002=0_FL.05.dwg','2018-01-19 13:30:36',19,1088688,2,1),(878,'/home/sergio/Workspace/GDoks/public_html/client_data/fday/uploads/91/15a620fed5f65c','FRY-1710.00-E30-002=0_FL.01.pdf','2018-01-19 13:34:05',19,603794,2,1),(879,'/home/sergio/Workspace/GDoks/public_html/client_data/fday/uploads/91/15a620fed6510e','FRY-1710.00-E30-002=0_FL.02.pdf','2018-01-19 13:34:05',19,478805,2,1),(880,'/home/sergio/Workspace/GDoks/public_html/client_data/fday/uploads/91/15a620fed66f53','FRY-1710.00-E30-002=0_FL.03.pdf','2018-01-19 13:34:05',19,544195,2,1),(881,'/home/sergio/Workspace/GDoks/public_html/client_data/fday/uploads/91/15a620fed69784','FRY-1710.00-E30-002=0_FL.04.pdf','2018-01-19 13:34:05',19,559740,2,1),(882,'/home/sergio/Workspace/GDoks/public_html/client_data/fday/uploads/91/15a620fed6d88e','FRY-1710.00-E30-002=0_FL.05.pdf','2018-01-19 13:34:05',19,123830,2,1),(883,'/home/sergio/Workspace/GDoks/public_html/client_data/fday/uploads/91/15a620fed6ed14','FRY-1710.00-E30-002=0_FL.01.dwg','2018-01-19 13:34:05',19,1351206,2,1),(884,'/home/sergio/Workspace/GDoks/public_html/client_data/fday/uploads/91/15a620fed706f0','FRY-1710.00-E30-002=0_FL.02.dwg','2018-01-19 13:34:05',19,1764316,2,1),(885,'/home/sergio/Workspace/GDoks/public_html/client_data/fday/uploads/91/15a620fed78b12','FRY-1710.00-E30-002=0_FL.03.dwg','2018-01-19 13:34:05',19,1570630,2,1),(886,'/home/sergio/Workspace/GDoks/public_html/client_data/fday/uploads/91/15a620fed7c5ac','FRY-1710.00-E30-002=0_FL.04.dwg','2018-01-19 13:34:05',19,1192612,2,1),(887,'/home/sergio/Workspace/GDoks/public_html/client_data/fday/uploads/91/15a620fed7f338','FRY-1710.00-E30-002=0_FL.05.dwg','2018-01-19 13:34:05',19,1088688,2,1),(888,'/home/sergio/Workspace/GDoks/public_html/client_data/fday/uploads/91/15a62101b1f115','FRY-1710.00-E18-001=0.pdf','2018-01-19 13:34:51',19,183242,5,1),(889,'/home/sergio/Workspace/GDoks/public_html/client_data/fday/uploads/91/15a62101b244a3','FRY-1710.00-E18-001=0.xlsx','2018-01-19 13:34:51',19,96021,5,1),(890,'/home/sergio/Workspace/GDoks/public_html/client_data/fday/uploads/91/15a62104d25d10','FRY-1710.00-E20-001=0.docx','2018-01-19 13:35:41',19,62617,5,1),(891,'/home/sergio/Workspace/GDoks/public_html/client_data/fday/uploads/91/15a62104d27943','FRY-1710.00-E20-001=0.pdf','2018-01-19 13:35:41',19,58286,5,1),(892,'/home/sergio/Workspace/GDoks/public_html/client_data/fday/uploads/70/15a661e3d8b1d4','FRY-1702.01-T15-001.pdf','2018-01-22 15:24:13',19,3522480,2,1),(893,'/home/sergio/Workspace/GDoks/public_html/client_data/fday/uploads/92/15a70e2c619c26','Informação de emissão de nota.jpeg','2018-01-30 19:25:26',2,123678,2,1),(894,'/home/sergio/Workspace/GDoks/public_html/client_data/fday/uploads/95/15a74d1521dd5c','FRY-1801.00-E18-001=0.pdf','2018-02-02 19:00:02',19,3631494,5,1),(895,'/home/sergio/Workspace/GDoks/public_html/client_data/fday/uploads/96/15a8d7c3614a7b','ASO - ADAMS LUCAS.pdf','2018-02-21 11:03:34',19,1123490,5,1),(896,'/home/sergio/Workspace/GDoks/public_html/client_data/fday/uploads/96/15a8d7c36305f9','CONTRATO DE EXPERIENCIA - ADAMS LUCAS.pdf','2018-02-21 11:03:34',19,1005388,5,1),(897,'/home/sergio/Workspace/GDoks/public_html/client_data/fday/uploads/96/15a8d7c3631c8c','CTPS - ADAMS LUCAS.pdf','2018-02-21 11:03:34',19,5119724,5,1),(898,'/home/sergio/Workspace/GDoks/public_html/client_data/fday/uploads/96/15a8d7c36330fa','FICHA DE EPI - ADAMS LUCAS.pdf','2018-02-21 11:03:34',19,904199,5,1),(899,'/home/sergio/Workspace/GDoks/public_html/client_data/fday/uploads/96/15a8d7c3634a79','FICHA DE REGISTRO - ADAMS LUCAS.pdf','2018-02-21 11:03:34',19,808952,5,1),(900,'/home/sergio/Workspace/GDoks/public_html/client_data/fday/uploads/96/15a8d7c363835a','NR10-NR6-NR18-35-CETIFICADO ELETRICISTA- ADAMS LUCAS.pdf','2018-02-21 11:03:34',19,3847531,5,1),(901,'/home/sergio/Workspace/GDoks/public_html/client_data/fday/uploads/96/15a8d7c3639505','OS - ADAMS LUCAS.pdf','2018-02-21 11:03:34',19,1851531,5,1),(902,'/home/sergio/Workspace/GDoks/public_html/client_data/fday/uploads/95/15a90197f06341','FRY-1801.00-E18-001=1.docx','2018-02-23 10:39:11',19,32132577,5,1),(903,'/home/sergio/Workspace/GDoks/public_html/client_data/fday/uploads/95/15a906c186daca','FRY-1801.00-E18-001=0.pdf','2018-02-23 16:31:36',19,3631494,5,1),(904,'/home/sergio/Workspace/GDoks/public_html/client_data/fday/uploads/95/15a906d3e3be2f','FRY-1801.00-E18-001=1.pdf','2018-02-23 16:36:30',19,4171950,5,1),(905,'/home/sergio/Workspace/GDoks/public_html/client_data/fday/uploads/95/15a906e3a4875b','FRY-1801.00-E18-001=1.pdf','2018-02-23 16:40:42',19,4699493,5,1),(906,'/home/sergio/Workspace/GDoks/public_html/client_data/fday/uploads/96/15a94570409852','ASO - ADAMS LUCAS.pdf','2018-02-26 15:50:44',19,1123490,5,1),(907,'/home/sergio/Workspace/GDoks/public_html/client_data/fday/uploads/96/15a94570414c65','CONTRATO DE EXPERIENCIA - ADAMS LUCAS.pdf','2018-02-26 15:50:44',19,1005388,5,1),(908,'/home/sergio/Workspace/GDoks/public_html/client_data/fday/uploads/96/15a9457041643c','CTPS - ADAMS LUCAS.pdf','2018-02-26 15:50:44',19,5119724,5,1),(909,'/home/sergio/Workspace/GDoks/public_html/client_data/fday/uploads/96/15a9457041791e','FICHA DE EPI - ADAMS LUCAS.pdf','2018-02-26 15:50:44',19,904199,5,1),(910,'/home/sergio/Workspace/GDoks/public_html/client_data/fday/uploads/96/15a945704195ec','FICHA DE REGISTRO - ADAMS LUCAS.pdf','2018-02-26 15:50:44',19,808952,5,1),(911,'/home/sergio/Workspace/GDoks/public_html/client_data/fday/uploads/96/15a9457041ba94','NR10-NR6-NR18-35-CETIFICADO ELETRICISTA- ADAMS LUCAS.pdf','2018-02-26 15:50:44',19,3847531,5,1),(912,'/home/sergio/Workspace/GDoks/public_html/client_data/fday/uploads/96/15a9457041ce11','OS - ADAMS LUCAS.pdf','2018-02-26 15:50:44',19,1851531,5,1),(913,'/home/sergio/Workspace/GDoks/public_html/client_data/fday/uploads/96/15a94573048231','ASO -CARLOS CARDOSO.pdf','2018-02-26 15:51:28',19,1118459,5,1),(914,'/home/sergio/Workspace/GDoks/public_html/client_data/fday/uploads/96/15a94573049cc7','CONTRATO DE EXPERIENCIA - CARLOS CARDOSO.pdf','2018-02-26 15:51:28',19,1034603,5,1),(915,'/home/sergio/Workspace/GDoks/public_html/client_data/fday/uploads/96/15a9457304b248','CTPS - CARLOS CARDOSO.pdf','2018-02-26 15:51:28',19,5528324,5,1),(916,'/home/sergio/Workspace/GDoks/public_html/client_data/fday/uploads/96/15a9457304c533','FICHA DE EPI - CARLOS CARDOSO.pdf','2018-02-26 15:51:28',19,848602,5,1),(917,'/home/sergio/Workspace/GDoks/public_html/client_data/fday/uploads/96/15a9457304d61a','FICHA DE REGISTRO - CARLOS CARDOSO.pdf','2018-02-26 15:51:28',19,816450,5,1),(918,'/home/sergio/Workspace/GDoks/public_html/client_data/fday/uploads/96/15a9457304e749','NR10-NR6-NR18-35-CETIFICADO ELETRICISTA- CARLOS CARDOSO.pdf','2018-02-26 15:51:28',19,3813891,5,1),(919,'/home/sergio/Workspace/GDoks/public_html/client_data/fday/uploads/96/15a9457304fb90','OS - CARLOS CARDOSO.pdf','2018-02-26 15:51:28',19,1962486,5,1),(920,'/home/sergio/Workspace/GDoks/public_html/client_data/fday/uploads/97/15a95a7921071f','20180224_110931.jpg','2018-02-27 15:46:42',19,2721879,5,1),(921,'/home/sergio/Workspace/GDoks/public_html/client_data/fday/uploads/97/15a95a7922a573','20180224_110935.jpg','2018-02-27 15:46:42',19,2695379,5,1),(922,'/home/sergio/Workspace/GDoks/public_html/client_data/fday/uploads/97/15a95a7922bbfb','20180224_110936.jpg','2018-02-27 15:46:42',19,2696465,5,1),(923,'/home/sergio/Workspace/GDoks/public_html/client_data/fday/uploads/97/15a95a7922d5f0','20180224_110940.jpg','2018-02-27 15:46:42',19,2985956,5,1),(924,'/home/sergio/Workspace/GDoks/public_html/client_data/fday/uploads/97/15a95a7922f047','20180224_111001.jpg','2018-02-27 15:46:42',19,2761399,5,1),(925,'/home/sergio/Workspace/GDoks/public_html/client_data/fday/uploads/97/15a95a79230251','20180224_111019.jpg','2018-02-27 15:46:42',19,4832159,5,1),(926,'/home/sergio/Workspace/GDoks/public_html/client_data/fday/uploads/97/15a95a792313ee','20180224_111021.jpg','2018-02-27 15:46:42',19,3696505,5,1),(927,'/home/sergio/Workspace/GDoks/public_html/client_data/fday/uploads/97/15a95a79232c16','20180224_111023.jpg','2018-02-27 15:46:42',19,3960250,5,1),(928,'/home/sergio/Workspace/GDoks/public_html/client_data/fday/uploads/97/15a95a79234898','20180224_111036.jpg','2018-02-27 15:46:42',19,3457632,5,1),(929,'/home/sergio/Workspace/GDoks/public_html/client_data/fday/uploads/97/15a95a79235bac','20180224_111039.jpg','2018-02-27 15:46:42',19,3300040,5,1),(930,'/home/sergio/Workspace/GDoks/public_html/client_data/fday/uploads/97/15a95a79236fa0','20180224_111041.jpg','2018-02-27 15:46:42',19,4147575,5,1),(931,'/home/sergio/Workspace/GDoks/public_html/client_data/fday/uploads/97/15a95a79238f21','20180224_111054.jpg','2018-02-27 15:46:42',19,3469342,5,1),(932,'/home/sergio/Workspace/GDoks/public_html/client_data/fday/uploads/97/15a95a79239fb8','20180224_111056.jpg','2018-02-27 15:46:42',19,3318000,5,1),(933,'/home/sergio/Workspace/GDoks/public_html/client_data/fday/uploads/97/15a95a7923bd1b','20180224_111100.jpg','2018-02-27 15:46:42',19,3641906,5,1),(934,'/home/sergio/Workspace/GDoks/public_html/client_data/fday/uploads/97/15a95a7923f190','20180224_111111.jpg','2018-02-27 15:46:42',19,2594976,5,1),(935,'/home/sergio/Workspace/GDoks/public_html/client_data/fday/uploads/97/15a95a79240658','20180224_111114.jpg','2018-02-27 15:46:42',19,3997283,5,1),(936,'/home/sergio/Workspace/GDoks/public_html/client_data/fday/uploads/97/15a95a792419d6','20180224_111124.jpg','2018-02-27 15:46:42',19,3945472,5,1),(937,'/home/sergio/Workspace/GDoks/public_html/client_data/fday/uploads/97/15a95a79242b61','20180224_111220.jpg','2018-02-27 15:46:42',19,3821817,5,1),(938,'/home/sergio/Workspace/GDoks/public_html/client_data/fday/uploads/97/15a95a7924423f','20180224_111223.jpg','2018-02-27 15:46:42',19,3734900,5,1),(939,'/home/sergio/Workspace/GDoks/public_html/client_data/fday/uploads/97/15a95a79245eb1','20180224_111232.jpg','2018-02-27 15:46:42',19,3611709,5,1),(940,'/home/sergio/Workspace/GDoks/public_html/client_data/fday/uploads/97/15a95ab3ebcbcb','20180224_110931.jpg','2018-02-27 16:02:22',19,2721879,5,1),(941,'/home/sergio/Workspace/GDoks/public_html/client_data/fday/uploads/97/15a95abd00074c','20180224_110935.jpg','2018-02-27 16:04:48',19,2695379,5,1),(942,'/home/sergio/Workspace/GDoks/public_html/client_data/fday/uploads/97/15a95abd0044db','20180224_110936.jpg','2018-02-27 16:04:48',19,2696465,5,1),(943,'/home/sergio/Workspace/GDoks/public_html/client_data/fday/uploads/97/15a95abd0063d4','20180224_110940.jpg','2018-02-27 16:04:48',19,2985956,5,1),(944,'/home/sergio/Workspace/GDoks/public_html/client_data/fday/uploads/97/15a95abd007b97','20180224_111001.jpg','2018-02-27 16:04:48',19,2761399,5,1),(945,'/home/sergio/Workspace/GDoks/public_html/client_data/fday/uploads/97/15a95abd00a48d','20180224_111019.jpg','2018-02-27 16:04:48',19,4832159,5,1),(946,'/home/sergio/Workspace/GDoks/public_html/client_data/fday/uploads/97/15a95abd00b5e3','20180224_111021.jpg','2018-02-27 16:04:48',19,3696505,5,1),(947,'/home/sergio/Workspace/GDoks/public_html/client_data/fday/uploads/97/15a95abd00c875','20180224_111023.jpg','2018-02-27 16:04:48',19,3960250,5,1),(948,'/home/sergio/Workspace/GDoks/public_html/client_data/fday/uploads/97/15a95abd012505','20180224_111036.jpg','2018-02-27 16:04:48',19,3457632,5,1),(949,'/home/sergio/Workspace/GDoks/public_html/client_data/fday/uploads/97/15a95abd013a0d','20180224_111039.jpg','2018-02-27 16:04:48',19,3300040,5,1),(950,'/home/sergio/Workspace/GDoks/public_html/client_data/fday/uploads/97/15a95abd015172','20180224_111041.jpg','2018-02-27 16:04:48',19,4147575,5,1),(951,'/home/sergio/Workspace/GDoks/public_html/client_data/fday/uploads/97/15a95abd017276','20180224_111054.jpg','2018-02-27 16:04:48',19,3469342,5,1),(952,'/home/sergio/Workspace/GDoks/public_html/client_data/fday/uploads/97/15a95abd01c21e','20180224_111056.jpg','2018-02-27 16:04:48',19,3318000,5,1),(953,'/home/sergio/Workspace/GDoks/public_html/client_data/fday/uploads/97/15a95abd01db03','20180224_111100.jpg','2018-02-27 16:04:48',19,3641906,5,1),(954,'/home/sergio/Workspace/GDoks/public_html/client_data/fday/uploads/97/15a95abd01f2bf','20180224_111111.jpg','2018-02-27 16:04:48',19,2594976,5,1),(955,'/home/sergio/Workspace/GDoks/public_html/client_data/fday/uploads/97/15a95abd020c04','20180224_111114.jpg','2018-02-27 16:04:48',19,3997283,5,1),(956,'/home/sergio/Workspace/GDoks/public_html/client_data/fday/uploads/97/15a95abd024230','20180224_111124.jpg','2018-02-27 16:04:48',19,3945472,5,1),(957,'/home/sergio/Workspace/GDoks/public_html/client_data/fday/uploads/97/15a95abd0264f6','20180224_111220.jpg','2018-02-27 16:04:48',19,3821817,5,1),(958,'/home/sergio/Workspace/GDoks/public_html/client_data/fday/uploads/97/15a95abd02a379','20180224_111223.jpg','2018-02-27 16:04:48',19,3734900,5,1),(959,'/home/sergio/Workspace/GDoks/public_html/client_data/fday/uploads/97/15a95abd02be60','20180224_111232.jpg','2018-02-27 16:04:48',19,3611709,5,1),(960,'/home/sergio/Workspace/GDoks/public_html/client_data/fday/uploads/97/15a95abd02f8ed','20180224_111237.jpg','2018-02-27 16:04:48',19,3510112,5,1),(961,'/home/sergio/Workspace/GDoks/public_html/client_data/fday/uploads/97/15a95acd69103e','20180224_110935.jpg','2018-02-27 16:09:10',19,2695379,5,1),(962,'/home/sergio/Workspace/GDoks/public_html/client_data/fday/uploads/97/15a95acd697ac0','20180224_110936.jpg','2018-02-27 16:09:10',19,2696465,5,1),(963,'/home/sergio/Workspace/GDoks/public_html/client_data/fday/uploads/97/15a95acd69d2fb','20180224_110940.jpg','2018-02-27 16:09:10',19,2985956,5,1),(964,'/home/sergio/Workspace/GDoks/public_html/client_data/fday/uploads/97/15a95acd6a0401','20180224_111001.jpg','2018-02-27 16:09:10',19,2761399,5,1),(965,'/home/sergio/Workspace/GDoks/public_html/client_data/fday/uploads/97/15a95acd6a793b','20180224_111019.jpg','2018-02-27 16:09:10',19,4832159,5,1),(966,'/home/sergio/Workspace/GDoks/public_html/client_data/fday/uploads/97/15a95acd6a9843','20180224_111021.jpg','2018-02-27 16:09:10',19,3696505,5,1),(967,'/home/sergio/Workspace/GDoks/public_html/client_data/fday/uploads/97/15a95acd6ac5dc','20180224_111023.jpg','2018-02-27 16:09:10',19,3960250,5,1),(968,'/home/sergio/Workspace/GDoks/public_html/client_data/fday/uploads/97/15a95acd6adc9c','20180224_111036.jpg','2018-02-27 16:09:10',19,3457632,5,1),(969,'/home/sergio/Workspace/GDoks/public_html/client_data/fday/uploads/97/15a95acd6aed25','20180224_111039.jpg','2018-02-27 16:09:10',19,3300040,5,1),(970,'/home/sergio/Workspace/GDoks/public_html/client_data/fday/uploads/97/15a95acd6b00e0','20180224_111041.jpg','2018-02-27 16:09:10',19,4147575,5,1),(971,'/home/sergio/Workspace/GDoks/public_html/client_data/fday/uploads/97/15a95acd6b1345','20180224_111054.jpg','2018-02-27 16:09:10',19,3469342,5,1),(972,'/home/sergio/Workspace/GDoks/public_html/client_data/fday/uploads/97/15a95acd6b25a9','20180224_111056.jpg','2018-02-27 16:09:10',19,3318000,5,1),(973,'/home/sergio/Workspace/GDoks/public_html/client_data/fday/uploads/97/15a95acd6b389e','20180224_111100.jpg','2018-02-27 16:09:10',19,3641906,5,1),(974,'/home/sergio/Workspace/GDoks/public_html/client_data/fday/uploads/97/15a95acd6b4c2b','20180224_111111.jpg','2018-02-27 16:09:10',19,2594976,5,1),(975,'/home/sergio/Workspace/GDoks/public_html/client_data/fday/uploads/97/15a95acd6b604a','20180224_111114.jpg','2018-02-27 16:09:10',19,3997283,5,1),(976,'/home/sergio/Workspace/GDoks/public_html/client_data/fday/uploads/97/15a95ae47a4db6','20180224_111124.jpg','2018-02-27 16:15:19',19,3945472,5,1),(977,'/home/sergio/Workspace/GDoks/public_html/client_data/fday/uploads/97/15a95ae47a6714','20180224_111220.jpg','2018-02-27 16:15:19',19,3821817,5,1),(978,'/home/sergio/Workspace/GDoks/public_html/client_data/fday/uploads/97/15a95ae47a7b66','20180224_111223.jpg','2018-02-27 16:15:19',19,3734900,5,1),(979,'/home/sergio/Workspace/GDoks/public_html/client_data/fday/uploads/97/15a95ae47a8e9d','20180224_111232.jpg','2018-02-27 16:15:19',19,3611709,5,1),(980,'/home/sergio/Workspace/GDoks/public_html/client_data/fday/uploads/97/15a95ae47aa258','20180224_111237.jpg','2018-02-27 16:15:19',19,3510112,5,1),(981,'/home/sergio/Workspace/GDoks/public_html/client_data/fday/uploads/97/15a95ae47ab671','20180224_111242.jpg','2018-02-27 16:15:19',19,3182315,5,1),(982,'/home/sergio/Workspace/GDoks/public_html/client_data/fday/uploads/97/15a95ae47acac0','20180224_111251.jpg','2018-02-27 16:15:19',19,2891037,5,1),(983,'/home/sergio/Workspace/GDoks/public_html/client_data/fday/uploads/97/15a95ae47ae73d','20180224_111304.jpg','2018-02-27 16:15:19',19,3926781,5,1),(984,'/home/sergio/Workspace/GDoks/public_html/client_data/fday/uploads/97/15a95ae47afd35','20180224_111306.jpg','2018-02-27 16:15:19',19,4369492,5,1),(985,'/home/sergio/Workspace/GDoks/public_html/client_data/fday/uploads/97/15a95ae47b0df9','20180224_111312.jpg','2018-02-27 16:15:19',19,3904222,5,1),(986,'/home/sergio/Workspace/GDoks/public_html/client_data/fday/uploads/97/15a95ae47b22ac','20180224_111448.jpg','2018-02-27 16:15:19',19,3183068,5,1),(987,'/home/sergio/Workspace/GDoks/public_html/client_data/fday/uploads/97/15a95ae47b3461','20180224_111456.jpg','2018-02-27 16:15:19',19,3121631,5,1),(988,'/home/sergio/Workspace/GDoks/public_html/client_data/fday/uploads/97/15a95ae47b6166','20180224_111502.jpg','2018-02-27 16:15:19',19,2935490,5,1),(989,'/home/sergio/Workspace/GDoks/public_html/client_data/fday/uploads/97/15a95ae47b76bf','20180224_111505.jpg','2018-02-27 16:15:19',19,2710477,5,1),(990,'/home/sergio/Workspace/GDoks/public_html/client_data/fday/uploads/97/15a95ae47b8b41','20180224_111637.jpg','2018-02-27 16:15:19',19,2981372,5,1),(991,'/home/sergio/Workspace/GDoks/public_html/client_data/fday/uploads/97/15a95ae47b9cf5','20180224_111639.jpg','2018-02-27 16:15:19',19,3080108,5,1),(992,'/home/sergio/Workspace/GDoks/public_html/client_data/fday/uploads/97/15a95ae47bc798','20180224_111648.jpg','2018-02-27 16:15:19',19,2970612,5,1),(993,'/home/sergio/Workspace/GDoks/public_html/client_data/fday/uploads/97/15a95ae47bda03','20180224_111658.jpg','2018-02-27 16:15:19',19,2795516,5,1),(994,'/home/sergio/Workspace/GDoks/public_html/client_data/fday/uploads/97/15a95ae47bed82','20180224_113136.jpg','2018-02-27 16:15:19',19,3688199,5,1),(995,'/home/sergio/Workspace/GDoks/public_html/client_data/fday/uploads/97/15a95ae47c01fb','20180224_113145.jpg','2018-02-27 16:15:19',19,4031913,5,1),(996,'/home/sergio/Workspace/GDoks/public_html/client_data/fday/uploads/97/15a95afe616a53','20180224_111124.jpg','2018-02-27 16:22:14',19,3945472,5,1),(997,'/home/sergio/Workspace/GDoks/public_html/client_data/fday/uploads/97/15a95afe61e118','20180224_111220.jpg','2018-02-27 16:22:14',19,3821817,5,1),(998,'/home/sergio/Workspace/GDoks/public_html/client_data/fday/uploads/97/15a95afe6200b0','20180224_111223.jpg','2018-02-27 16:22:14',19,3734900,5,1),(999,'/home/sergio/Workspace/GDoks/public_html/client_data/fday/uploads/97/15a95afe623008','20180224_111232.jpg','2018-02-27 16:22:14',19,3611709,5,1),(1000,'/home/sergio/Workspace/GDoks/public_html/client_data/fday/uploads/97/15a95afe626178','20180224_111237.jpg','2018-02-27 16:22:14',19,3510112,5,1),(1001,'/home/sergio/Workspace/GDoks/public_html/client_data/fday/uploads/97/15a95afe628185','20180224_111242.jpg','2018-02-27 16:22:14',19,3182315,5,1),(1002,'/home/sergio/Workspace/GDoks/public_html/client_data/fday/uploads/97/15a95afe62a661','20180224_111251.jpg','2018-02-27 16:22:14',19,2891037,5,1),(1003,'/home/sergio/Workspace/GDoks/public_html/client_data/fday/uploads/97/15a95afe62bc59','20180224_111304.jpg','2018-02-27 16:22:14',19,3926781,5,1),(1004,'/home/sergio/Workspace/GDoks/public_html/client_data/fday/uploads/97/15a95afe62d1c3','20180224_111306.jpg','2018-02-27 16:22:14',19,4369492,5,1),(1005,'/home/sergio/Workspace/GDoks/public_html/client_data/fday/uploads/97/15a95afe62ebfc','20180224_111312.jpg','2018-02-27 16:22:14',19,3904222,5,1),(1006,'/home/sergio/Workspace/GDoks/public_html/client_data/fday/uploads/97/15a95afe63065b','20180224_111448.jpg','2018-02-27 16:22:14',19,3183068,5,1),(1007,'/home/sergio/Workspace/GDoks/public_html/client_data/fday/uploads/97/15a95b3271845d','fotos.zip','2018-02-27 16:36:07',19,90982725,5,1),(1008,'/home/sergio/Workspace/GDoks/public_html/client_data/fday/uploads/97/15a95b9b3a51ae','20180224_111124.jpg','2018-02-27 17:04:03',19,3945472,5,1),(1009,'/home/sergio/Workspace/GDoks/public_html/client_data/fday/uploads/97/15a95bc871d3f6','20180224_110931.jpg','2018-02-27 17:16:07',19,2721879,5,1),(1010,'/home/sergio/Workspace/GDoks/public_html/client_data/fday/uploads/97/15a95bc8721f5d','20180224_110935.jpg','2018-02-27 17:16:07',19,2695379,5,1),(1011,'/home/sergio/Workspace/GDoks/public_html/client_data/fday/uploads/97/15a95bc87262bb','20180224_110936.jpg','2018-02-27 17:16:07',19,2696465,5,1),(1012,'/home/sergio/Workspace/GDoks/public_html/client_data/fday/uploads/97/15a95bc872a721','20180224_110940.jpg','2018-02-27 17:16:07',19,2985956,5,1),(1013,'/home/sergio/Workspace/GDoks/public_html/client_data/fday/uploads/97/15a95bc872bd7d','20180224_111001.jpg','2018-02-27 17:16:07',19,2761399,5,1),(1014,'/home/sergio/Workspace/GDoks/public_html/client_data/fday/uploads/97/15a95bc872d33d','20180224_111019.jpg','2018-02-27 17:16:07',19,4832159,5,1),(1015,'/home/sergio/Workspace/GDoks/public_html/client_data/fday/uploads/97/15a95bc872e34d','20180224_111021.jpg','2018-02-27 17:16:07',19,3696505,5,1),(1016,'/home/sergio/Workspace/GDoks/public_html/client_data/fday/uploads/97/15a95bc872f3a8','20180224_111023.jpg','2018-02-27 17:16:07',19,3960250,5,1),(1017,'/home/sergio/Workspace/GDoks/public_html/client_data/fday/uploads/97/15a95bc87309f9','20180224_111036.jpg','2018-02-27 17:16:07',19,3457632,5,1),(1018,'/home/sergio/Workspace/GDoks/public_html/client_data/fday/uploads/97/15a95bc8731c3b','20180224_111039.jpg','2018-02-27 17:16:07',19,3300040,5,1),(1019,'/home/sergio/Workspace/GDoks/public_html/client_data/fday/uploads/97/15a95bce029970','20180224_111041.jpg','2018-02-27 17:17:36',19,4147575,5,1),(1020,'/home/sergio/Workspace/GDoks/public_html/client_data/fday/uploads/97/15a95bce02bea0','20180224_111054.jpg','2018-02-27 17:17:36',19,3469342,5,1),(1021,'/home/sergio/Workspace/GDoks/public_html/client_data/fday/uploads/97/15a95bce030597','20180224_111056.jpg','2018-02-27 17:17:36',19,3318000,5,1),(1022,'/home/sergio/Workspace/GDoks/public_html/client_data/fday/uploads/97/15a95bce031aab','20180224_111100.jpg','2018-02-27 17:17:36',19,3641906,5,1),(1023,'/home/sergio/Workspace/GDoks/public_html/client_data/fday/uploads/97/15a95bce032be5','20180224_111111.jpg','2018-02-27 17:17:36',19,2594976,5,1),(1024,'/home/sergio/Workspace/GDoks/public_html/client_data/fday/uploads/97/15a95bce033bf6','20180224_111114.jpg','2018-02-27 17:17:36',19,3997283,5,1),(1025,'/home/sergio/Workspace/GDoks/public_html/client_data/fday/uploads/97/15a95bce034c69','20180224_111124.jpg','2018-02-27 17:17:36',19,3945472,5,1),(1026,'/home/sergio/Workspace/GDoks/public_html/client_data/fday/uploads/97/15a95bce035d26','20180224_111220.jpg','2018-02-27 17:17:36',19,3821817,5,1),(1027,'/home/sergio/Workspace/GDoks/public_html/client_data/fday/uploads/97/15a95bce036e3d','20180224_111223.jpg','2018-02-27 17:17:36',19,3734900,5,1),(1028,'/home/sergio/Workspace/GDoks/public_html/client_data/fday/uploads/97/15a95bce037d50','20180224_111232.jpg','2018-02-27 17:17:36',19,3611709,5,1),(1029,'/home/sergio/Workspace/GDoks/public_html/client_data/fday/uploads/97/15a95bd4a53a44','20180224_111237.jpg','2018-02-27 17:19:22',19,3510112,5,1),(1030,'/home/sergio/Workspace/GDoks/public_html/client_data/fday/uploads/97/15a95bd4a5dda8','20180224_111242.jpg','2018-02-27 17:19:22',19,3182315,5,1),(1031,'/home/sergio/Workspace/GDoks/public_html/client_data/fday/uploads/97/15a95bd4a61ba0','20180224_111251.jpg','2018-02-27 17:19:22',19,2891037,5,1),(1032,'/home/sergio/Workspace/GDoks/public_html/client_data/fday/uploads/97/15a95bd4a63018','20180224_111304.jpg','2018-02-27 17:19:22',19,3926781,5,1),(1033,'/home/sergio/Workspace/GDoks/public_html/client_data/fday/uploads/97/15a95bd4a668f9','20180224_111306.jpg','2018-02-27 17:19:22',19,4369492,5,1),(1034,'/home/sergio/Workspace/GDoks/public_html/client_data/fday/uploads/97/15a95bd4a68c52','20180224_111312.jpg','2018-02-27 17:19:22',19,3904222,5,1),(1035,'/home/sergio/Workspace/GDoks/public_html/client_data/fday/uploads/97/15a95bd4a69d11','20180224_111448.jpg','2018-02-27 17:19:22',19,3183068,5,1),(1036,'/home/sergio/Workspace/GDoks/public_html/client_data/fday/uploads/97/15a95bd4a6ae40','20180224_111456.jpg','2018-02-27 17:19:22',19,3121631,5,1),(1037,'/home/sergio/Workspace/GDoks/public_html/client_data/fday/uploads/97/15a95bd4a6c30a','20180224_111502.jpg','2018-02-27 17:19:22',19,2935490,5,1),(1038,'/home/sergio/Workspace/GDoks/public_html/client_data/fday/uploads/97/15a95bd4a7107f','20180224_111505.jpg','2018-02-27 17:19:22',19,2710477,5,1),(1039,'/home/sergio/Workspace/GDoks/public_html/client_data/fday/uploads/97/15a95bdbdca0e2','20180224_111637.jpg','2018-02-27 17:21:17',19,2981372,5,1),(1040,'/home/sergio/Workspace/GDoks/public_html/client_data/fday/uploads/97/15a95bdbdd02ed','20180224_111639.jpg','2018-02-27 17:21:17',19,3080108,5,1),(1041,'/home/sergio/Workspace/GDoks/public_html/client_data/fday/uploads/97/15a95bdbdd1b4c','20180224_111648.jpg','2018-02-27 17:21:17',19,2970612,5,1),(1042,'/home/sergio/Workspace/GDoks/public_html/client_data/fday/uploads/97/15a95bdbdd358f','20180224_111658.jpg','2018-02-27 17:21:17',19,2795516,5,1),(1043,'/home/sergio/Workspace/GDoks/public_html/client_data/fday/uploads/97/15a95bdbdd4b60','20180224_113136.jpg','2018-02-27 17:21:17',19,3688199,5,1),(1044,'/home/sergio/Workspace/GDoks/public_html/client_data/fday/uploads/97/15a95bdbdd5d39','20180224_113145.jpg','2018-02-27 17:21:17',19,4031913,5,1),(1045,'/home/sergio/Workspace/GDoks/public_html/client_data/fday/uploads/97/15a95bdbdd6e59','20180224_113153.jpg','2018-02-27 17:21:17',19,4114784,5,1),(1046,'/home/sergio/Workspace/GDoks/public_html/client_data/fday/uploads/97/15a95bdbdd8293','20180224_113204.jpg','2018-02-27 17:21:17',19,4186295,5,1),(1047,'/home/sergio/Workspace/GDoks/public_html/client_data/fday/uploads/97/15a95bdbdd940c','20180224_113812.jpg','2018-02-27 17:21:17',19,5139276,5,1),(1048,'/home/sergio/Workspace/GDoks/public_html/client_data/fday/uploads/97/15a95bdbddb718','20180224_113824.jpg','2018-02-27 17:21:17',19,4829076,5,1),(1049,'/home/sergio/Workspace/GDoks/public_html/client_data/fday/uploads/97/15a95bdbddca4c','20180224_113827.jpg','2018-02-27 17:21:17',19,4575517,5,1),(1050,'/home/sergio/Workspace/GDoks/public_html/client_data/fday/uploads/97/15a95bf3fa4fda','20180224_111637.jpg','2018-02-27 17:27:43',19,2981372,5,1),(1051,'/home/sergio/Workspace/GDoks/public_html/client_data/fday/uploads/97/15a95bf3fb2af9','20180224_111639.jpg','2018-02-27 17:27:43',19,3080108,5,1),(1052,'/home/sergio/Workspace/GDoks/public_html/client_data/fday/uploads/97/15a95bf3fb3df2','20180224_111648.jpg','2018-02-27 17:27:43',19,2970612,5,1),(1053,'/home/sergio/Workspace/GDoks/public_html/client_data/fday/uploads/97/15a95bf3fb5844','20180224_111658.jpg','2018-02-27 17:27:43',19,2795516,5,1),(1054,'/home/sergio/Workspace/GDoks/public_html/client_data/fday/uploads/97/15a95bf3fb6ebf','20180224_113136.jpg','2018-02-27 17:27:43',19,3688199,5,1),(1055,'/home/sergio/Workspace/GDoks/public_html/client_data/fday/uploads/97/15a95bf3fb8521','20180224_113145.jpg','2018-02-27 17:27:43',19,4031913,5,1),(1056,'/home/sergio/Workspace/GDoks/public_html/client_data/fday/uploads/97/15a95bf3fba0f5','20180224_113153.jpg','2018-02-27 17:27:43',19,4114784,5,1),(1057,'/home/sergio/Workspace/GDoks/public_html/client_data/fday/uploads/97/15a95bf3fbb41b','20180224_113204.jpg','2018-02-27 17:27:43',19,4186295,5,1),(1058,'/home/sergio/Workspace/GDoks/public_html/client_data/fday/uploads/97/15a95bf3fbcf85','20180224_113812.jpg','2018-02-27 17:27:43',19,5139276,5,1),(1059,'/home/sergio/Workspace/GDoks/public_html/client_data/fday/uploads/97/15a95bf3fbe873','20180224_113824.jpg','2018-02-27 17:27:43',19,4829076,5,1),(1060,'/home/sergio/Workspace/GDoks/public_html/client_data/fday/uploads/97/15a95bf3fc016c','20180224_113827.jpg','2018-02-27 17:27:43',19,4575517,5,1),(1061,'/home/sergio/Workspace/GDoks/public_html/client_data/fday/uploads/97/15a95c07f77c70','20180223_132002.jpg','2018-02-27 17:33:03',19,3361191,5,1),(1062,'/home/sergio/Workspace/GDoks/public_html/client_data/fday/uploads/97/15a95c07f82939','20180223_132153.jpg','2018-02-27 17:33:03',19,3226986,5,1),(1063,'/home/sergio/Workspace/GDoks/public_html/client_data/fday/uploads/97/15a95c07f83c7a','20180223_132157.jpg','2018-02-27 17:33:03',19,3585635,5,1),(1064,'/home/sergio/Workspace/GDoks/public_html/client_data/fday/uploads/97/15a95c07f85334','20180223_132248.jpg','2018-02-27 17:33:03',19,4298091,5,1),(1065,'/home/sergio/Workspace/GDoks/public_html/client_data/fday/uploads/97/15a95c07f86774','20180223_132252.jpg','2018-02-27 17:33:03',19,3981403,5,1),(1066,'/home/sergio/Workspace/GDoks/public_html/client_data/fday/uploads/97/15a95c07f87c18','20180223_132300.jpg','2018-02-27 17:33:03',19,4262460,5,1),(1067,'/home/sergio/Workspace/GDoks/public_html/client_data/fday/uploads/97/15a95c07f8e0ca','20180223_132331.jpg','2018-02-27 17:33:03',19,3066148,5,1),(1068,'/home/sergio/Workspace/GDoks/public_html/client_data/fday/uploads/97/15a95c07f8f2f7','20180223_132342.jpg','2018-02-27 17:33:03',19,2789860,5,1),(1069,'/home/sergio/Workspace/GDoks/public_html/client_data/fday/uploads/97/15a95c07f906d3','20180223_143134.jpg','2018-02-27 17:33:03',19,3167066,5,1),(1070,'/home/sergio/Workspace/GDoks/public_html/client_data/fday/uploads/97/15a95c07f9aaba','20180223_143139.jpg','2018-02-27 17:33:03',19,3759105,5,1),(1071,'/home/sergio/Workspace/GDoks/public_html/client_data/fday/uploads/97/15a95c07fa0d8f','20180223_143144.jpg','2018-02-27 17:33:03',19,4164374,5,1),(1072,'/home/sergio/Workspace/GDoks/public_html/client_data/fday/uploads/97/15a95c07fa2569','20180223_143147.jpg','2018-02-27 17:33:03',19,3929171,5,1),(1073,'/home/sergio/Workspace/GDoks/public_html/client_data/fday/uploads/97/15a95c07fa3e7c','20180223_143522.jpg','2018-02-27 17:33:03',19,3207955,5,1),(1074,'/home/sergio/Workspace/GDoks/public_html/client_data/fday/uploads/97/15a95c07fa78a9','20180223_145229.jpg','2018-02-27 17:33:03',19,3244400,5,1),(1075,'/home/sergio/Workspace/GDoks/public_html/client_data/fday/uploads/97/15a95c07fa9297','20180223_145236.jpg','2018-02-27 17:33:03',19,2932495,5,1),(1076,'/home/sergio/Workspace/GDoks/public_html/client_data/fday/uploads/97/15a95c07faa98f','20180223_145243.jpg','2018-02-27 17:33:03',19,2776897,5,1),(1077,'/home/sergio/Workspace/GDoks/public_html/client_data/fday/uploads/97/15a95c07fac0a7','20180223_145858.jpg','2018-02-27 17:33:03',19,3014294,5,1),(1078,'/home/sergio/Workspace/GDoks/public_html/client_data/fday/uploads/97/15a95c07fae93d','20180223_145905.jpg','2018-02-27 17:33:03',19,3496763,5,1),(1079,'/home/sergio/Workspace/GDoks/public_html/client_data/fday/uploads/97/15a95c07faff69','20180223_145907.jpg','2018-02-27 17:33:03',19,3368612,5,1),(1080,'/home/sergio/Workspace/GDoks/public_html/client_data/fday/uploads/97/15a95c07fb1c77','20180223_145914.jpg','2018-02-27 17:33:03',19,4372687,5,1),(1081,'/home/sergio/Workspace/GDoks/public_html/client_data/fday/uploads/97/15a95c227811c2','20180223_132002.jpg','2018-02-27 17:40:07',19,3361191,5,1),(1082,'/home/sergio/Workspace/GDoks/public_html/client_data/fday/uploads/97/15a95c22784d03','20180223_132153.jpg','2018-02-27 17:40:07',19,3226986,5,1),(1083,'/home/sergio/Workspace/GDoks/public_html/client_data/fday/uploads/97/15a95c22785de7','20180223_132157.jpg','2018-02-27 17:40:07',19,3585635,5,1),(1084,'/home/sergio/Workspace/GDoks/public_html/client_data/fday/uploads/97/15a95c227871d0','20180223_132248.jpg','2018-02-27 17:40:07',19,4298091,5,1),(1085,'/home/sergio/Workspace/GDoks/public_html/client_data/fday/uploads/97/15a95c2278900e','20180223_132252.jpg','2018-02-27 17:40:07',19,3981403,5,1),(1086,'/home/sergio/Workspace/GDoks/public_html/client_data/fday/uploads/97/15a95c2278aa9b','20180223_132300.jpg','2018-02-27 17:40:07',19,4262460,5,1),(1087,'/home/sergio/Workspace/GDoks/public_html/client_data/fday/uploads/97/15a95c2278bd1b','20180223_132331.jpg','2018-02-27 17:40:07',19,3066148,5,1),(1088,'/home/sergio/Workspace/GDoks/public_html/client_data/fday/uploads/97/15a95c2278d029','20180223_132342.jpg','2018-02-27 17:40:07',19,2789860,5,1),(1089,'/home/sergio/Workspace/GDoks/public_html/client_data/fday/uploads/97/15a95c2278e139','20180223_143134.jpg','2018-02-27 17:40:07',19,3167066,5,1),(1090,'/home/sergio/Workspace/GDoks/public_html/client_data/fday/uploads/97/15a95c2278f1cb','20180223_143139.jpg','2018-02-27 17:40:07',19,3759105,5,1),(1091,'/home/sergio/Workspace/GDoks/public_html/client_data/fday/uploads/97/15a95c2279036d','20180223_143144.jpg','2018-02-27 17:40:07',19,4164374,5,1),(1092,'/home/sergio/Workspace/GDoks/public_html/client_data/fday/uploads/97/15a95c22791512','20180223_143147.jpg','2018-02-27 17:40:07',19,3929171,5,1),(1093,'/home/sergio/Workspace/GDoks/public_html/client_data/fday/uploads/97/15a95c22792cf2','20180223_143522.jpg','2018-02-27 17:40:07',19,3207955,5,1),(1094,'/home/sergio/Workspace/GDoks/public_html/client_data/fday/uploads/97/15a95c22794d5e','20180223_145229.jpg','2018-02-27 17:40:07',19,3244400,5,1),(1095,'/home/sergio/Workspace/GDoks/public_html/client_data/fday/uploads/97/15a95c22797147','20180223_145236.jpg','2018-02-27 17:40:07',19,2932495,5,1),(1096,'/home/sergio/Workspace/GDoks/public_html/client_data/fday/uploads/97/15a95c2279b7e7','20180223_145243.jpg','2018-02-27 17:40:07',19,2776897,5,1),(1097,'/home/sergio/Workspace/GDoks/public_html/client_data/fday/uploads/97/15a95c2279dac7','20180223_145858.jpg','2018-02-27 17:40:07',19,3014294,5,1),(1098,'/home/sergio/Workspace/GDoks/public_html/client_data/fday/uploads/97/15a95c227a049f','20180223_145905.jpg','2018-02-27 17:40:07',19,3496763,5,1),(1099,'/home/sergio/Workspace/GDoks/public_html/client_data/fday/uploads/97/15a95c227a21e0','20180223_145907.jpg','2018-02-27 17:40:07',19,3368612,5,1),(1100,'/home/sergio/Workspace/GDoks/public_html/client_data/fday/uploads/97/15a95c227a3502','20180223_145914.jpg','2018-02-27 17:40:07',19,4372687,5,1),(1101,'/home/sergio/Workspace/GDoks/public_html/client_data/fday/uploads/97/15a95c42cab746','20180223_132002.jpg','2018-02-27 17:48:44',19,3361191,5,1),(1102,'/home/sergio/Workspace/GDoks/public_html/client_data/fday/uploads/97/15a95c42cb5ddc','20180223_132153.jpg','2018-02-27 17:48:44',19,3226986,5,1),(1103,'/home/sergio/Workspace/GDoks/public_html/client_data/fday/uploads/97/15a95c42cb857a','20180223_132157.jpg','2018-02-27 17:48:44',19,3585635,5,1),(1104,'/home/sergio/Workspace/GDoks/public_html/client_data/fday/uploads/97/15a95c42cbbc2a','20180223_132248.jpg','2018-02-27 17:48:44',19,4298091,5,1),(1105,'/home/sergio/Workspace/GDoks/public_html/client_data/fday/uploads/97/15a95c42cc4417','20180223_132252.jpg','2018-02-27 17:48:44',19,3981403,5,1),(1106,'/home/sergio/Workspace/GDoks/public_html/client_data/fday/uploads/97/15a95c42cc6e4c','20180223_132300.jpg','2018-02-27 17:48:44',19,4262460,5,1),(1107,'/home/sergio/Workspace/GDoks/public_html/client_data/fday/uploads/97/15a95c42cc9f70','20180223_132331.jpg','2018-02-27 17:48:44',19,3066148,5,1),(1108,'/home/sergio/Workspace/GDoks/public_html/client_data/fday/uploads/97/15a95c42ccc5e9','20180223_132342.jpg','2018-02-27 17:48:44',19,2789860,5,1),(1109,'/home/sergio/Workspace/GDoks/public_html/client_data/fday/uploads/97/15a95c42ccebf1','20180223_143134.jpg','2018-02-27 17:48:44',19,3167066,5,1),(1110,'/home/sergio/Workspace/GDoks/public_html/client_data/fday/uploads/97/15a95c42ccff91','20180223_143139.jpg','2018-02-27 17:48:44',19,3759105,5,1),(1111,'/home/sergio/Workspace/GDoks/public_html/client_data/fday/uploads/97/15a95c42cd1209','20180223_143144.jpg','2018-02-27 17:48:44',19,4164374,5,1),(1112,'/home/sergio/Workspace/GDoks/public_html/client_data/fday/uploads/97/15a95c42cd29e2','20180223_143147.jpg','2018-02-27 17:48:44',19,3929171,5,1),(1113,'/home/sergio/Workspace/GDoks/public_html/client_data/fday/uploads/97/15a95c42cd5fb9','20180223_143522.jpg','2018-02-27 17:48:44',19,3207955,5,1),(1114,'/home/sergio/Workspace/GDoks/public_html/client_data/fday/uploads/97/15a95c42cd714a','20180223_145229.jpg','2018-02-27 17:48:44',19,3244400,5,1),(1115,'/home/sergio/Workspace/GDoks/public_html/client_data/fday/uploads/97/15a95c42cd82dc','20180223_145236.jpg','2018-02-27 17:48:44',19,2932495,5,1),(1116,'/home/sergio/Workspace/GDoks/public_html/client_data/fday/uploads/97/15a95c42cd9365','20180223_145243.jpg','2018-02-27 17:48:44',19,2776897,5,1),(1117,'/home/sergio/Workspace/GDoks/public_html/client_data/fday/uploads/97/15a95c42cdbd16','20180223_145858.jpg','2018-02-27 17:48:44',19,3014294,5,1),(1118,'/home/sergio/Workspace/GDoks/public_html/client_data/fday/uploads/97/15a95c42cdd573','20180223_145905.jpg','2018-02-27 17:48:44',19,3496763,5,1),(1119,'/home/sergio/Workspace/GDoks/public_html/client_data/fday/uploads/97/15a95c42cdec89','20180223_145907.jpg','2018-02-27 17:48:44',19,3368612,5,1),(1120,'/home/sergio/Workspace/GDoks/public_html/client_data/fday/uploads/97/15a95c42cdfd60','20180223_145914.jpg','2018-02-27 17:48:44',19,4372687,5,1),(1121,'/home/sergio/Workspace/GDoks/public_html/client_data/fday/uploads/97/15a95c4bc015ce','20180223_132002.jpg','2018-02-27 17:51:08',19,3361191,5,1),(1122,'/home/sergio/Workspace/GDoks/public_html/client_data/fday/uploads/97/15a95c4bc0a42b','20180223_132153.jpg','2018-02-27 17:51:08',19,3226986,5,1),(1123,'/home/sergio/Workspace/GDoks/public_html/client_data/fday/uploads/97/15a95c4bc0b4f2','20180223_132157.jpg','2018-02-27 17:51:08',19,3585635,5,1),(1124,'/home/sergio/Workspace/GDoks/public_html/client_data/fday/uploads/97/15a95c4bc0c5c2','20180223_132248.jpg','2018-02-27 17:51:08',19,4298091,5,1),(1125,'/home/sergio/Workspace/GDoks/public_html/client_data/fday/uploads/97/15a95c4bc0da15','20180223_132252.jpg','2018-02-27 17:51:08',19,3981403,5,1),(1126,'/home/sergio/Workspace/GDoks/public_html/client_data/fday/uploads/97/15a95c4bc0f00d','20180223_132300.jpg','2018-02-27 17:51:08',19,4262460,5,1),(1127,'/home/sergio/Workspace/GDoks/public_html/client_data/fday/uploads/97/15a95c4bc10429','20180223_132331.jpg','2018-02-27 17:51:08',19,3066148,5,1),(1128,'/home/sergio/Workspace/GDoks/public_html/client_data/fday/uploads/97/15a95c4bc12665','20180223_132342.jpg','2018-02-27 17:51:08',19,2789860,5,1),(1129,'/home/sergio/Workspace/GDoks/public_html/client_data/fday/uploads/97/15a95c4bc13dc0','20180223_143134.jpg','2018-02-27 17:51:08',19,3167066,5,1),(1130,'/home/sergio/Workspace/GDoks/public_html/client_data/fday/uploads/97/15a95c4bc16170','20180223_143139.jpg','2018-02-27 17:51:08',19,3759105,5,1),(1131,'/home/sergio/Workspace/GDoks/public_html/client_data/fday/uploads/97/15a95c4bc1715a','20180223_143144.jpg','2018-02-27 17:51:08',19,4164374,5,1),(1132,'/home/sergio/Workspace/GDoks/public_html/client_data/fday/uploads/97/15a95c4bc18c30','20180223_143147.jpg','2018-02-27 17:51:08',19,3929171,5,1),(1133,'/home/sergio/Workspace/GDoks/public_html/client_data/fday/uploads/97/15a95c4bc19cd7','20180223_143522.jpg','2018-02-27 17:51:08',19,3207955,5,1),(1134,'/home/sergio/Workspace/GDoks/public_html/client_data/fday/uploads/97/15a95c4bc1b823','20180223_145229.jpg','2018-02-27 17:51:08',19,3244400,5,1),(1135,'/home/sergio/Workspace/GDoks/public_html/client_data/fday/uploads/97/15a95c4bc1e02e','20180223_145236.jpg','2018-02-27 17:51:08',19,2932495,5,1),(1136,'/home/sergio/Workspace/GDoks/public_html/client_data/fday/uploads/97/15a95c4bc209ea','20180223_145243.jpg','2018-02-27 17:51:08',19,2776897,5,1),(1137,'/home/sergio/Workspace/GDoks/public_html/client_data/fday/uploads/97/15a95c4bc23f5f','20180223_145858.jpg','2018-02-27 17:51:08',19,3014294,5,1),(1138,'/home/sergio/Workspace/GDoks/public_html/client_data/fday/uploads/97/15a95c4bc271ac','20180223_145905.jpg','2018-02-27 17:51:08',19,3496763,5,1),(1139,'/home/sergio/Workspace/GDoks/public_html/client_data/fday/uploads/97/15a95c4bc2aa1e','20180223_145907.jpg','2018-02-27 17:51:08',19,3368612,5,1),(1140,'/home/sergio/Workspace/GDoks/public_html/client_data/fday/uploads/97/15a95c4bc2bbe4','20180223_145914.jpg','2018-02-27 17:51:08',19,4372687,5,1),(1141,'/home/sergio/Workspace/GDoks/public_html/client_data/fday/uploads/97/15a95c5eeb5d10','20180223_132002.jpg','2018-02-27 17:56:14',19,3361191,5,1),(1142,'/home/sergio/Workspace/GDoks/public_html/client_data/fday/uploads/97/15a95c5eebb140','20180223_132153.jpg','2018-02-27 17:56:14',19,3226986,5,1),(1143,'/home/sergio/Workspace/GDoks/public_html/client_data/fday/uploads/97/15a95c5eebc013','20180223_132157.jpg','2018-02-27 17:56:14',19,3585635,5,1),(1144,'/home/sergio/Workspace/GDoks/public_html/client_data/fday/uploads/97/15a95c5eebcf3c','20180223_132248.jpg','2018-02-27 17:56:14',19,4298091,5,1),(1145,'/home/sergio/Workspace/GDoks/public_html/client_data/fday/uploads/97/15a95c5eebdf42','20180223_132252.jpg','2018-02-27 17:56:14',19,3981403,5,1),(1146,'/home/sergio/Workspace/GDoks/public_html/client_data/fday/uploads/97/15a95c5eebf05f','20180223_132300.jpg','2018-02-27 17:56:14',19,4262460,5,1),(1147,'/home/sergio/Workspace/GDoks/public_html/client_data/fday/uploads/97/15a95c5eec019a','20180223_132331.jpg','2018-02-27 17:56:14',19,3066148,5,1),(1148,'/home/sergio/Workspace/GDoks/public_html/client_data/fday/uploads/97/15a95c5eec24b7','20180223_132342.jpg','2018-02-27 17:56:14',19,2789860,5,1),(1149,'/home/sergio/Workspace/GDoks/public_html/client_data/fday/uploads/97/15a95c5eec33c2','20180223_143134.jpg','2018-02-27 17:56:14',19,3167066,5,1),(1150,'/home/sergio/Workspace/GDoks/public_html/client_data/fday/uploads/97/15a95c5eec41ff','20180223_143139.jpg','2018-02-27 17:56:14',19,3759105,5,1),(1151,'/home/sergio/Workspace/GDoks/public_html/client_data/fday/uploads/97/15a95c5eec5110','20180223_143144.jpg','2018-02-27 17:56:14',19,4164374,5,1),(1152,'/home/sergio/Workspace/GDoks/public_html/client_data/fday/uploads/97/15a95c5eec6079','20180223_143147.jpg','2018-02-27 17:56:14',19,3929171,5,1),(1153,'/home/sergio/Workspace/GDoks/public_html/client_data/fday/uploads/97/15a95c5eec702a','20180223_143522.jpg','2018-02-27 17:56:14',19,3207955,5,1),(1154,'/home/sergio/Workspace/GDoks/public_html/client_data/fday/uploads/97/15a95c5eec7f49','20180223_145229.jpg','2018-02-27 17:56:14',19,3244400,5,1),(1155,'/home/sergio/Workspace/GDoks/public_html/client_data/fday/uploads/97/15a95c5eec8e2d','20180223_145236.jpg','2018-02-27 17:56:14',19,2932495,5,1),(1156,'/home/sergio/Workspace/GDoks/public_html/client_data/fday/uploads/97/15a95c5eec9cdb','20180223_145243.jpg','2018-02-27 17:56:14',19,2776897,5,1),(1157,'/home/sergio/Workspace/GDoks/public_html/client_data/fday/uploads/97/15a95c5eecab21','20180223_145858.jpg','2018-02-27 17:56:14',19,3014294,5,1),(1158,'/home/sergio/Workspace/GDoks/public_html/client_data/fday/uploads/97/15a95c5eecbb59','20180223_145905.jpg','2018-02-27 17:56:14',19,3496763,5,1),(1159,'/home/sergio/Workspace/GDoks/public_html/client_data/fday/uploads/97/15a95c5eecc9f8','20180223_145907.jpg','2018-02-27 17:56:14',19,3368612,5,1),(1160,'/home/sergio/Workspace/GDoks/public_html/client_data/fday/uploads/97/15a95c5eecd918','20180223_145914.jpg','2018-02-27 17:56:14',19,4372687,5,1),(1161,'/home/sergio/Workspace/GDoks/public_html/client_data/fday/uploads/97/15a95c6823270c','20180223_132002.jpg','2018-02-27 17:58:42',19,3361191,5,1),(1162,'/home/sergio/Workspace/GDoks/public_html/client_data/fday/uploads/97/15a95c682339ed','20180223_132153.jpg','2018-02-27 17:58:42',19,3226986,5,1),(1163,'/home/sergio/Workspace/GDoks/public_html/client_data/fday/uploads/97/15a95c68234904','20180223_132157.jpg','2018-02-27 17:58:42',19,3585635,5,1),(1164,'/home/sergio/Workspace/GDoks/public_html/client_data/fday/uploads/97/15a95c68235a7e','20180223_132248.jpg','2018-02-27 17:58:42',19,4298091,5,1),(1165,'/home/sergio/Workspace/GDoks/public_html/client_data/fday/uploads/97/15a95c68236bc5','20180223_132252.jpg','2018-02-27 17:58:42',19,3981403,5,1),(1166,'/home/sergio/Workspace/GDoks/public_html/client_data/fday/uploads/97/15a95c68237d57','20180223_132300.jpg','2018-02-27 17:58:42',19,4262460,5,1),(1167,'/home/sergio/Workspace/GDoks/public_html/client_data/fday/uploads/97/15a95c68238df7','20180223_132331.jpg','2018-02-27 17:58:42',19,3066148,5,1),(1168,'/home/sergio/Workspace/GDoks/public_html/client_data/fday/uploads/97/15a95c68239eaa','20180223_132342.jpg','2018-02-27 17:58:42',19,2789860,5,1),(1169,'/home/sergio/Workspace/GDoks/public_html/client_data/fday/uploads/97/15a95c6823b85e','20180223_143134.jpg','2018-02-27 17:58:42',19,3167066,5,1),(1170,'/home/sergio/Workspace/GDoks/public_html/client_data/fday/uploads/97/15a95c6823c9c3','20180223_143139.jpg','2018-02-27 17:58:42',19,3759105,5,1),(1171,'/home/sergio/Workspace/GDoks/public_html/client_data/fday/uploads/97/15a95c6823dadd','20180223_143144.jpg','2018-02-27 17:58:42',19,4164374,5,1),(1172,'/home/sergio/Workspace/GDoks/public_html/client_data/fday/uploads/97/15a95c6823ebe8','20180223_143147.jpg','2018-02-27 17:58:42',19,3929171,5,1),(1173,'/home/sergio/Workspace/GDoks/public_html/client_data/fday/uploads/97/15a95c6823fbab','20180223_143522.jpg','2018-02-27 17:58:42',19,3207955,5,1),(1174,'/home/sergio/Workspace/GDoks/public_html/client_data/fday/uploads/97/15a96adafd5c69','20180223_145917.jpg','2018-02-28 10:25:03',19,4342708,5,1),(1175,'/home/sergio/Workspace/GDoks/public_html/client_data/fday/uploads/97/15a96adafdec8a','20180223_145925.jpg','2018-02-28 10:25:03',19,3597758,5,1),(1176,'/home/sergio/Workspace/GDoks/public_html/client_data/fday/uploads/97/15a96adafe1f12','20180223_145940.jpg','2018-02-28 10:25:03',19,3378038,5,1),(1177,'/home/sergio/Workspace/GDoks/public_html/client_data/fday/uploads/97/15a96adafe77ee','20180223_145956.jpg','2018-02-28 10:25:03',19,3041680,5,1),(1178,'/home/sergio/Workspace/GDoks/public_html/client_data/fday/uploads/97/15a96adafe8b96','20180223_150013.jpg','2018-02-28 10:25:03',19,3374494,5,1),(1179,'/home/sergio/Workspace/GDoks/public_html/client_data/fday/uploads/97/15a96adafe9de5','20180223_151007.jpg','2018-02-28 10:25:03',19,3524721,5,1),(1180,'/home/sergio/Workspace/GDoks/public_html/client_data/fday/uploads/97/15a96af3f29e24','20180224_092528.jpg','2018-02-28 10:31:43',19,3174617,5,1),(1181,'/home/sergio/Workspace/GDoks/public_html/client_data/fday/uploads/97/15a96af3f3676f','20180224_092534.jpg','2018-02-28 10:31:43',19,2968165,5,1),(1182,'/home/sergio/Workspace/GDoks/public_html/client_data/fday/uploads/97/15a96af3f37a63','20180224_092558.jpg','2018-02-28 10:31:43',19,5149372,5,1),(1183,'/home/sergio/Workspace/GDoks/public_html/client_data/fday/uploads/97/15a96af3f39217','20180224_092611.jpg','2018-02-28 10:31:43',19,4903870,5,1),(1184,'/home/sergio/Workspace/GDoks/public_html/client_data/fday/uploads/97/15a96af3f3f39a','20180224_092614.jpg','2018-02-28 10:31:43',19,4459559,5,1),(1185,'/home/sergio/Workspace/GDoks/public_html/client_data/fday/uploads/97/15a96af3f40ee9','20180224_092638.jpg','2018-02-28 10:31:43',19,5105094,5,1),(1186,'/home/sergio/Workspace/GDoks/public_html/client_data/fday/uploads/97/15a96af3f4256d','20180224_092651.jpg','2018-02-28 10:31:43',19,4950129,5,1),(1187,'/home/sergio/Workspace/GDoks/public_html/client_data/fday/uploads/97/15a96af3f43863','20180224_092733.jpg','2018-02-28 10:31:43',19,3251351,5,1),(1188,'/home/sergio/Workspace/GDoks/public_html/client_data/fday/uploads/97/15a96af3f44ce3','20180224_092806.jpg','2018-02-28 10:31:43',19,4487236,5,1),(1189,'/home/sergio/Workspace/GDoks/public_html/client_data/fday/uploads/97/15a96af3f464bd','20180224_092842.jpg','2018-02-28 10:31:43',19,5090007,5,1),(1190,'/home/sergio/Workspace/GDoks/public_html/client_data/fday/uploads/97/15a96af3f47928','20180224_092938.jpg','2018-02-28 10:31:43',19,3981547,5,1),(1191,'/home/sergio/Workspace/GDoks/public_html/client_data/fday/uploads/97/15a96af3f48e3a','20180224_092948.jpg','2018-02-28 10:31:43',19,3931470,5,1),(1192,'/home/sergio/Workspace/GDoks/public_html/client_data/fday/uploads/97/15a96af7a4bab9','20180224_100025.jpg','2018-02-28 10:32:42',19,4732187,5,1),(1193,'/home/sergio/Workspace/GDoks/public_html/client_data/fday/uploads/97/15a96af7a4f7e2','20180224_100035.jpg','2018-02-28 10:32:42',19,4232132,5,1),(1194,'/home/sergio/Workspace/GDoks/public_html/client_data/fday/uploads/97/15a96af7a510b4','20180224_100215.jpg','2018-02-28 10:32:42',19,3169428,5,1),(1195,'/home/sergio/Workspace/GDoks/public_html/client_data/fday/uploads/97/15a96af7a5287a','20180224_100226.jpg','2018-02-28 10:32:42',19,3117228,5,1),(1196,'/home/sergio/Workspace/GDoks/public_html/client_data/fday/uploads/97/15a96af7a54d68','20180224_100256.jpg','2018-02-28 10:32:42',19,3024367,5,1),(1197,'/home/sergio/Workspace/GDoks/public_html/client_data/fday/uploads/97/15a96af7a56368','20180224_100259.jpg','2018-02-28 10:32:42',19,2732372,5,1),(1198,'/home/sergio/Workspace/GDoks/public_html/client_data/fday/uploads/97/15a96af7a57b54','20180224_100307.jpg','2018-02-28 10:32:42',19,2764307,5,1),(1199,'/home/sergio/Workspace/GDoks/public_html/client_data/fday/uploads/97/15a96af7a5a856','20180224_100311.jpg','2018-02-28 10:32:42',19,2627729,5,1),(1200,'/home/sergio/Workspace/GDoks/public_html/client_data/fday/uploads/97/15a96b02b5e122','FRY-1802.00-E30-001=1.pdf','2018-02-28 10:35:39',19,60105,5,1),(1201,'/home/sergio/Workspace/GDoks/public_html/client_data/fday/uploads/97/15a96b04fbc4c3','FRY-1802.00-E30-002=1.pdf','2018-02-28 10:36:15',19,50526,5,1),(1202,'/home/sergio/Workspace/GDoks/public_html/client_data/fday/uploads/97/15a96b08f1c127','FRY-1802.00-E30-003=0.pdf','2018-02-28 10:37:19',19,661575,5,1),(1203,'/home/sergio/Workspace/GDoks/public_html/client_data/fday/uploads/97/15a96b10a5cd98','FRY-1802.00-E30-005=1.pdf','2018-02-28 10:39:22',19,63486,5,1),(1204,'/home/sergio/Workspace/GDoks/public_html/client_data/fday/uploads/97/15a96b29645c65','20180224_075046.jpg','2018-02-28 10:45:58',19,4089029,5,1),(1205,'/home/sergio/Workspace/GDoks/public_html/client_data/fday/uploads/97/15a96b2964c4d6','20180224_075104.jpg','2018-02-28 10:45:58',19,3224025,5,1),(1206,'/home/sergio/Workspace/GDoks/public_html/client_data/fday/uploads/97/15a96b29650b2a','20180224_075144.jpg','2018-02-28 10:45:58',19,3179002,5,1),(1207,'/home/sergio/Workspace/GDoks/public_html/client_data/fday/uploads/97/15a96b29651c30','20180224_075150.jpg','2018-02-28 10:45:58',19,3514344,5,1),(1208,'/home/sergio/Workspace/GDoks/public_html/client_data/fday/uploads/97/15a96b29653e35','20180224_075156.jpg','2018-02-28 10:45:58',19,3279496,5,1),(1209,'/home/sergio/Workspace/GDoks/public_html/client_data/fday/uploads/97/15a96b4b74c15b','20180223_132002.jpg','2018-02-28 10:55:03',19,3361191,5,1),(1210,'/home/sergio/Workspace/GDoks/public_html/client_data/fday/uploads/97/15a96b5455a9e9','20180224_092528.jpg','2018-02-28 10:57:25',19,3174617,5,1),(1211,'/home/sergio/Workspace/GDoks/public_html/client_data/fday/uploads/97/15a96ea83c777f','20180223_152955.jpg','2018-02-28 14:44:35',19,3111699,5,1),(1212,'/home/sergio/Workspace/GDoks/public_html/client_data/fday/uploads/97/15a96ea83d277a','20180223_153033.jpg','2018-02-28 14:44:35',19,3534890,5,1),(1213,'/home/sergio/Workspace/GDoks/public_html/client_data/fday/uploads/97/15a96ea83d4a74','20180223_153043.jpg','2018-02-28 14:44:35',19,3006677,5,1),(1214,'/home/sergio/Workspace/GDoks/public_html/client_data/fday/uploads/97/15a96ea83d68f2','20180223_153138.jpg','2018-02-28 14:44:35',19,2641707,5,1),(1215,'/home/sergio/Workspace/GDoks/public_html/client_data/fday/uploads/97/15a96ea83d8154','20180223_153616.jpg','2018-02-28 14:44:35',19,3171275,5,1),(1216,'/home/sergio/Workspace/GDoks/public_html/client_data/fday/uploads/97/15a96ea83da889','20180223_153619.jpg','2018-02-28 14:44:35',19,2977075,5,1),(1217,'/home/sergio/Workspace/GDoks/public_html/client_data/fday/uploads/97/15a96ea83dcf84','20180223_153631.jpg','2018-02-28 14:44:35',19,3571513,5,1),(1218,'/home/sergio/Workspace/GDoks/public_html/client_data/fday/uploads/97/15a96ea83de49e','20180223_153638.jpg','2018-02-28 14:44:35',19,3153781,5,1),(1219,'/home/sergio/Workspace/GDoks/public_html/client_data/fday/uploads/97/15a96ea83df9e3','20180223_153722.jpg','2018-02-28 14:44:35',19,3725010,5,1),(1220,'/home/sergio/Workspace/GDoks/public_html/client_data/fday/uploads/97/15a96ea83e129a','20180223_153728.jpg','2018-02-28 14:44:35',19,3542266,5,1),(1221,'/home/sergio/Workspace/GDoks/public_html/client_data/fday/uploads/97/15a96ea83e62ee','20180223_153731.jpg','2018-02-28 14:44:35',19,3412980,5,1),(1222,'/home/sergio/Workspace/GDoks/public_html/client_data/fday/uploads/97/15a96ea83e8da9','20180223_153809.jpg','2018-02-28 14:44:35',19,2839048,5,1),(1223,'/home/sergio/Workspace/GDoks/public_html/client_data/fday/uploads/97/15a96ea83ea81b','20180223_153811.jpg','2018-02-28 14:44:35',19,3337304,5,1),(1224,'/home/sergio/Workspace/GDoks/public_html/client_data/fday/uploads/97/15a96ea83ec738','20180223_153816.jpg','2018-02-28 14:44:35',19,3195169,5,1),(1225,'/home/sergio/Workspace/GDoks/public_html/client_data/fday/uploads/97/15a96ea83ed913','20180223_153830.jpg','2018-02-28 14:44:35',19,3190111,5,1),(1226,'/home/sergio/Workspace/GDoks/public_html/client_data/fday/uploads/97/15a96eaeb5e282','20180223_153836.jpg','2018-02-28 14:46:19',19,3464360,5,1),(1227,'/home/sergio/Workspace/GDoks/public_html/client_data/fday/uploads/97/15a96eaeb5f94d','20180223_153915.jpg','2018-02-28 14:46:19',19,3488167,5,1),(1228,'/home/sergio/Workspace/GDoks/public_html/client_data/fday/uploads/97/15a96eaeb60b2a','20180223_153921.jpg','2018-02-28 14:46:19',19,3753958,5,1),(1229,'/home/sergio/Workspace/GDoks/public_html/client_data/fday/uploads/97/15a96eaeb61c14','20180223_153944.jpg','2018-02-28 14:46:19',19,3612341,5,1),(1230,'/home/sergio/Workspace/GDoks/public_html/client_data/fday/uploads/97/15a96eaeb62d36','20180223_162135.jpg','2018-02-28 14:46:19',19,2718056,5,1),(1231,'/home/sergio/Workspace/GDoks/public_html/client_data/fday/uploads/97/15a96eaeb63ec7','20180223_162141.jpg','2018-02-28 14:46:19',19,3228141,5,1),(1232,'/home/sergio/Workspace/GDoks/public_html/client_data/fday/uploads/97/15a96eaeb64fcc','20180223_162157.jpg','2018-02-28 14:46:19',19,3925919,5,1),(1233,'/home/sergio/Workspace/GDoks/public_html/client_data/fday/uploads/97/15a96eaeb6640d','20180223_162204.jpg','2018-02-28 14:46:19',19,3468949,5,1),(1234,'/home/sergio/Workspace/GDoks/public_html/client_data/fday/uploads/97/15a96eaeb674fb','20180223_162220.jpg','2018-02-28 14:46:19',19,3168600,5,1),(1235,'/home/sergio/Workspace/GDoks/public_html/client_data/fday/uploads/97/15a96eaeb6866b','20180223_162706.jpg','2018-02-28 14:46:19',19,3205380,5,1),(1236,'/home/sergio/Workspace/GDoks/public_html/client_data/fday/uploads/97/15a96eaeb6da54','20180223_162712.jpg','2018-02-28 14:46:19',19,2868965,5,1),(1237,'/home/sergio/Workspace/GDoks/public_html/client_data/fday/uploads/97/15a96eaeb6ec94','20180223_162715.jpg','2018-02-28 14:46:19',19,2835968,5,1),(1238,'/home/sergio/Workspace/GDoks/public_html/client_data/fday/uploads/97/15a96eaeb7008e','20180223_162724.jpg','2018-02-28 14:46:19',19,3695395,5,1),(1239,'/home/sergio/Workspace/GDoks/public_html/client_data/fday/uploads/97/15a96eaeb713aa','20180223_162728.jpg','2018-02-28 14:46:19',19,3169032,5,1),(1240,'/home/sergio/Workspace/GDoks/public_html/client_data/fday/uploads/97/15a96eaeb724d4','20180223_162844.jpg','2018-02-28 14:46:19',19,3328888,5,1),(1241,'/home/sergio/Workspace/GDoks/public_html/client_data/fday/uploads/97/15a96eaeb736d7','20180223_162849.jpg','2018-02-28 14:46:19',19,3041725,5,1),(1242,'/home/sergio/Workspace/GDoks/public_html/client_data/fday/uploads/97/15a96eaeb746ed','20180223_162853.jpg','2018-02-28 14:46:19',19,3282566,5,1),(1243,'/home/sergio/Workspace/GDoks/public_html/client_data/fday/uploads/97/15a96eaeb76ece','20180223_162905.jpg','2018-02-28 14:46:19',19,2878015,5,1),(1244,'/home/sergio/Workspace/GDoks/public_html/client_data/fday/uploads/97/15a96eaeb78072','20180223_162907.jpg','2018-02-28 14:46:19',19,3107685,5,1),(1245,'/home/sergio/Workspace/GDoks/public_html/client_data/fday/uploads/97/15a96efef8c487','20180223_153836.jpg','2018-02-28 15:07:43',19,3464360,5,1),(1246,'/home/sergio/Workspace/GDoks/public_html/client_data/fday/uploads/97/15a9705f54c182','15.55.48.jpeg','2018-02-28 16:41:41',19,142297,5,1),(1247,'/home/sergio/Workspace/GDoks/public_html/client_data/fday/uploads/97/15a9705f5506e8','15.55.52.jpeg','2018-02-28 16:41:41',19,158089,5,1),(1248,'/home/sergio/Workspace/GDoks/public_html/client_data/fday/uploads/97/15a9705f554ade','15.56.06.jpeg','2018-02-28 16:41:41',19,181470,5,1),(1249,'/home/sergio/Workspace/GDoks/public_html/client_data/fday/uploads/97/15a9705f5590bd','15.56.07.jpeg','2018-02-28 16:41:41',19,160623,5,1),(1250,'/home/sergio/Workspace/GDoks/public_html/client_data/fday/uploads/97/15a9705f5606ef','15.56.12.jpeg','2018-02-28 16:41:41',19,162873,5,1),(1251,'/home/sergio/Workspace/GDoks/public_html/client_data/fday/uploads/97/15a9705f563959','15.56.27.jpeg','2018-02-28 16:41:41',19,314238,5,1),(1252,'/home/sergio/Workspace/GDoks/public_html/client_data/fday/uploads/97/15a9705f564aac','15.56.40.jpeg','2018-02-28 16:41:41',19,174185,5,1),(1253,'/home/sergio/Workspace/GDoks/public_html/client_data/fday/uploads/97/15a9705f566137','15.56.52.jpeg','2018-02-28 16:41:41',19,243833,5,1),(1254,'/home/sergio/Workspace/GDoks/public_html/client_data/fday/uploads/97/15a9705f5676ac','15.56.53.jpeg','2018-02-28 16:41:41',19,277899,5,1),(1255,'/home/sergio/Workspace/GDoks/public_html/client_data/fday/uploads/97/15a9705f568fd5','15.56.56.jpeg','2018-02-28 16:41:41',19,113964,5,1),(1256,'/home/sergio/Workspace/GDoks/public_html/client_data/fday/uploads/97/15a9705f56a778','15.56.59.jpeg','2018-02-28 16:41:41',19,210564,5,1),(1257,'/home/sergio/Workspace/GDoks/public_html/client_data/fday/uploads/97/15a9705f5707c4','15.57.00.jpeg','2018-02-28 16:41:41',19,132968,5,1),(1258,'/home/sergio/Workspace/GDoks/public_html/client_data/fday/uploads/97/15a9705f57184f','15.57.01.jpeg','2018-02-28 16:41:41',19,201905,5,1),(1259,'/home/sergio/Workspace/GDoks/public_html/client_data/fday/uploads/97/15a9705f573437','15.57.05.jpeg','2018-02-28 16:41:41',19,244905,5,1),(1260,'/home/sergio/Workspace/GDoks/public_html/client_data/fday/uploads/97/15a9705f57436b','15.57.10.jpeg','2018-02-28 16:41:41',19,125283,5,1),(1261,'/home/sergio/Workspace/GDoks/public_html/client_data/fday/uploads/97/15a9705f575210','15.57.11.jpeg','2018-02-28 16:41:41',19,201981,5,1),(1262,'/home/sergio/Workspace/GDoks/public_html/client_data/fday/uploads/97/15a9705f580eb9','15.57.12.jpeg','2018-02-28 16:41:41',19,187914,5,1),(1263,'/home/sergio/Workspace/GDoks/public_html/client_data/fday/uploads/97/15a9705f58220e','15.57.28.jpeg','2018-02-28 16:41:41',19,309504,5,1),(1264,'/home/sergio/Workspace/GDoks/public_html/client_data/fday/uploads/97/15a9705f58370f','15.58.28.jpeg','2018-02-28 16:41:41',19,270195,5,1),(1265,'/home/sergio/Workspace/GDoks/public_html/client_data/fday/uploads/97/15a9705f58517a','15.58.29.jpeg','2018-02-28 16:41:41',19,149905,5,1),(1266,'/home/sergio/Workspace/GDoks/public_html/client_data/fday/uploads/97/15a97070d94fb0','15.55.48.jpeg','2018-02-28 16:46:21',19,142297,5,1),(1267,'/home/sergio/Workspace/GDoks/public_html/client_data/fday/uploads/97/15a97070da0e2a','15.55.52.jpeg','2018-02-28 16:46:21',19,158089,5,1),(1268,'/home/sergio/Workspace/GDoks/public_html/client_data/fday/uploads/97/15a97070da4768','15.56.06.jpeg','2018-02-28 16:46:21',19,181470,5,1),(1269,'/home/sergio/Workspace/GDoks/public_html/client_data/fday/uploads/97/15a97070da72a2','15.56.07.jpeg','2018-02-28 16:46:21',19,160623,5,1),(1270,'/home/sergio/Workspace/GDoks/public_html/client_data/fday/uploads/97/15a97070da8522','15.56.12.jpeg','2018-02-28 16:46:21',19,162873,5,1),(1271,'/home/sergio/Workspace/GDoks/public_html/client_data/fday/uploads/97/15a97070da9b16','15.56.27.jpeg','2018-02-28 16:46:21',19,314238,5,1),(1272,'/home/sergio/Workspace/GDoks/public_html/client_data/fday/uploads/97/15a97070dafb7a','15.56.40.jpeg','2018-02-28 16:46:21',19,174185,5,1),(1273,'/home/sergio/Workspace/GDoks/public_html/client_data/fday/uploads/97/15a97070db1e16','15.56.52.jpeg','2018-02-28 16:46:21',19,243833,5,1),(1274,'/home/sergio/Workspace/GDoks/public_html/client_data/fday/uploads/97/15a97070db300f','15.56.53.jpeg','2018-02-28 16:46:21',19,277899,5,1),(1275,'/home/sergio/Workspace/GDoks/public_html/client_data/fday/uploads/97/15a97070db4a24','15.56.56.jpeg','2018-02-28 16:46:21',19,113964,5,1),(1276,'/home/sergio/Workspace/GDoks/public_html/client_data/fday/uploads/97/15a97070db66ab','15.56.59.jpeg','2018-02-28 16:46:21',19,210564,5,1),(1277,'/home/sergio/Workspace/GDoks/public_html/client_data/fday/uploads/97/15a97070db804c','15.57.00.jpeg','2018-02-28 16:46:21',19,132968,5,1),(1278,'/home/sergio/Workspace/GDoks/public_html/client_data/fday/uploads/97/15a97073997ef2','15.57.01.jpeg','2018-02-28 16:47:05',19,201905,5,1),(1279,'/home/sergio/Workspace/GDoks/public_html/client_data/fday/uploads/97/15a9707399d1b9','15.57.05.jpeg','2018-02-28 16:47:05',19,244905,5,1),(1280,'/home/sergio/Workspace/GDoks/public_html/client_data/fday/uploads/97/15a9707399eadd','15.57.10.jpeg','2018-02-28 16:47:05',19,125283,5,1),(1281,'/home/sergio/Workspace/GDoks/public_html/client_data/fday/uploads/97/15a970739a01f4','15.57.11.jpeg','2018-02-28 16:47:05',19,201981,5,1),(1282,'/home/sergio/Workspace/GDoks/public_html/client_data/fday/uploads/97/15a970739a17f8','15.57.12.jpeg','2018-02-28 16:47:05',19,187914,5,1),(1283,'/home/sergio/Workspace/GDoks/public_html/client_data/fday/uploads/97/15a970739a2b6e','15.57.28.jpeg','2018-02-28 16:47:05',19,309504,5,1),(1284,'/home/sergio/Workspace/GDoks/public_html/client_data/fday/uploads/97/15a970739a3cfc','15.58.28.jpeg','2018-02-28 16:47:05',19,270195,5,1),(1285,'/home/sergio/Workspace/GDoks/public_html/client_data/fday/uploads/97/15a970739a4d2e','15.58.29.jpeg','2018-02-28 16:47:05',19,149905,5,1),(1286,'/home/sergio/Workspace/GDoks/public_html/client_data/fday/uploads/97/15a970739a5e7d','15.58.30.jpeg','2018-02-28 16:47:05',19,173476,5,1),(1287,'/home/sergio/Workspace/GDoks/public_html/client_data/fday/uploads/97/15a970739a700a','15.58.31.jpeg','2018-02-28 16:47:05',19,122574,5,1),(1288,'/home/sergio/Workspace/GDoks/public_html/client_data/fday/uploads/97/15a970739a822e','15.58.32.jpeg','2018-02-28 16:47:05',19,168133,5,1),(1289,'/home/sergio/Workspace/GDoks/public_html/client_data/fday/uploads/97/15a970739a94d5','15.58.33.jpeg','2018-02-28 16:47:05',19,110661,5,1),(1290,'/home/sergio/Workspace/GDoks/public_html/client_data/fday/uploads/97/15a970739aa6a5','15.58.39.jpeg','2018-02-28 16:47:05',19,135254,5,1),(1291,'/home/sergio/Workspace/GDoks/public_html/client_data/fday/uploads/97/15a970739ab764','15.58.49.jpeg','2018-02-28 16:47:05',19,317685,5,1),(1292,'/home/sergio/Workspace/GDoks/public_html/client_data/fday/uploads/97/15a970739ac876','15.58.50.jpeg','2018-02-28 16:47:05',19,275168,5,1),(1293,'/home/sergio/Workspace/GDoks/public_html/client_data/fday/uploads/97/15a970739ada7b','15.58.51.jpeg','2018-02-28 16:47:05',19,221791,5,1),(1294,'/home/sergio/Workspace/GDoks/public_html/client_data/fday/uploads/97/15a970739aeab4','15.58.52.jpeg','2018-02-28 16:47:05',19,205278,5,1),(1295,'/home/sergio/Workspace/GDoks/public_html/client_data/fday/uploads/97/15a970739afbbb','15.58.53.jpeg','2018-02-28 16:47:05',19,151433,5,1),(1296,'/home/sergio/Workspace/GDoks/public_html/client_data/fday/uploads/97/15a9707e3050a7','20180224_075046.jpg','2018-02-28 16:49:55',19,4089029,5,1),(1297,'/home/sergio/Workspace/GDoks/public_html/client_data/fday/uploads/97/15a9707e30e525','20180224_075104.jpg','2018-02-28 16:49:55',19,3224025,5,1),(1298,'/home/sergio/Workspace/GDoks/public_html/client_data/fday/uploads/97/15a9707e30f87a','20180224_075144.jpg','2018-02-28 16:49:55',19,3179002,5,1),(1299,'/home/sergio/Workspace/GDoks/public_html/client_data/fday/uploads/97/15a9707e310bb1','20180224_075150.jpg','2018-02-28 16:49:55',19,3514344,5,1),(1300,'/home/sergio/Workspace/GDoks/public_html/client_data/fday/uploads/97/15a9707e311e0f','20180224_075156.jpg','2018-02-28 16:49:55',19,3279496,5,1),(1301,'/home/sergio/Workspace/GDoks/public_html/client_data/fday/uploads/97/15a970a1396ea7','FRY-1802.00-E30-004.pdf','2018-02-28 16:59:15',19,1086897,5,1),(1302,'/home/sergio/Workspace/GDoks/public_html/client_data/fday/uploads/90/15a982443cf701','2017.03.05-DRE-DET-CV-DE-HID-010.dwg','2018-03-01 13:03:15',19,1632286,5,1),(1303,'/home/sergio/Workspace/GDoks/public_html/client_data/fday/uploads/90/15a98248d4da7e','2017.03.05-DRE-DET-CV-DE-HID-001.dwg','2018-03-01 13:04:29',19,1461181,5,1),(1304,'/home/sergio/Workspace/GDoks/public_html/client_data/fday/uploads/90/15a9824ddc50e6','2017.03.05-DRE-DET-CV-DE-HID-002.dwg','2018-03-01 13:05:49',19,1420334,5,1),(1305,'/home/sergio/Workspace/GDoks/public_html/client_data/fday/uploads/90/15a9825092d767','2017.03.05-DRE-DET-CV-DE-HID-004.dwg','2018-03-01 13:06:33',19,1424975,5,1),(1306,'/home/sergio/Workspace/GDoks/public_html/client_data/fday/uploads/90/15a98252422bc3','2017.03.05-DRE-DET-CV-DE-HID-003.dwg','2018-03-01 13:07:00',19,1454551,5,1),(1307,'/home/sergio/Workspace/GDoks/public_html/client_data/fday/uploads/90/15a982543163db','2017.03.05-DRE-DET-CV-DE-HID-006.dwg','2018-03-01 13:07:31',19,1570591,5,1),(1308,'/home/sergio/Workspace/GDoks/public_html/client_data/fday/uploads/90/15a982557896aa','2017.03.05-DRE-DET-CV-DE-HID-005.dwg','2018-03-01 13:07:51',19,1442927,5,1),(1309,'/home/sergio/Workspace/GDoks/public_html/client_data/fday/uploads/90/15a98256d08bdc','2017.03.05-DRE-DET-CV-DE-HID-008.dwg','2018-03-01 13:08:13',19,1783653,5,1),(1310,'/home/sergio/Workspace/GDoks/public_html/client_data/fday/uploads/90/15a98258116799','2017.03.05-DRE-DET-CV-DE-HID-007.dwg','2018-03-01 13:08:33',19,1552887,5,1),(1311,'/home/sergio/Workspace/GDoks/public_html/client_data/fday/uploads/90/15a9825a7b8941','50660000.pdf','2018-03-01 13:09:11',19,922133,5,1),(1312,'/home/sergio/Workspace/GDoks/public_html/client_data/fday/uploads/90/15a98264dac28f','2017.03.05-DRE-RED-CV-DE-HID-001 E 002-R1.dwg','2018-03-01 13:11:57',19,59785775,5,1),(1313,'/home/sergio/Workspace/GDoks/public_html/client_data/fday/uploads/90/15a9826f8adbcf','Parâmetros da Equação de Intens-R1.pdf','2018-03-01 13:14:48',19,130917,5,1),(1314,'/home/sergio/Workspace/GDoks/public_html/client_data/fday/uploads/90/15a982743eea22','2017.03.05-DRE-GER-CV-DE-HID-001-R1.dwg','2018-03-01 13:16:03',19,37825186,5,1),(1315,'/home/sergio/Workspace/GDoks/public_html/client_data/fday/uploads/90/15a9828efcde8d','03-DRE-HID-TX-HID-001-R0.docx','2018-03-01 13:23:11',19,5512624,5,1),(1316,'/home/sergio/Workspace/GDoks/public_html/client_data/fday/uploads/90/15a982939daa8f','RESULTADO FINAL ENTREGUE.DXF.xls','2018-03-01 13:24:25',19,119296,5,1),(1317,'/home/sergio/Workspace/GDoks/public_html/client_data/fday/uploads/96/15aa0295e16f50','geladeira.mp4','2018-03-07 15:03:10',1,1396714,5,1),(1318,'/home/sergio/Workspace/GDoks/public_html/client_data/fday/uploads/96/15aa0298e1413c','geladeira.mp4','2018-03-07 15:03:58',1,1396714,5,1),(1319,'/home/sergio/Workspace/GDoks/public_html/client_data/fday/uploads/98/15abbeed4ea10a','Boletos.pdf','2018-03-28 16:36:52',1,137204,5,1),(1320,'/home/sergio/Workspace/GDoks/public_html/client_data/fday/uploads/98/15abbf24025d1c','Coelba.pdf','2018-03-28 16:51:28',1,102709,5,1),(1321,'/home/sergio/Workspace/GDoks/public_html/client_data/fday/uploads/96/15ac3cc008b533','Boletos _76telecom_1.pdf','2018-04-03 15:46:24',1,137210,5,1),(1322,'/home/sergio/Workspace/GDoks/public_html/client_data/fday/uploads/96/15ac3cc00ac005','Boletos _76telecom_2.pdf','2018-04-03 15:46:24',1,137202,5,1),(1323,'/home/sergio/Workspace/GDoks/public_html/client_data/fday/uploads/96/15ac3cddab2a51','Boletos _76telecom_2.pdf','2018-04-03 15:54:18',1,137202,5,1),(1324,'/home/sergio/Workspace/GDoks/public_html/client_data/fday/uploads/96/15ac3ce405b2f4','Boletos-01.pdf','2018-04-03 15:56:00',1,137199,5,1),(1325,'/home/sergio/Workspace/GDoks/public_html/client_data/fday/uploads/96/15ac708e807fe6','Boletos.pdf','2018-04-06 02:43:04',1,137204,5,1),(1326,'/home/sergio/Workspace/GDoks/public_html/client_data/fday/uploads/96/15ac710366fbe3','Boletos (1).pdf','2018-04-06 03:14:14',1,137208,5,1),(1327,'/home/sergio/Workspace/GDoks/public_html/client_data/fday/uploads/90/15ac9d2ca31c34','Boletos (1).pdf','2018-04-08 05:28:58',1,137208,5,1),(1328,'/home/sergio/Workspace/GDoks/public_html/client_data/fday/uploads/90/15ac9d2ca68321','Boletos-01.pdf','2018-04-08 05:28:58',1,137199,5,1),(1329,'/home/sergio/Workspace/GDoks/public_html/client_data/fday/uploads/90/15ac9d2ca837f8','Boletos-02.pdf','2018-04-08 05:28:58',1,137200,5,1),(1330,'/home/sergio/Workspace/GDoks/public_html/client_data/fday/uploads/90/15ac9d2ca9c1e3','Boletos-03.pdf','2018-04-08 05:28:58',1,137216,5,1),(1331,'/home/sergio/Workspace/GDoks/public_html/client_data/fday/uploads/90/15ac9d5703c219','boleto_EVAS.pdf','2018-04-08 05:40:16',1,38705,5,1),(1332,'/home/sergio/Workspace/GDoks/public_html/client_data/fday/uploads/90/15ac9d5705a2af','boleto frete 19695.pdf','2018-04-08 05:40:16',1,49348,5,1),(1333,'/home/sergio/Workspace/GDoks/public_html/client_data/fday/uploads/90/15ac9d57070863','boleto nf 19695 - 15-03-2018.pdf','2018-04-08 05:40:16',1,62342,5,1),(1334,'/home/sergio/Workspace/GDoks/public_html/client_data/fday/uploads/90/15ac9d5c3cf3c7','boleto_EVAS.pdf','2018-04-08 05:41:39',1,38705,5,1),(1335,'/home/sergio/Workspace/GDoks/public_html/client_data/fday/uploads/90/15ac9d6036f5aa','Boleto_carteiras_infantis.pdf','2018-04-08 05:42:43',1,38458,5,1),(1336,'/home/sergio/Workspace/GDoks/public_html/client_data/fday/uploads/90/15aca661d11098','Captura de tela de 2017-11-16 17-09-24.png','2018-04-08 15:57:33',1,371135,5,1),(1337,'/home/sergio/Workspace/GDoks/public_html/client_data/fday/uploads/90/15aca661d2c671','Captura de tela de 2017-11-21 11-05-10.png','2018-04-08 15:57:33',1,158865,5,1),(1338,'/home/sergio/Workspace/GDoks/public_html/client_data/fday/uploads/90/15acae4b092591','Captura de tela de 2017-11-16 17-09-24.png','2018-04-09 00:57:36',1,371135,5,1),(1339,'/home/sergio/Workspace/GDoks/public_html/client_data/fday/uploads/90/15acb9d62b3342','Captura de tela de 2017-11-23 11-27-55.png','2018-04-09 14:05:38',1,996456,5,1);
/*!40000 ALTER TABLE `gdoks_arquivos` ENABLE KEYS */;
UNLOCK TABLES;

--
-- Table structure for table `gdoks_cargos`
--

DROP TABLE IF EXISTS `gdoks_cargos`;
/*!40101 SET @saved_cs_client     = @@character_set_client */;
/*!40101 SET character_set_client = utf8 */;
CREATE TABLE `gdoks_cargos` (
  `id` int(11) NOT NULL AUTO_INCREMENT,
  `nome` varchar(45) NOT NULL,
  `valor_hh` decimal(12,2) NOT NULL DEFAULT '0.00',
  `id_empresa` int(11) NOT NULL,
  PRIMARY KEY (`id`),
  UNIQUE KEY `uq_nome_de_cargo_na_empresa` (`nome`,`id_empresa`),
  KEY `FK_cargos_x_empresas_idx` (`id_empresa`),
  CONSTRAINT `FK_cargos_x_empresas` FOREIGN KEY (`id_empresa`) REFERENCES `gdoks_empresas` (`id`) ON DELETE NO ACTION ON UPDATE NO ACTION
) ENGINE=InnoDB AUTO_INCREMENT=6 DEFAULT CHARSET=utf8;
/*!40101 SET character_set_client = @saved_cs_client */;

--
-- Dumping data for table `gdoks_cargos`
--

LOCK TABLES `gdoks_cargos` WRITE;
/*!40000 ALTER TABLE `gdoks_cargos` DISABLE KEYS */;
INSERT INTO `gdoks_cargos` VALUES (1,'Engenheiro 1',500.10,1),(2,'Engenheiro 2',755.00,1),(4,'Engenheiro 3',900.00,1),(5,'Técnico 1',350.00,1);
/*!40000 ALTER TABLE `gdoks_cargos` ENABLE KEYS */;
UNLOCK TABLES;

--
-- Table structure for table `gdoks_clientes`
--

DROP TABLE IF EXISTS `gdoks_clientes`;
/*!40101 SET @saved_cs_client     = @@character_set_client */;
/*!40101 SET character_set_client = utf8 */;
CREATE TABLE `gdoks_clientes` (
  `id` int(11) NOT NULL AUTO_INCREMENT,
  `cpf` varchar(14) DEFAULT NULL,
  `cnpj` varchar(18) DEFAULT NULL,
  `nome` varchar(45) NOT NULL,
  `nome_fantasia` varchar(45) DEFAULT NULL,
  `registrado_em` datetime NOT NULL,
  `id_empresa` int(11) NOT NULL,
  `contato_nome` varchar(45) DEFAULT NULL,
  `contato_email` varchar(45) DEFAULT NULL,
  `contato_telefone` varchar(15) DEFAULT NULL,
  `ftp_host` varchar(60) DEFAULT NULL,
  `ftp_usuario` varchar(20) DEFAULT NULL,
  `ftp_senha` blob,
  `endereco` varchar(256) DEFAULT NULL,
  `login` varchar(45) DEFAULT NULL,
  `senha` blob,
  `token` varchar(45) DEFAULT NULL,
  `validade_do_token` datetime DEFAULT NULL,
  PRIMARY KEY (`id`),
  UNIQUE KEY `UQ_clientes_login` (`login`),
  KEY `FK_cliente_x_empresas_idx` (`id_empresa`),
  CONSTRAINT `FK_cliente_x_empresas` FOREIGN KEY (`id_empresa`) REFERENCES `gdoks_empresas` (`id`) ON DELETE NO ACTION ON UPDATE NO ACTION
) ENGINE=InnoDB AUTO_INCREMENT=51 DEFAULT CHARSET=utf8;
/*!40101 SET character_set_client = @saved_cs_client */;

--
-- Dumping data for table `gdoks_clientes`
--

LOCK TABLES `gdoks_clientes` WRITE;
/*!40000 ALTER TABLE `gdoks_clientes` DISABLE KEYS */;
INSERT INTO `gdoks_clientes` VALUES (17,NULL,'02.333.707/0036-75','Jacobs Douwe Egberts BR','JDE','2017-08-14 09:44:22',1,'Naiara Cerqueira','contato@teste1.com.br','21045558','','',NULL,NULL,NULL,NULL,NULL,NULL),(18,NULL,'03.928.294/0001-04','ITF CHEMICAL','ITF CHEMICAL','2017-08-23 14:15:31',1,'Charles Mendson','charles@itf.com.br','32114445','','',NULL,NULL,NULL,NULL,NULL,NULL),(19,NULL,'69.119.386/0001-51','GAMESA EOLICA BRASIL LTDA.','GAMESA','2017-08-24 14:34:02',1,'Tadson de Aquino Rocha','TAQUINO@gamesacorp.com','3632-1225','','',NULL,NULL,NULL,NULL,NULL,NULL),(20,NULL,'20.364.458/0001-37','BRAESA EMPREENDIMENTOS, INVESTIMENTOS E PARTI','BRAESA','2017-08-24 14:44:02',1,'Caio Novais','caionovais@braesa.com.br','(71) 3022 4075','','','?jD????`?|&v',NULL,'braesa','G??M?????؅?r','5a985b69c01713.86812390','2018-03-01 20:58:33'),(21,'391.543.784-00',NULL,'José Maria Bezerra Leite','José Maria Bezerra Leite','2017-08-24 14:49:34',1,'José Maria','JoseMaria@gmail.com.br','71 30121696','','',NULL,NULL,NULL,NULL,NULL,NULL),(22,NULL,'10.648.922/0001-63','ALL EFLUENTES DO NORDESTE LTDA','ALL METAIS','2017-08-24 14:52:27',1,'FELIPE MESSIAS','felipe@allmetais.com.br','7141410504','','',NULL,'teste','','dH?2?{%l???֜','5a70dcb45f1744.47763065','2018-01-30 21:59:32'),(23,NULL,'14.791.410/0001-02','LOM ENGENHARIA CIVIL E ELETRICA LTDA - EPP','LOM ENGENHARIA','2017-08-24 15:00:45',1,'BRUNO LOPES','contato@lomengenharia.com.br','71 3500-5190','','',NULL,NULL,NULL,NULL,NULL,NULL),(24,NULL,'60.398.369/0006-30','PARANAPANEMA S/A','PARANAPANEMA','2017-08-24 15:07:46',1,'NAIANA DOMINGUES','JAMYR@PARANAPANEMA.COM.BR','(71) 2199-1692','','',NULL,NULL,NULL,NULL,NULL,NULL),(25,NULL,'04.435.451/0001-02','CONSUNAV SALVADOR SERVICOS NAVAIS LTDA - ME','CONSUNAV','2017-08-24 15:15:13',1,'CARL GROHS','carl@consunav.com.br','71 3243-6702','','',NULL,NULL,NULL,NULL,NULL,NULL),(26,NULL,'02.317.111/0001-51','INTERTECHNE MODULLAR PROJETOS S.A','INTERTECHNE MODULLAR','2017-08-24 15:32:30',1,'GEOVANE SANTANA','MODULLAR@MODULLAR.COM.BR','(71) 3271-0091','','',NULL,NULL,NULL,NULL,NULL,NULL),(27,NULL,'15.102.213/0001-00','J MACEDO ALIMENTOS S/A','J MACEDO','2017-08-24 15:38:11',1,'DAIANA SOARES','daiana@JMACEDO.com.br','7141410504','','',NULL,NULL,NULL,NULL,NULL,NULL),(28,NULL,'69.037.133/0001-39','BAHIA SPECIALTY CELLULOSE SA','BSC','2017-08-24 15:40:48',1,'JOSÉ LUIZ GAZOLA','luis_araujo@bahiaspeccell.com','(71) 3634-0535','','',NULL,NULL,NULL,NULL,NULL,NULL),(29,NULL,'02.805.820/0017-43','EXTERRAN SERVICOS DE OLEO E GAS LTDA','EXTERRAN','2017-08-24 15:46:16',1,'FABRICIO FREITAS','FABRICIO@exterran.com.br','7141410504','','',NULL,NULL,NULL,NULL,NULL,NULL),(30,NULL,'26.461.699/0001-80','COMPANHIA NACIONAL DE ABASTECIMENTO CONAB','CONAB','2017-08-24 15:53:26',1,'Janine Martins','janine.martins@conab.gov.br','21 3861-5785','','',NULL,NULL,NULL,NULL,NULL,NULL),(31,NULL,'02.912.332/0002-59','KUKA SYSTEMS DO BRASIL LTDA','KUKA SYSTEMS','2017-08-25 13:13:29',1,'KUKA SYSTEMS','JORGE.VIEIRA@KUKASYSTEMS.COM.BR','(11) 3382-2110','','',NULL,NULL,NULL,NULL,NULL,NULL),(32,NULL,'00.352.294/0162-03','EMPRESA BRASILEIRA DE INFRAESTRUTURA AEROPORT','INFRAERO','2017-08-25 13:23:07',1,'Tereza','TEREZA_MARQUES.SBBE@IFRAER.GOV.BR','(91) 3210-6031','','',NULL,NULL,NULL,NULL,NULL,NULL),(33,NULL,'04.958.828/0001-08','JKM ENGENHARIA LTDA','JKM Engenharia','2017-08-25 13:30:53',1,'Anthony','skcont@terra.com.br','(011) 3333-1522','','',NULL,NULL,NULL,NULL,NULL,NULL),(34,NULL,'33.000.167/1072-59','PETROLEO BRASILEIRO S A PETROBRAS','PETROBRAS','2017-09-04 15:51:35',1,'Anthony','Anthony@faraday.com.br','71 41410504','','',NULL,NULL,NULL,NULL,NULL,NULL),(35,NULL,'56.991.441/0004-08','AVON COSMETICOS LTDA.','AVON','2017-09-14 15:39:31',1,'Anthony','fiscal.bahia@avon.com','71 41410504','','',NULL,NULL,NULL,NULL,NULL,NULL),(36,NULL,'06.145.027/0001-59','MAXI ENGENHARIA E CONSULTORIA LTDA - EPP','MAXI ENGENHARIA','2017-09-14 15:47:43',1,'Anthony','MAXIENGENHARIA@MAXIENGENHARIA.COM.BR','71 41410504','','',NULL,NULL,NULL,NULL,NULL,NULL),(37,NULL,'08.157.187/0001-43','Alpha Brazil Gestão & Recursos Ltda.','Alpha Brazil','2017-09-18 14:02:00',1,'Lauro Fontenele','laurofontenele@alphabrazil.com.br','71 3022-4075','','',NULL,NULL,NULL,NULL,NULL,NULL),(38,NULL,'08.469.336/0001-00','JKM CONSULTORIA E PROJETOS LTDA','JKM','2017-09-18 14:24:45',1,'Anthony','setorfiscal@accta.com.br','(71) 3341-2062','','',NULL,NULL,NULL,NULL,NULL,NULL),(39,NULL,'09.091.440/0001-76','T.W.O ENGENHARIA LTDA - ME','T.W.O','2017-09-18 14:35:10',1,'Anthony','PRATICA@FOCOSMAIS.COM.BR','(71) 3015-4075','','',NULL,NULL,NULL,NULL,NULL,NULL),(40,NULL,'00.352.294/0162-03','EMPRESA BRASILEIRA DE INFRAESTRUTURA AEROPORT','INFRAERO','2017-09-18 14:39:54',1,'TEREZA','TEREZA_MARQUES.SBBE@IFRAER.GOV.BR','(91) 3210-6031 ','','',NULL,NULL,NULL,NULL,NULL,NULL),(41,NULL,'00.394.460/0135-53','MINISTERIO DA FAZENDA','SUPERINTENDENCIA REG DA RECEITA FEDERAL DO BR','2017-09-18 15:14:02',1,'Anthony','MINISTERIODAFAZENDA@MINISTERIODAFAZENDA.com.b','(41) 3320-8276','','',NULL,NULL,NULL,NULL,NULL,NULL),(42,NULL,'01.401.976/0001-39','CONDOMÍNIO CENTRO EMPRESARIAL ELDORADO','CONDOMÍNIO ELDORADO','2017-09-19 13:35:16',1,'Domenico Fioravanti','domenico@asfeb.org.br','71. 2201 2200','','',NULL,NULL,NULL,NULL,NULL,NULL),(43,NULL,'08.949.395/0001-85','CONDOMINIO EDIFICIO RESERVA DO CANDEAL','CONDOMINIO EDIFICIO RESERVA DO CANDEAL','2017-09-19 13:56:02',1,'Adonias Aquino','reservadocandeal@hotmail.com','(71) 3016.4532 ','','',NULL,NULL,NULL,NULL,NULL,NULL),(44,NULL,'03.642.342/0001-01','TECON SALVADOR S.A','Tecon','2017-12-11 15:18:03',1,'José Carlos Teles','josecarlos.teles@teconsalvador.com.br','71 2106-1522','','','\r?\r?V??i e5','Av. Eng. Oscar Pontes, nº 97, água de meninos','tecon','???V?EX^`l?僳?','5a970fa7ac5151.01395770','2018-02-28 18:23:03'),(45,NULL,'12.345.678/0001-10','Cliente Teste','Cliente Teste','2017-12-27 17:43:01',1,'Contato Teste','smouracalmon@gmail.com','71993598089','ftp.teste.com.br','teste','????n?77?qn8A?','Endereço Teste','teste','????n?77?qn8A?','5a5c9ba5bded34.86638915','2018-01-15 11:16:37'),(46,NULL,'00.114.606/0001-58','Condominio Edificio Portofino','Edificio Portofino','2018-01-04 17:53:34',1,'Paulo','majpaulocezar@hotmail.com','(71) 3328-4575','','paulocesar','???qc????I','AV Sete de Setembro; Número: 1420; Bairro: Campo Grande',NULL,NULL,NULL,NULL),(47,NULL,'06.175.128/0001-72','PREMCELL - CONSULTORIA EM TELECOMUNICACOES LT','PREMCELL','2018-01-05 15:57:18',1,'Leonardo','FINANCEIRO@PREMCELL.COM.BR','7141410504','','',NULL,'AV SANTOS DUMONT ',NULL,NULL,NULL,NULL),(48,NULL,'61.099.826/0001-44','Construtora Ferreira Guedes S.A.','Construtora Ferreira Guedes','2018-02-02 18:56:46',1,'Abrahão P. de Albuquerque Darowish','adarowish@grupoagis.com.br','55 (31) 99522-7','','',NULL,'','agis','?ѻ2??????B????','5a74de2fea5951.20569679','2018-02-02 20:54:55'),(49,NULL,'78.023.116/0001-33','MSE ENGENHARIA LTDA','MSE','2018-02-21 10:53:15',1,'Wellingthon da Silva','w.silva@mse.com.br','+55 (43) 3031-0','','',NULL,'',NULL,NULL,NULL,NULL),(50,NULL,'13.784.762/0001-78','STALKER ENGENHARIA LTDA','STALKER','2018-02-27 14:33:32',1,'Leonardo','leonardo.silva@stlk.com.br','71 992238446','','',NULL,'','Stalker','??p??Y:?j/??d','5a9842abd5daf7.27435843','2018-03-01 19:12:59');
/*!40000 ALTER TABLE `gdoks_clientes` ENABLE KEYS */;
UNLOCK TABLES;

--
-- Table structure for table `gdoks_codigos_emi`
--

DROP TABLE IF EXISTS `gdoks_codigos_emi`;
/*!40101 SET @saved_cs_client     = @@character_set_client */;
/*!40101 SET character_set_client = utf8 */;
CREATE TABLE `gdoks_codigos_emi` (
  `id` int(11) NOT NULL AUTO_INCREMENT,
  `id_empresa` int(11) DEFAULT NULL,
  `simbolo` varchar(5) DEFAULT NULL,
  `nome` varchar(45) DEFAULT NULL,
  PRIMARY KEY (`id`),
  KEY `FK_emi_id_empresa_x_id_empresa_idx` (`id_empresa`),
  CONSTRAINT `FK_emi_id_empresa_x_id_empresa` FOREIGN KEY (`id_empresa`) REFERENCES `gdoks_empresas` (`id`) ON DELETE NO ACTION ON UPDATE NO ACTION
) ENGINE=InnoDB AUTO_INCREMENT=17 DEFAULT CHARSET=utf8;
/*!40101 SET character_set_client = @saved_cs_client */;

--
-- Dumping data for table `gdoks_codigos_emi`
--

LOCK TABLES `gdoks_codigos_emi` WRITE;
/*!40000 ALTER TABLE `gdoks_codigos_emi` DISABLE KEYS */;
INSERT INTO `gdoks_codigos_emi` VALUES (1,1,'AP','Para aprovação'),(2,1,'CC','Como construído'),(3,1,'CD','Cancelado'),(4,1,'CF','Como fabricado'),(5,1,'CO','Para comentários'),(6,1,'CP','Como comprado'),(7,1,'CT','Certificado'),(8,1,'ES','Estudo, preliminar'),(9,1,'FA','Para fabricação'),(10,1,'PI','Para informação'),(11,1,'LC','Para construção'),(12,1,'OR','Para orçamento, cotação'),(13,1,'PC','Para compra'),(14,1,'PD','Para detalhamento'),(15,1,'PU','Para utilização'),(16,1,'PR','Para Registro');
/*!40000 ALTER TABLE `gdoks_codigos_emi` ENABLE KEYS */;
UNLOCK TABLES;

--
-- Table structure for table `gdoks_daos`
--

DROP TABLE IF EXISTS `gdoks_daos`;
/*!40101 SET @saved_cs_client     = @@character_set_client */;
/*!40101 SET character_set_client = utf8 */;
CREATE TABLE `gdoks_daos` (
  `id` int(11) NOT NULL AUTO_INCREMENT,
  `nome` varchar(100) DEFAULT NULL,
  `nome_unico` varchar(45) DEFAULT NULL,
  `nome_cliente` varchar(200) DEFAULT NULL,
  `tipo` varchar(45) DEFAULT NULL,
  `tamanho` int(11) DEFAULT NULL,
  `id_projeto` int(11) DEFAULT NULL,
  PRIMARY KEY (`id`),
  UNIQUE KEY `UQ_nome_x_projeto` (`nome`,`id_projeto`),
  KEY `FK_daos_x_projetos_idx` (`id_projeto`),
  CONSTRAINT `FK_daos_x_projetos` FOREIGN KEY (`id_projeto`) REFERENCES `gdoks_projetos` (`id`) ON DELETE CASCADE ON UPDATE CASCADE
) ENGINE=InnoDB AUTO_INCREMENT=2 DEFAULT CHARSET=utf8 COMMENT='documentos de abertura de operações';
/*!40101 SET character_set_client = @saved_cs_client */;

--
-- Dumping data for table `gdoks_daos`
--

LOCK TABLES `gdoks_daos` WRITE;
/*!40000 ALTER TABLE `gdoks_daos` DISABLE KEYS */;
INSERT INTO `gdoks_daos` VALUES (1,'Contrato','15a3054a8197a9','contratowilsonSons.pdf','application/pdf',8215848,91);
/*!40000 ALTER TABLE `gdoks_daos` ENABLE KEYS */;
UNLOCK TABLES;

--
-- Table structure for table `gdoks_disciplinas`
--

DROP TABLE IF EXISTS `gdoks_disciplinas`;
/*!40101 SET @saved_cs_client     = @@character_set_client */;
/*!40101 SET character_set_client = utf8 */;
CREATE TABLE `gdoks_disciplinas` (
  `id` int(11) NOT NULL AUTO_INCREMENT,
  `nome` varchar(100) DEFAULT NULL,
  `sigla` varchar(4) DEFAULT NULL,
  `ativa` bit(1) DEFAULT b'1',
  `id_empresa` int(11) NOT NULL,
  PRIMARY KEY (`id`),
  UNIQUE KEY `UNIQUE_sigla` (`sigla`,`id_empresa`),
  KEY `FK_cliente_idx` (`id_empresa`),
  CONSTRAINT `FK_cliente` FOREIGN KEY (`id_empresa`) REFERENCES `gdoks_empresas` (`id`) ON DELETE NO ACTION ON UPDATE NO ACTION
) ENGINE=InnoDB AUTO_INCREMENT=17 DEFAULT CHARSET=utf8;
/*!40101 SET character_set_client = @saved_cs_client */;

--
-- Dumping data for table `gdoks_disciplinas`
--

LOCK TABLES `gdoks_disciplinas` WRITE;
/*!40000 ALTER TABLE `gdoks_disciplinas` DISABLE KEYS */;
INSERT INTO `gdoks_disciplinas` VALUES (1,'Direção / Gestão','A','',1),(2,'Administração','B','',1),(3,'Civil','C','',1),(4,'Elétrica','ELE','',1),(5,'Telecomunicações','TEL','',1),(6,'Instrumentação','I','',1),(7,'Suprimentos','H','',1),(8,'Mecânica','M','',1),(9,'Processo','P','',1),(10,'Tecnologia','J','',1),(11,'Estimativas e Controle de Custos','K','',1),(12,'Tubulações','T','',1),(13,'Informática','X','',1),(14,'Planejamento','S','',1),(15,'Automação','U','',1),(16,'Segurança','Seg','',1);
/*!40000 ALTER TABLE `gdoks_disciplinas` ENABLE KEYS */;
UNLOCK TABLES;

--
-- Table structure for table `gdoks_documentos`
--

DROP TABLE IF EXISTS `gdoks_documentos`;
/*!40101 SET @saved_cs_client     = @@character_set_client */;
/*!40101 SET character_set_client = utf8 */;
CREATE TABLE `gdoks_documentos` (
  `id` int(11) NOT NULL AUTO_INCREMENT,
  `nome` varchar(100) DEFAULT NULL,
  `codigo` varchar(45) DEFAULT NULL,
  `codigo_cliente` varchar(45) DEFAULT NULL,
  `codigo_alternativo` varchar(45) DEFAULT NULL,
  `id_subarea` int(11) DEFAULT NULL,
  `id_subdisciplina` int(11) DEFAULT NULL,
  `datahora_do_checkout` datetime DEFAULT NULL,
  `idu_checkout` int(11) DEFAULT NULL,
  PRIMARY KEY (`id`),
  KEY `FK_subdisciplinas_idx` (`id_subdisciplina`),
  KEY `FK_idu_checkout_x_usuarios_idx` (`idu_checkout`),
  KEY `FK_doc_id_subarea_x_subareas_idx` (`id_subarea`),
  CONSTRAINT `FK_doc_id_subarea_x_subareas` FOREIGN KEY (`id_subarea`) REFERENCES `gdoks_subareas` (`id`) ON DELETE NO ACTION ON UPDATE NO ACTION,
  CONSTRAINT `FK_id_subdisciplina` FOREIGN KEY (`id_subdisciplina`) REFERENCES `gdoks_subdisciplinas` (`id`) ON DELETE NO ACTION ON UPDATE NO ACTION,
  CONSTRAINT `FK_idu_checkout_x_usuarios` FOREIGN KEY (`idu_checkout`) REFERENCES `gdoks_usuarios` (`id`) ON DELETE NO ACTION ON UPDATE NO ACTION
) ENGINE=InnoDB AUTO_INCREMENT=950 DEFAULT CHARSET=utf8;
/*!40101 SET character_set_client = @saved_cs_client */;

--
-- Dumping data for table `gdoks_documentos`
--

LOCK TABLES `gdoks_documentos` WRITE;
/*!40000 ALTER TABLE `gdoks_documentos` DISABLE KEYS */;
INSERT INTO `gdoks_documentos` VALUES (615,'Detalhes de Instalação','FRY-1704.00-E08-00',NULL,NULL,375,51,'2017-08-25 14:35:59',19),(616,'Memoria de Calculo- SPDA Galpão Existente','FRY-1704.00-E25-001',NULL,NULL,375,68,'2017-08-25 15:28:13',19),(617,'Memoria de Cálculo- SPDA Portaria','FRY-1704.00-E25-002',NULL,NULL,375,68,'2017-08-25 15:30:13',19),(618,'Memoria de Cálculo - SPDA Green Coffee','FRY-1704.00-E25-003',NULL,NULL,375,68,'2017-08-25 15:23:13',19),(619,'Memoria de Cálculo - SPDA Galpão de Resíduos','FRY-1704.00-E25-004',NULL,NULL,375,68,NULL,NULL),(620,'Memoria de Cálculo - SPDA Produtos Inflamáveis','FRY-1704.00-E25-005',NULL,NULL,375,68,'2017-08-25 15:25:30',19),(621,'Memoria de Cálculo - SPDA Casa de Bombas','FRY-1704.00-E25-006',NULL,NULL,375,68,'2017-08-25 15:21:17',19),(622,'Memoria de Cálculo - Aterramento','FRY-1704.00-E25-007',NULL,NULL,375,68,'2017-08-25 15:19:01',19),(623,'Memorial Descritivo','FRY-1704.00-E20-001',NULL,NULL,375,63,'2017-08-25 15:32:24',19),(624,'Plantas de SPDA e Aterramento01','FRY-1704.00-E11-001',NULL,NULL,375,54,'2017-08-28 13:10:39',19),(626,'Plantas de SPDA e Aterramento 02','FRY-1704.00-E11-002',NULL,NULL,375,54,'2017-08-28 13:16:18',19),(629,'Plantas de SPDA e Aterramento003','FRY-1704.00-E11-003',NULL,NULL,375,54,'2017-08-25 15:51:06',19),(630,'Plantas de SPDA e Aterramento04','FRY-1704.00-E11-004',NULL,NULL,375,54,'2017-08-28 13:09:25',19),(631,'Relatorio de Inspeção - SPDA e Aterramento','FRY-1704.00-E18-001',NULL,NULL,375,61,'2017-08-25 15:43:41',19),(634,'MARCA JDE - GREEN COFFEE','03',NULL,NULL,375,54,'2017-08-25 15:38:13',19),(635,'MARCA JDE - GREEN COFFEE','04',NULL,NULL,375,54,'2017-08-25 15:42:15',19),(636,'MARCA JDE - GREEN COFFEEr1','SPDA 00407-DE-ELE-001-R1 ',NULL,NULL,375,54,'2017-08-28 13:26:03',19),(637,'PRODUTOS INFLAMÁVEIS','CAFEPILAO_EXE_EL01_REV01',NULL,NULL,375,54,'2017-08-28 13:22:51',19),(638,'Instalações elétricas - Aterramento','E1315',NULL,NULL,375,54,'2017-08-28 13:17:07',19),(648,'RESISTIVIDADE DO SOLO, RESISTÊNCIA DE MALHA E TENSÕES DE TOQUE E PASSO','FRY-1602-000-E18-001',NULL,NULL,378,61,'2017-08-28 14:01:41',19),(658,'Carta de Apresentação - Praias de Esplanada','FRY-1605.01-E20-001',NULL,NULL,380,63,'2017-08-29 13:20:07',19),(659,'Procuração - Praias de Esplanada','Procuração',NULL,NULL,380,71,'2017-08-29 13:40:06',19),(660,'Contrato Social - Catalonia','Contrato Social - Catalonia',NULL,NULL,380,71,'2017-08-29 13:24:02',19),(661,'Termo de Compromisso - Garantia de Materiais e Equipamentos','Termo de Compromisso',NULL,NULL,380,71,'2017-08-29 13:34:05',19),(662,'Solicitação de Incorporação de rede elétrica','Solicitação de Incorporação',NULL,NULL,380,71,'2017-08-29 13:40:50',19),(663,'CNH Nilson Nobrega','CNH Nilson Nobrega',NULL,NULL,380,71,'2017-08-29 13:23:08',19),(664,'CREA Caio Novaes','CREA Caio Novaes',NULL,NULL,380,71,'2017-08-29 13:24:47',19),(665,'Cartão CNPJ CATALONIA','Cartão CNPJ CATALONIA',NULL,NULL,380,71,'2017-08-29 13:21:15',19),(666,'Licenciamento - Plano Baixio','Licenciamento - Plano Baixio',NULL,NULL,380,71,'2017-08-29 13:27:44',19),(667,'ART','ART',NULL,NULL,380,71,'2017-08-29 13:18:57',19),(668,'MEMORIA DE CÁLCULO DE QUEDA DE TENSÃO E DIMENSIONAMENTO DE RAMAIS DE ENTRADA','FRY-1605.01-E25-001',NULL,NULL,380,68,'2017-08-29 13:28:48',19),(669,'MEMORIAL DESCRITIVO INSTALAÇÕES ELÉTRICAS','FRY-1605.01-E20-002',NULL,NULL,380,63,'2017-08-29 13:31:05',19),(670,'MEMORIAL DESCRITIVO REDE DE DISTRIBUIÇÃO ELÉTRICA','FRY-1605.01-E20-003',NULL,NULL,380,63,'2017-08-29 13:32:11',19),(671,'PLANTA DE SITUAÇÃO - IMPLANTAÇÃO','FRY-1605.01-E10-001',NULL,NULL,380,60,'2017-08-29 13:37:18',19),(672,'PLANTA DE ILUMINAÇÃO - PLANTA BAIXA','FRY-1605.01-E12-001',NULL,NULL,380,55,'2017-08-29 13:35:52',19),(673,'PLANTAS E DETALHES DIAGRAMA UNIFILAR E QUADRO DE MEDIÇÃO','FRY-1605.01-E08-001',NULL,NULL,380,53,'2017-08-29 13:39:08',19),(674,'DIAGRAMA TRIFILAR E QUADRO DE CARGAS - QDIT-PRO','FRY-1502.00-E06-001',NULL,NULL,377,69,'2017-08-29 14:15:28',19),(675,'DIAGRAMA FUNCIONAL - PN-01','FRY-1502.00-E06-002',NULL,NULL,377,69,'2017-08-29 15:00:39',19),(676,'DIAGRAMA FUNCIONAL - QGBT-01','FRY-1502.00-E06-003',NULL,NULL,377,69,'2017-08-29 14:50:02',19),(677,'DIAGRAMA FUNCIONAL - QGBT-01','FRY-1502.00-E06-001',NULL,NULL,377,69,'2017-08-29 15:03:28',19),(678,'DIAGRAMA FUNCIONAL - PN-01','FRY-1502.00-E06-002',NULL,NULL,377,69,'2017-08-29 14:45:55',19),(679,'DIAGRAMA TRIFILAR E QUADRO DE CARGAS - ','FRY-1502.00-E06-003',NULL,NULL,377,69,'2017-08-29 15:04:43',19),(682,'Planta I – CCM-01 – Diagrama Unifilar','ITF-0200-E060-A1-02145 FL.1/3',NULL,NULL,376,48,'2017-08-29 16:10:33',19),(683,'Planta I – CCM-03 – Diagrama Unifilar','ITF-0200-E060-A1-02145 FL.2/3',NULL,NULL,376,48,'2017-08-29 16:11:08',19),(684,'Planta I – CCM-04 – Diagrama Unifilar','ITF-0200-E060-A1-02145 FL.3/3',NULL,NULL,376,48,'2017-08-29 16:11:46',19),(685,'Planta II – CCM-02 – Diagrama Unifilar','1000-E060A1-02138 ',NULL,NULL,376,48,'2017-08-29 16:12:22',19),(686,'Fabrica de Ferrolat – CCM-05 - Diagrama Unifilar','3000-E060-A1-02000',NULL,NULL,376,48,'2017-08-29 16:08:19',19),(687,'Nova Planta de HPD  – CCM-06 - Diagrama Unifilar','3000-E060-F-A1-02275',NULL,NULL,376,48,'2017-08-29 16:09:52',19),(688,'Planta V  –  CCM-07/08 - Diagrama Unifilar','5000-E040-A1-15703',NULL,NULL,376,48,'2017-08-29 16:14:15',19),(689,'Planta IV  –  ELÉTRICA – Diagrama do QGBT-0301 – Pav. Superior','329XE0309',NULL,NULL,376,48,'2017-08-29 16:13:40',19),(690,'Diagrama Unifilar Geral','300-E060-A1-C2299  ',NULL,NULL,376,48,'2017-08-29 16:07:41',19),(691,'Cabine Blindada SE Entrada e Medição – Padrão COELBA -  34,5 kV – Instalação ao Tempo – Diagrama Fun','ITF-0390-E060-40-02136',NULL,NULL,376,48,'2017-08-29 16:07:01',19),(692,'Memorial Descritivo','ITF-300-E060-F-02299',NULL,NULL,376,63,'2017-08-29 16:09:07',19),(694,'Mapa de Riscos - Programa Vira Vida','FRY-1702.01-T15-001 ',NULL,NULL,381,285,NULL,NULL),(695,'Mapa de Riscos - ADM 1º  Pavimento','FRY-1702.01-T15-002',NULL,NULL,381,285,NULL,NULL),(696,'Mapa de Riscos - ADM Térreo','FRY-1702.01-T15-003',NULL,NULL,381,285,NULL,NULL),(697,'Mapa de Riscos - Produção - Cubo / Hub / Logística','FRY-1702.01-T15-004',NULL,NULL,381,285,NULL,NULL),(698,'Mapa de Riscos - Produção - Nacelle / Aerogeradores / Logística / Adm','FRY-1702.01-T15-005',NULL,NULL,381,285,NULL,NULL),(699,'Mapa de Riscos - SL Man / CS Res Cont / CS Bat / Matqui','FRY-1702.01-T15-006',NULL,NULL,381,285,NULL,NULL),(700,'Especificação Técnica de Equipamentos Sistema Ininterrupta de Energia - NOBREAK','FRY-1701.00-E00-001 ',NULL,NULL,382,45,'2017-08-30 14:44:33',19),(701,'Memória de Cálculo Dimensionamento de Condutores Elétricos','FRY-1701.00-E25-001',NULL,NULL,382,68,'2017-08-30 14:45:50',19),(702,'Alimentação dos Painéis Transformador e Laboratório - Planta de Força','FRY-1701.00-E10-001',NULL,NULL,382,53,'2017-08-30 14:43:44',19),(703,'Quadro de Distribuição do Transformador - Diagrama Trifilar e Quadro de Cargas','FRY-1701.00-E06-001',NULL,NULL,382,69,'2017-08-30 14:49:00',19),(704,'Painel do Laboratório - Diagrama Trifilar','FRY-1701.00-E06-002',NULL,NULL,382,69,'2017-08-30 14:47:06',19),(705,'Memoria Descritivo de Montagem','FRY-1701.00-E20-001',NULL,NULL,382,63,'2017-08-30 14:48:11',19),(706,'RELATORIO – RESISTIVIDADE DO SOLO, RESISTÊNCIA DE MALHA E TENSÕES DE TOQUE E PASSO','FRY-1505-000-E18-001',NULL,NULL,383,61,'2017-09-01 15:22:45',19),(707,'ARRANJO DOS EQUIPAMENTOS ELÉTRICOS ','AGB-ZDP-05-006',NULL,NULL,384,53,'2017-08-30 15:38:37',19),(708,'MEMORIA DE CALCULO DE CURTO CIRCUITO ','AGB-ZDP-05-011',NULL,NULL,384,68,'2017-08-30 15:39:20',19),(709,'DIAGRAMA UNIFILAR GERAL','AGB-ZDP-05-001',NULL,NULL,384,48,'2017-08-30 15:36:58',19),(710,'ARRANJO DOS EQUIPAMENTOS ELÉTRICOS ','AGB-DCI-05-006',NULL,NULL,384,53,'2017-08-30 15:50:34',19),(711,'MEMORIA DE CALCULO DE CURTO CIRCUITO ','AGB-DCI-05-011',NULL,NULL,384,68,'2017-08-30 15:35:57',19),(712,'DIAGRAMA UNIFILAR GERAL ','AGB-DCI-05-001',NULL,NULL,384,48,'2017-08-30 15:34:54',19),(713,'POLO ARARA RP-3315.0402 - ATERRAMENTO E SPDA - PLANTA','DE-3307.00-1221-780-MDP-001',NULL,NULL,385,54,'2017-08-30 16:23:03',19),(714,'ARARA AZUL - SKID SG-3315.00-001 - ATERRAMENTO E SPDA - PLANTA','DE-3307.00-1221-780-MDP-002',NULL,NULL,385,54,'2017-08-30 16:20:15',19),(715,'ARARA AZUL - DISTRIBUIÇÃO DE FORÇA - PLANTA','DE-3307.00-1221-780-MDP-004',NULL,NULL,385,53,'2017-08-30 16:19:32',19),(716,'SISTEMA DE PROTEÇÃO DE DESCARGAS ATMOSFERICAS','MC-3307.00-1221-781-MDP-001',NULL,NULL,385,54,'2017-08-30 16:23:54',19),(717,'ESPECIFICAÇÃO TECNICA - SISTEMA DE ENERGIA SOLAR','ET-3307.00-1221-705-MDP-001',NULL,NULL,385,43,'2017-08-30 16:21:37',19),(718,'PLANTA DE FORÇA - IMPLANTAÇÃO','DE-3307.00-8100-700-MDP-011',NULL,NULL,386,53,'2017-08-31 13:55:18',19),(719,'PLANTA DE ILUMINAÇÃO - GALPÃO','DE-3307.00-8100-700-MDP-012',NULL,NULL,386,55,'2017-08-31 13:56:19',19),(720,'PLANTA DE FORÇA GERAL','DE-3307.00-8100-700-MDP-013',NULL,NULL,386,53,'2017-08-31 13:52:28',19),(721,'ATERRAMENTO - GALPÃO','DE-3307.00-8100-782-MDP-001',NULL,NULL,386,54,'2017-08-31 13:43:52',19),(722,'DIAGRAMA TRIFILAR E QUADRO DE CARGAS - PL-05','DE-3307.00-8100-946-MDP-006',NULL,NULL,386,69,'2017-08-31 13:46:18',19),(723,'FOLHA DE DADOS - PAINEL DE ILUMINAÇÃO E TOMADA - PL-05','FD-3307.00-8100-742-MDP-005',NULL,NULL,386,61,'2017-08-31 13:51:09',19),(724,'FOLHA DE DADOS - PAINEL DE ILUMINAÇÃO E TOMADA - PL-03','FD-3307.00-8100-742-MDP-003',NULL,NULL,386,61,'2017-08-31 13:48:25',19),(725,'DIAGRAMA TRIFILAR E QUADRO DE CARGAS - PL-03','FD-3307.00-8100-742-MDP-003',NULL,NULL,386,69,'2017-08-31 13:45:19',19),(726,'MOTOR ELÉTRICO DE INDUÇÃO TRIFÁSICO MB-5330014A/B/C 1','FD-3307.02-5330-712-MDP-001',NULL,NULL,387,44,'2017-08-31 14:25:06',19),(727,'MOTOR ELÉTRICO DE INDUÇÃO TRIFÁSICO MB-5330013A/B/C/D','FD-3307.02-5330-712-MDP-002',NULL,NULL,387,44,'2017-08-31 14:20:25',19),(728,'MOTOR ELÉTRICO DE INDUÇÃO TRIFÁSICO MB-5330014A/B/C','FD-3307.02-5330-712-MDP-003',NULL,NULL,387,44,'2017-08-31 14:24:27',19),(729,'MALHA DE ATERRAMENTO','MC-3307.02-5330-782-MDP-001',NULL,NULL,387,68,'2017-08-31 14:17:42',19),(730,'PRONTUARIO DAS INSTALAÇÕES ELÉTRICAS – PIE','FRY-1406.00-E28-001',NULL,NULL,388,61,'2017-08-31 14:46:49',19),(731,'RELATÓRIO DE NÃO CONFORMIDADE DIAGNOSTICO DE CONFORMIDADE COM A NORMA NR-10','FRY-1406.00-E18-001',NULL,NULL,388,61,'2017-08-31 14:48:34',19),(732,'PLANEJAMENTO DAS NÃO CONFORMIDADE','FRY-1406.00-S03-001',NULL,NULL,388,61,'2017-08-31 14:44:32',19),(733,'MEMORIA DE CALCULO DE SPDA - OZÔNIO - AREA 282','P-1296-282-ZBSC-83093',NULL,NULL,389,68,'2017-08-31 15:13:29',19),(734,'PLANTA DE GERAÇÃO DE OZÔNIO - DISTRIBUIÇÃO DE FORÇA, CONTROLE E ATERRAMENTO - PLANTA E CORTES','282-E04-A0-129849',NULL,NULL,389,54,'2017-08-31 15:14:44',19),(735,'LISTA DE MATERIAIS - OZÔNIO - AREA 282','P-1296-282-IBSC-83095',NULL,NULL,389,56,'2017-08-31 15:11:44',19),(736,'MEMORIA DE CALCULO DE SPDA - LABORATORIO DE PESQUISA - AREA 825','P-1296-825-ZBSC-83433',NULL,NULL,389,68,'2017-08-31 15:12:37',19),(737,'LABORATORIO DE PESQUISA - SPDA - VISTA E PLANTA','P-1296-0-825-E080-834030',NULL,NULL,389,54,'2017-08-31 15:06:18',19),(738,'LISTA DE MATERIAIS - LABORATORIO DE PESQUISA - AREA 825','P-1296-825-IBSC-83435',NULL,NULL,389,56,'2017-08-31 15:10:26',19),(739,'\"RELATORIO – RESISTIVIDADE E ESTRATIFICAÇÃO DO SOLO DA ESTAÇÃO DE COMPRENSSÃO MANATI - VERSÃO EM POR','FRY-1404-000-E18-001',NULL,NULL,390,61,'2017-08-31 15:24:13',19),(740,'\"REPORT – RESISTIVITY AND STRATIFICATION OF SOIL OF STATION OF COMPRESSION MANATI - VERSÃO EM INGLES','FRY-1404-000-E18-001',NULL,NULL,390,61,'2017-08-31 15:25:06',19),(741,'ENERGIA INCIDENTE DE ARCO ELÉTRICO','MC-4100.01-5144-94F-MDP-006',NULL,NULL,391,68,'2017-08-31 15:55:46',19),(742,'SISTEMA DE CORRENTE CONTÍNUA','MC-4100.01-5144-94F-MDP-005',NULL,NULL,391,68,'2017-08-31 16:00:27',19),(743,'CURTO-CIRCUITO','MC-4100.01-5144-94F-MDP-001',NULL,NULL,391,68,'2017-08-31 15:54:56',19),(744,'FLUXO DE CARGAS','MC-4100.01-5144-94F-MDP-002',NULL,NULL,391,68,'2017-08-31 15:57:52',19),(745,'PARTIDA DE MOTORES','MC-4100.01-5144-94F-MDP-004',NULL,NULL,391,68,'2017-08-31 15:58:41',19),(746,'SELETIVIDADE','MC-4100.01-5144-94F-MDP-003',NULL,NULL,391,68,'2017-08-31 15:59:27',19),(747,'ARRANJO DE EQUIPAMENTO','DE-4100.01-5144-942-MDP-001',NULL,NULL,391,60,'2017-08-31 15:53:43',19),(748,'PLANTA DE INFRA ESTRUTURA - REDE DE DADOS E VOZ - CONTAINER','DE-3307.00-8100-760-MDP-001',NULL,NULL,392,52,'2017-08-31 16:08:41',19),(750,'NOVO PC DO HORTOMERCADO DIAGRAMA UNIFILAR GERAL','FRY-1303-000-E05-001_001',NULL,NULL,393,48,NULL,NULL),(751,'DETALHES TIPICOS - REDE DE DADOS E VOZ - CONTAINER','DE-3307.00-8100-760-MDP-007',NULL,NULL,392,51,'2017-09-06 15:22:10',19),(752,'MEMORIAL DESCRITIVO DO SISTEMA ELETRICO','MD-3307.00-8100-700-MDP-001',NULL,NULL,392,63,'2017-09-11 15:39:44',19),(753,'MEMORIA DE CALCULO - DIMENSIONAMENTO DE CONDUTORES','MC-3307.00-8100-721-MDP-001',NULL,NULL,392,68,'2017-09-11 15:34:36',19),(754,'MEMORIA DE CALCULO - ILUMINAÇÃO','MC-3307.00-8100-700-MDP-001',NULL,NULL,392,68,'2017-09-11 15:39:48',19),(755,'FOLHA DE DADOS - PL04','FD-3307.00-8100-742-MDP-004',NULL,NULL,392,44,'2017-09-11 15:26:46',19),(756,'FOLHA DE DADOS - PN04','FD-3307.00-8100-741-MDP-011',NULL,NULL,392,44,'2017-09-11 15:27:48',19),(757,'FOLHA DE DADOS - PN24SF','FD-3307.00-8100-741-MDP-007',NULL,NULL,392,44,'2017-09-11 15:29:51',19),(758,'DIAGRAMA UNIFILAR GERAL','DE-3307.00-8100-946-MDP-001',NULL,NULL,392,48,'2017-09-11 15:25:33',19),(759,'DIAGRAMA TRIFILAR E QUADRO DE CARGAS - PL04','DE-3307.00-8100-946-MDP-005',NULL,NULL,392,69,'2017-09-11 15:19:44',19),(760,'DIAGRAMA TRIFILAR E QUADRO DE CARGAS - PN04','DE-3307.00-8100-946-MDP-011DE-3307.00-8100-94',NULL,NULL,392,69,'2017-09-11 15:22:49',19),(761,'PLANTA DE ILUMINAÇÃO EXTERNA','DE-3307.00-8100-700-MDP-014',NULL,NULL,392,55,'2017-09-11 15:45:24',19),(762,'PLANTA DE FORÇA GERAL','DE-3307.00-8100-700-MDP-013',NULL,NULL,392,53,'2017-09-12 13:41:04',19),(763,'LISTA DE CABOS','LI-3307.00-8100-721-MDP-004',NULL,NULL,392,58,'2017-09-11 15:32:42',19),(767,'RELATÓRIO DE NÃO CONFORMIDADE SPDA','FRY-1608.00-E18-001',NULL,NULL,394,61,'2017-09-19 14:40:50',19),(768,'teste','TTT','','',392,57,NULL,NULL),(776,'MC','MC_LOTEAMENTO-FINAL-R1','1606',NULL,396,36,NULL,NULL),(777,'TX','01-SAA-HID-TX-HID-001-R1','1606',NULL,396,36,NULL,NULL),(787,'Armazem','Armazem',NULL,NULL,402,35,NULL,NULL),(788,'Guarita gate in','Guarita gate in',NULL,NULL,402,35,NULL,NULL),(789,'Guarita gate out','Guarita gate out',NULL,NULL,402,35,NULL,NULL),(790,'Guarita triagem','Guarita triagem',NULL,NULL,402,35,NULL,NULL),(791,'mariner','mariner',NULL,NULL,402,35,NULL,NULL),(792,'CAIXA DE VENTOSA E  DESCARGAS DN50 A DN250 VISTA SUPERIOR, PLANTA BAIXA E CORTE.','2017.03.04-SAA-CXVD-PE-DE-HID-001',NULL,NULL,396,35,NULL,NULL),(793,'DETALHES DE LIGAÇÃO PREDIAL,  REGISTRO ','2017.03.04-SAA-DET-PE-DE-HID-001','1606',NULL,396,35,NULL,NULL),(794,'REDE DE DISTRIBUIÇÃO PLANTA GERAL','2017.03.05-SAA-GER-PH-DE-HID-001','1606',NULL,396,35,NULL,NULL),(795,'LAY OUT E URBANIZAÇÃO RESERVATÓRIO DE 200M³','2017.03.04-SAA-LUR-PB-DE-HID-001-R0',NULL,NULL,396,35,NULL,NULL),(796,'REDE CÁLCULO','2017.03.05-SES-DIS-PH-DE-HID-005 E 006-R0','1606',NULL,396,35,NULL,NULL),(797,'REDE-DETALHAMENTO','2017.03.05-SAA-DIS-PH-DE-HID-001 E 004-R0','1606',NULL,396,35,NULL,NULL),(798,'RESERVATÓRIO','2017.03.04-SAA-RES-PB-DE-HID-001-R0',NULL,NULL,396,35,NULL,NULL),(799,'Mezanino (armazém)','Mezanino (armazém)','1710',NULL,402,35,NULL,NULL),(800,'Oficina e almoxarifado','Oficina e almoxarifado','1710',NULL,402,35,NULL,NULL),(801,'Prédio adm. (ala nova e antiga)','Prédio adm. (ala nova e antiga)','1710',NULL,402,35,NULL,NULL),(813,'CASA DO GERADOR','2017.03.05-SES-CGE-PE-DE-HID-001','1606','',396,36,NULL,NULL),(814,'CAIXA VENTOSA DESCARGA','2017.03.05-SES-CXVD-PE-DE-HID-001','1606',NULL,396,36,NULL,NULL),(815,'DETALHES','2017.03.05-SES-DET-PE-DE-HID-001-','1606',NULL,396,36,NULL,NULL),(816,'DETALHES','2017.03.05-SES-DET-PE-DE-HID-002','1606',NULL,396,36,NULL,NULL),(817,'DETALHES','2017.03.05-SES-DET-PE-DE-HID-003','1606','',396,36,NULL,NULL),(818,'DETALHES','2017.03.05-SES-DET-PE-DE-HID-004','1606',NULL,396,36,NULL,NULL),(819,'ELEVATÓRIA / EEE-A','2017.03.05-SES-EEE-PE-DE-HID-001A004','1606','',396,36,NULL,NULL),(820,' ELEVATÓRIA /EEE-B',' 2017.03.05-SES-EEE-PE-DE-HID-005','1606','',396,36,NULL,NULL),(821,'ELEVATÓRIA / EEE-B','2017.03.05-SES-EEE-PE-DE-HID-006','1606','',396,36,NULL,NULL),(822,'ELEVATÓRIA / EEE-C','2017.03.05-SES-EEE-PE-DE-HID-007V','1606','',396,36,NULL,NULL),(823,'ELEVATÓRIA / EEE-C','2017.03.05-SES-EEE-PE-DE-HID-008',NULL,NULL,396,36,NULL,NULL),(824,'ELEVATÓRIA / EEE-D','2013.03.05-SES-EEE-PE-DE-HID-010','1606',NULL,396,36,NULL,NULL),(825,'ELEVATÓRIA / EEE-D','2017.03.05-SES-EEE-PE-DE-HID-009','1606',NULL,396,36,NULL,NULL),(826,'GERAL','2017.03.05-SES-GER-PH-DE-HID-001','1606',NULL,396,36,NULL,NULL),(827,'LINHAS DE RECALQUE','2017.03.05-SES-LRE-PE-DE-HID-001','1606',NULL,396,36,NULL,NULL),(828,'LINHAS DE RECALQUE','2017.03.05-SES-LRE-PE-DE-HID-002','1606',NULL,396,36,NULL,NULL),(829,'LINHAS DE RECALQUE','2017.03.05-SES-LRE-PE-DE-HID-003','1606',NULL,396,36,NULL,NULL),(830,'LINHAS DE RECALQUE','2017.03.05-SES-LRE-PE-DE-HID-004','1606',NULL,396,36,NULL,NULL),(831,'LINHAS DE RECALQUE','2017.03.05-SES-PRE-PE-DE-HID-001A004','1606',NULL,396,36,NULL,NULL),(832,'REDE COLETORA','2017.03.05-SES-COL-PH-DE-HID-001 E 002','1606',NULL,396,36,NULL,NULL),(833,'TANQUE PULMÃO','2017.03.05-SES-TNP-PH-DE-HID-001','1606',NULL,396,36,NULL,NULL),(835,'TANQUE PULMÃO','2017.03.05-SES-TNP-PH-DE-HID-002','1606',NULL,396,36,NULL,NULL),(836,'TANQUE PULMÃO','2017.03.05-SES-TNP-PH-DE-HID-003','1606',NULL,396,36,NULL,NULL),(837,'TANQUE PULMÃO','2017.03.05-SES-TNP-PH-DE-HID-004','1606',NULL,396,36,NULL,NULL),(839,'URBANIZACAO','2017.03.05-SES-LUR-PE-DE-HID-001 A 004','1606',NULL,396,36,NULL,NULL),(840,'Documento Teste 1 - Projeto 1','PT1-DOC1','CLICOD-1',NULL,403,88,NULL,NULL),(843,'Documento Teste 2','PT1-DOC2',NULL,NULL,403,49,'2017-12-29 15:10:58',1),(844,'Documento Teste 3','PT1-DOC3',NULL,NULL,403,39,NULL,NULL),(845,'TX PROJETO DO SISTEMA DE ESGOTAMENTO SANITÁRIO VOL I','02-SES-HID-TX-HID-001-R2',NULL,NULL,396,32,NULL,NULL),(846,'PROJETO HIDRÁULICO FINAL BACIA A.ESG-TRECHOS-RESULTADO FINAL-R2','MC_REDE',NULL,NULL,396,33,NULL,NULL),(847,'MC-EEE-A','MC_EEE / EEE-A','1606',NULL,396,33,NULL,NULL),(848,'MC-EEE-B','MC-EEE /  EEE-B','1606',NULL,396,33,NULL,NULL),(849,'MC-EEE-C','MC-EEE  / EEE-C','1606',NULL,396,33,NULL,NULL),(850,'MC-EEE-D','MC-EEE / EEE-D','1606',NULL,396,33,NULL,NULL),(851,'foldados_dimen37907','MC-EEE-A',NULL,NULL,396,32,NULL,NULL),(852,'CURVA DA BOMBA_EEE-B','MC-EEE-B','1606',NULL,396,32,NULL,NULL),(853,'CURVA DA BOMBA_EEE-D','MC-EEE-D','1606',NULL,396,32,NULL,NULL),(854,'MD','FRY-1709.00-E20-001=0','1709',NULL,404,35,NULL,NULL),(855,'ESTRUTURAS CONCRETO ARMADO E MADEIRA F1','FRY-1709.01-C13-001=0_01',NULL,NULL,404,35,NULL,NULL),(856,'ESTRUTURAS CONCRETO ARMADO E MADEIRA F2','FRY-1709.01-C13-001=0_02','1709',NULL,404,35,NULL,NULL),(857,'ESTRUTURAS CONCRETO ARMADO E MADEIRA','FRY-1709.01-C13-001=0_03','1709',NULL,404,35,NULL,NULL),(858,'ESTRUTURAS CONCRETO ARMADO E MADEIRA F4','FRY-1709.01-C13-001=0_04','1709',NULL,404,35,NULL,NULL),(859,'PROJETO COBERTURA ESTRUTURAS CONCRETO ARMADO E MADEIRA','FRY-1709.01-C13-001=0','1709',NULL,404,35,NULL,NULL),(860,'CAD - NLCCIT01','NLCCIT01','1706',NULL,405,123,NULL,NULL),(861,'Cad - NLILIT02','NLILIT02','1706',NULL,405,123,NULL,NULL),(862,'CAD - NLILIT06','NLILIT06','1706',NULL,405,123,NULL,NULL),(863,'CAD - NLILIT07','NLILIT07','1706',NULL,405,123,NULL,NULL),(864,'CAD - NLIKFS02','NLIKFS02','1706',NULL,405,123,NULL,NULL),(865,'CAD - NLIKFS01','NLIKFS01','1706',NULL,405,123,NULL,NULL),(866,'CAD - SCIT01','SCIT01','1706',NULL,405,123,NULL,NULL),(867,'CAD - IGVC03','IGVC03','1706',NULL,405,123,NULL,NULL),(868,'CAD - BHCT01','BHCT01','1706',NULL,405,123,NULL,NULL),(869,'CAD - NLRPVC01','NLRPVC01','1706',NULL,405,123,NULL,NULL),(871,'CAD - MQVC01','MQVC01','1706',NULL,405,123,NULL,NULL),(872,'CAD - NLBICT01','NLBICT01','1706',NULL,405,123,NULL,NULL),(874,'CAD - NLPRIT03','NLPRIT03','1706',NULL,405,123,NULL,NULL),(875,'CAD - NLVCCE06','NLVCCE06','1706',NULL,405,123,NULL,NULL),(876,'CAD - PLVC01','PLVC01','1706',NULL,405,123,NULL,NULL),(877,'CAD - UIIT01','UIIT01','1706',NULL,405,123,NULL,NULL),(878,'CAD - VCCE14','VCCE14','1706',NULL,405,123,NULL,NULL),(879,'CAD - NLNFFS01','NLNFFS01','1706',NULL,405,123,NULL,NULL),(880,'CAD - TAIT01','TAIT01','1706',NULL,405,123,NULL,NULL),(881,'6.1_NLPRIT01_30062017_TSSR_Report_rev.00','6.1_NLPRIT01_30062017_TSSR_Report_rev.00',NULL,'1706',405,123,NULL,NULL),(882,'NLPRIT01_RELATORIO FOTOGRAFICO_RF_2017_REV00','NLPRIT01_RELATORIO FOTOGRAFICO_RF_2017_REV00',NULL,NULL,405,123,NULL,NULL),(883,'PLANTA BAIXA_NLPRIT01','PLANTA BAIXA_NLPRIT01',NULL,'1706',405,123,NULL,NULL),(884,'SCI_RF_NLPRIT01_30.06.2017','SCI_RF_NLPRIT01_30.06.2017',NULL,'1706',405,123,NULL,NULL),(885,'TORRE_NLPRIT01','TORRE_NLPRIT01',NULL,'1706',405,123,NULL,NULL),(889,'Layout dos Ar Condicionados -  Pátio - Mariner - Planta ','FRY-1710.00-E30-004',NULL,'1710',397,73,NULL,NULL),(890,'Layout dos Ar Condicionados - Pátio - Guarita Gate In - Planta ','FRY-1710.00-E30-005',NULL,'1710',397,73,NULL,NULL),(891,'Layout dos Ar Condicionados - Pátio - Guarita Gate Out - Planta ','FRY-1710.00-E30-006',NULL,'1710',397,73,NULL,NULL),(892,'Layout dos Ar Condicionados -  CODEBA - Triagem - Planta','FRY-1710.00-E30-007',NULL,'1710',397,73,NULL,NULL),(896,'Layout dos Ar Condicionados - Mezanino - Planta','FRY-1710.00-E30-001',NULL,NULL,397,73,NULL,NULL),(897,'Layout dos Ar Condicionados -  Manutenção e Almoxarifado - Planta ','FRY-1710.00-E30-003',NULL,NULL,397,73,NULL,NULL),(901,'Relatorio Técnico  - Dados Tecnicos do Sistema de Ar Condicionado','FRY-1710.00-E18-001',NULL,NULL,397,61,NULL,NULL),(903,'Memorial Descritivo Layout dos Ar Condicionados','FRY-1710.00-E20-001',NULL,NULL,397,63,NULL,NULL),(904,'Layout dos Ar Condicionados -  Predio Administrativo - Planta ','FRY-1710.00-E30-002',NULL,NULL,397,73,NULL,NULL),(905,'DESENHO TESTE','PT-DWG1',NULL,NULL,403,62,'2018-01-30 19:29:44',2),(906,'LAUDO DE CONTINUIDADE DA CORRENTE DE FUGA ADEQUAÇÃO DAS INSTALAÇÕES DA LAJE DO LVT DO METRÔ AGIS','FRY-1801.00-E18-001=0',NULL,NULL,406,61,NULL,NULL),(907,'ADMISSÃO 20/02','01',NULL,NULL,407,97,NULL,NULL),(908,'Site_BAM_Boca da Mata','FRY-1802.00-E30-001=1',NULL,'1802',408,74,NULL,NULL),(909,'Fotos boca da mata','FRY-1802.00-E28-001',NULL,'1802',408,75,NULL,NULL),(910,'Site_BLE_Valeria','FRY-1802.00-E30-002=1',NULL,'1802',408,74,NULL,NULL),(911,'Fotos Valeria','FRY-1802.00-E28-002',NULL,'1802',408,75,NULL,NULL),(912,'Site_CSA_Catussaba','FRY-1802.00-E30-003=0',NULL,'1802',408,74,NULL,NULL),(913,'Fotos Catussaba','FRY-1802.00-E28-003',NULL,'1802',408,75,NULL,NULL),(914,'Site_SMS_Stela Mares','FRY-1802.00-E30-005=1',NULL,'1802',408,74,NULL,NULL),(915,'Fotos Stela Mares','FRY-1802.00-E28-005',NULL,NULL,408,75,NULL,NULL),(916,'Fotos Pernambues','FRY-1802.00-E28-004',NULL,'1802',408,75,NULL,NULL),(917,' Site_NPB_Pernambues','FRY-1802.00-E30-004',NULL,'1802',408,75,NULL,NULL),(918,'Parâmetros da Equação de Intensidade, Duração e Frequência da Precipitação','Parâmetros da Equação de Intens-R1',NULL,NULL,396,32,NULL,NULL),(919,'DETALHES DRENAGEM - BUEIROS - BERÇOS','2017.03.05-DRE-DET-CV-DE-HID-001',NULL,NULL,396,28,NULL,NULL),(920,'DETALHES DRENAGEM - BUEIROS - BOCA SIMPLES','2017.03.05-DRE-DET-CV-DE-HID-002',NULL,NULL,396,28,NULL,NULL),(921,'DETALHES DRENAGEM - CALHAS','2017.03.05-DRE-DET-CV-DE-HID-003',NULL,NULL,396,28,NULL,NULL),(922,'DETALHES DRENAGEM - DETALHE DE PASSAGEM SOB PASSEIO PARA LANÇAMENTO','2017.03.05-DRE-DET-CV-DE-HID-004',NULL,NULL,396,28,NULL,NULL),(923,'ESPECIFICAÇÕES PARA REDE DE DRENAGEM PLUVIAL - CAIXA ENGOLE TUDO','2017.03.05-DRE-DET-CV-DE-HID-005',NULL,NULL,396,28,NULL,NULL),(924,'ESPECIFICAÇÕES PARA REDE DE DRENAGEM PLUVIAL -  DETALHE ESTRUTURA DE LANÇAMENTO','2017.03.05-DRE-DET-CV-DE-HID-006',NULL,NULL,396,28,NULL,NULL),(925,'ESPECIFICAÇÕES PARA REDE DE DRENAGEM PLUVIAL - POÇO DE VISITA','2017.03.05-DRE-DET-CV-DE-HID-007',NULL,NULL,396,28,NULL,NULL),(926,'ESPECIFICAÇÕES PARA REDE DE DRENAGEM PLUVIAL - DETALHE ESTRUTURA DE LANÇAMENTO','2017.03.05-DRE-DET-CV-DE-HID-008',NULL,NULL,396,28,NULL,NULL),(927,'DETALHES CONSTRUTIVOS - DESCIDAS DÁGUA','2017.03.05-DRE-DET-CV-DE-HID-010',NULL,NULL,396,28,NULL,NULL),(928,'PLANTA GERAL - UNIDADES PROJETADAS','2017.03.05-DRE-GER-CV-DE-HID-001-R1',NULL,NULL,396,28,NULL,NULL),(929,'GALERIAS PROJETADAS - DETALHAMENTO','2017.03.05-DRE-RED-CV-DE-HID-001 E 002-R1',NULL,NULL,396,28,NULL,NULL),(930,'Estações Fluviométricas Ajustadas e Área de Drenagem por SRTM','50660000',NULL,NULL,396,28,NULL,NULL),(931,'RESULTADO FINAL ENTREGUE.DXF','RESULTADO FINAL ENTREGUE.DXF',NULL,NULL,396,32,NULL,NULL),(932,'PROJETO DO SISTEMA DE DRENAGEM URBANA','03-DRE-HID-TX-HID-001-R0',NULL,NULL,396,28,NULL,NULL),(933,'Planta I – CCM-01 – Diagrama Unifilar - 2','ITF-0200-E060-A1-02145 FL.1/3-2',NULL,NULL,376,48,NULL,NULL),(934,'DOC TESTE 1','FRY-2018-00001',NULL,NULL,409,32,NULL,NULL),(935,'DOC TESTE 2','FRY-2018-00002',NULL,NULL,409,38,NULL,NULL),(936,'DOC TESTE 3','FRY-2018-00003',NULL,NULL,409,35,NULL,NULL),(937,'DOC TESTE 4','FRY-2018-00004',NULL,NULL,409,30,NULL,NULL),(938,'DOC TESTE 5','FRY-2018-00005',NULL,NULL,409,31,NULL,NULL),(939,'DOC TESTE 6','FRY-2018-00006',NULL,NULL,409,38,NULL,NULL),(940,'DOC TESTE 7','FRY-2018-00007',NULL,NULL,409,29,NULL,NULL),(941,'DOC TESTE 8','FRY-2018-00008',NULL,NULL,409,32,NULL,NULL),(942,'DOC TESTE 9','FRY-2018-00009',NULL,NULL,409,38,NULL,NULL),(943,'DOC TESTE 10','FRY-2018-00010',NULL,NULL,409,27,NULL,NULL),(944,'DOC TESTE 12','FRY-2018-00012',NULL,NULL,409,31,NULL,NULL),(945,'DOC TESTE 13','FRY-2018-00013',NULL,NULL,409,38,NULL,NULL),(946,'DOC TESTE 14','FRY-2018-00014',NULL,NULL,409,29,NULL,NULL),(947,'DOC TESTE 11','FRY-2018-00011',NULL,NULL,409,26,NULL,NULL),(948,'DOC TESTE 15','FRY-2018-00015',NULL,NULL,409,26,NULL,NULL),(949,'DOC TESTE 16','FRY-2018-00016',NULL,NULL,409,34,NULL,NULL);
/*!40000 ALTER TABLE `gdoks_documentos` ENABLE KEYS */;
UNLOCK TABLES;

--
-- Table structure for table `gdoks_documentos_x_dependencias`
--

DROP TABLE IF EXISTS `gdoks_documentos_x_dependencias`;
/*!40101 SET @saved_cs_client     = @@character_set_client */;
/*!40101 SET character_set_client = utf8 */;
CREATE TABLE `gdoks_documentos_x_dependencias` (
  `id` int(11) NOT NULL AUTO_INCREMENT,
  `id_documento` int(11) DEFAULT NULL,
  `id_dependencia` int(11) DEFAULT NULL,
  PRIMARY KEY (`id`),
  KEY `FK_documentos_x_doc_dependente_idx` (`id_documento`),
  KEY `FK_documentos_x_doc_pai_idx` (`id_dependencia`),
  CONSTRAINT `FK_documentos_x_doc_dependente` FOREIGN KEY (`id_documento`) REFERENCES `gdoks_documentos` (`id`) ON DELETE CASCADE ON UPDATE CASCADE,
  CONSTRAINT `FK_documentos_x_doc_pai` FOREIGN KEY (`id_dependencia`) REFERENCES `gdoks_documentos` (`id`) ON DELETE CASCADE ON UPDATE CASCADE
) ENGINE=InnoDB DEFAULT CHARSET=utf8;
/*!40101 SET character_set_client = @saved_cs_client */;

--
-- Dumping data for table `gdoks_documentos_x_dependencias`
--

LOCK TABLES `gdoks_documentos_x_dependencias` WRITE;
/*!40000 ALTER TABLE `gdoks_documentos_x_dependencias` DISABLE KEYS */;
/*!40000 ALTER TABLE `gdoks_documentos_x_dependencias` ENABLE KEYS */;
UNLOCK TABLES;

--
-- Table structure for table `gdoks_empresas`
--

DROP TABLE IF EXISTS `gdoks_empresas`;
/*!40101 SET @saved_cs_client     = @@character_set_client */;
/*!40101 SET character_set_client = utf8 */;
CREATE TABLE `gdoks_empresas` (
  `id` int(11) NOT NULL AUTO_INCREMENT,
  `nome` varchar(45) NOT NULL,
  `codigo` varchar(5) NOT NULL,
  PRIMARY KEY (`id`),
  UNIQUE KEY `nome_UNIQUE` (`nome`),
  UNIQUE KEY `codigo_UNIQUE` (`codigo`)
) ENGINE=InnoDB AUTO_INCREMENT=2 DEFAULT CHARSET=utf8;
/*!40101 SET character_set_client = @saved_cs_client */;

--
-- Dumping data for table `gdoks_empresas`
--

LOCK TABLES `gdoks_empresas` WRITE;
/*!40000 ALTER TABLE `gdoks_empresas` DISABLE KEYS */;
INSERT INTO `gdoks_empresas` VALUES (1,'Faraday','fday');
/*!40000 ALTER TABLE `gdoks_empresas` ENABLE KEYS */;
UNLOCK TABLES;

--
-- Table structure for table `gdoks_especialistas`
--

DROP TABLE IF EXISTS `gdoks_especialistas`;
/*!40101 SET @saved_cs_client     = @@character_set_client */;
/*!40101 SET character_set_client = utf8 */;
CREATE TABLE `gdoks_especialistas` (
  `id` int(11) NOT NULL AUTO_INCREMENT,
  `id_usuario` int(11) DEFAULT NULL,
  `id_disciplina` int(11) DEFAULT NULL,
  PRIMARY KEY (`id`),
  UNIQUE KEY `UNIQUE_usuario_x_disciplina` (`id_usuario`,`id_disciplina`),
  KEY `FK_especialistas_x_disciplinas_idx` (`id_disciplina`),
  CONSTRAINT `FK_especialistas_x_disciplinas` FOREIGN KEY (`id_disciplina`) REFERENCES `gdoks_disciplinas` (`id`) ON DELETE CASCADE ON UPDATE CASCADE,
  CONSTRAINT `FK_especialistas_x_usuarios` FOREIGN KEY (`id_usuario`) REFERENCES `gdoks_usuarios` (`id`) ON DELETE CASCADE ON UPDATE CASCADE
) ENGINE=InnoDB AUTO_INCREMENT=87 DEFAULT CHARSET=utf8;
/*!40101 SET character_set_client = @saved_cs_client */;

--
-- Dumping data for table `gdoks_especialistas`
--

LOCK TABLES `gdoks_especialistas` WRITE;
/*!40000 ALTER TABLE `gdoks_especialistas` DISABLE KEYS */;
INSERT INTO `gdoks_especialistas` VALUES (62,1,1),(68,1,2),(84,1,3),(71,1,4),(23,1,6),(2,1,9),(16,1,10),(14,1,11),(57,1,15),(69,2,2),(85,2,3),(70,2,4),(36,2,8),(26,2,14),(61,3,1),(32,3,12),(46,3,13),(56,3,15),(83,4,3),(1,4,10),(40,4,13),(8,5,7),(12,5,10),(10,5,13),(5,6,10),(20,6,12),(7,7,5),(3,7,7),(30,7,12),(43,7,13),(53,7,15),(28,8,10),(82,9,3),(44,9,9),(33,9,10),(19,9,12),(55,9,15),(9,10,5),(29,10,11),(35,10,13),(6,10,14),(54,10,15),(86,19,3),(72,19,4),(73,19,16);
/*!40000 ALTER TABLE `gdoks_especialistas` ENABLE KEYS */;
UNLOCK TABLES;

--
-- Table structure for table `gdoks_grds`
--

DROP TABLE IF EXISTS `gdoks_grds`;
/*!40101 SET @saved_cs_client     = @@character_set_client */;
/*!40101 SET character_set_client = utf8 */;
CREATE TABLE `gdoks_grds` (
  `id` int(11) NOT NULL AUTO_INCREMENT,
  `id_projeto` int(11) NOT NULL,
  `codigo` varchar(60) NOT NULL,
  `obs` varchar(256) DEFAULT NULL,
  `datahora_registro` datetime NOT NULL,
  `datahora_enviada` datetime DEFAULT NULL,
  `unique_link` varchar(60) DEFAULT NULL,
  `idu_remetente` int(11) DEFAULT NULL,
  PRIMARY KEY (`id`),
  UNIQUE KEY `codigo_UNIQUE` (`codigo`),
  KEY `FK_grd_x_id_projeto_idx` (`id_projeto`),
  KEY `FK_grd_x_idu_remetente_idx` (`idu_remetente`),
  CONSTRAINT `FK_grd_x_id_projeto` FOREIGN KEY (`id_projeto`) REFERENCES `gdoks_projetos` (`id`) ON DELETE CASCADE ON UPDATE CASCADE,
  CONSTRAINT `FK_grd_x_idu_remetente` FOREIGN KEY (`idu_remetente`) REFERENCES `gdoks_usuarios` (`id`) ON DELETE NO ACTION ON UPDATE NO ACTION
) ENGINE=InnoDB AUTO_INCREMENT=36 DEFAULT CHARSET=utf8;
/*!40101 SET character_set_client = @saved_cs_client */;

--
-- Dumping data for table `gdoks_grds`
--

LOCK TABLES `gdoks_grds` WRITE;
/*!40000 ALTER TABLE `gdoks_grds` DISABLE KEYS */;
INSERT INTO `gdoks_grds` VALUES (1,72,'GRD-2017-000001','','2017-08-29 13:46:59',NULL,NULL,NULL),(2,71,'GRD-2017-000002','','2017-08-29 15:07:38',NULL,'cc119b5477645d85b7493494e76ec9cf',NULL),(3,79,'GRD-2017-000003','','2017-09-01 15:52:36',NULL,NULL,NULL),(4,85,'GRD-2017-000004','','2017-09-06 15:24:53',NULL,NULL,NULL),(5,85,'GRD-2017-000005','','2017-09-12 13:43:43','2017-12-11 17:27:51','ffd015dcc2d15a87943ff7432afc1d90',1),(6,87,'GRD-2017-000006','','2017-09-19 14:42:28','2017-12-28 13:09:48','52dce0b9b6688469c1caa9d5c02a9c21',1),(7,85,'GRD-2017-000007','','2017-12-09 17:23:00',NULL,'0b4ebfac3f4c0bef70fc09f6fbbf55d8',NULL),(8,90,'GRD-2017-000008','','2017-12-12 12:41:55','2018-01-30 19:07:18','a53cf91029a6893bf2708e699aa23e75',1),(9,90,'GRD-2017-000009','','2017-12-12 19:30:45','2017-12-12 19:31:26',NULL,2),(10,90,'GRD-2017-000010','','2017-12-15 19:24:51','2017-12-15 19:25:41','a74de131aa521851f0f88ea36a1da1ef',1),(11,91,'GRD-2017-000011','','2017-12-29 19:06:12','2017-12-29 19:07:06','817720c5d5330c94dfcb5583f82946f8',1),(12,90,'GRD-2018-000001','','2018-01-02 18:27:28','2018-01-15 18:43:24','4b80fb224a5f9291eefa57d5fbd262f1',19),(13,70,'GRD-2018-000002','','2018-01-03 13:04:30','2018-01-05 10:54:40','242c83fb30be14aa8708e949538e12fe',1),(14,91,'GRD-2018-000003','','2018-01-03 17:51:56','2018-01-03 17:52:19','789cb0780784fa5d7601260b2ed148c0',1),(15,93,'GRD-2018-000004','','2018-01-04 18:17:09','2018-01-04 18:18:03','8bea4fbc8d08fb9aeb4fa89f49e11573',1),(16,91,'GRD-2018-000005','','2018-01-06 12:16:41','2018-01-06 12:17:27','753596732899f02117e64d9809bf10ba',1),(17,94,'GRD-2018-000006','','2018-01-08 19:08:50',NULL,NULL,NULL),(18,94,'GRD-2018-000007','','2018-01-08 19:11:44','2018-01-08 19:13:58','9e99b5c7ef4556ed13db6899d9035076',19),(19,71,'GRD-2018-000008','','2018-01-08 20:18:11',NULL,NULL,NULL),(20,92,'GRD-2018-000009','','2018-01-15 08:48:01','2018-01-15 08:46:21','44b780da40397c2aa098ee23060b169b',1),(21,91,'GRD-2018-000010','','2018-01-15 20:46:07','2018-01-15 20:47:58','27a424c02a234c8a5541f4b97a399a57',2),(22,91,'GRD-2018-000011','','2018-01-19 13:38:52','2018-01-19 13:39:34','3c29b90a48f3c0aaacb5870b9fa57fc1',19),(23,95,'GRD-2018-000012','','2018-02-02 19:23:16','2018-02-02 19:23:31',NULL,2),(24,71,'GRD-2018-000013','','2018-02-19 16:16:45',NULL,NULL,NULL),(25,91,'GRD-2018-000014','','2018-02-19 17:33:49','2018-02-19 17:34:26',NULL,2),(26,95,'GRD-2018-000015','','2018-02-23 10:41:30','2018-02-23 11:35:48','189b8243b891a0541804f43872f014de',19),(27,95,'GRD-2018-000016','','2018-02-23 16:41:38','2018-02-23 16:45:17','1a6ad622d0d3951e1aab4d07fb975c92',19),(28,91,'GRD-2018-000017','','2018-02-28 10:09:57',NULL,NULL,NULL),(29,91,'GRD-2018-000018','','2018-02-28 10:24:13','2018-02-28 10:24:19',NULL,2),(32,97,'GRD-2018-000019','','2018-02-28 17:00:38','2018-03-24 08:37:29','118568fa449329d05d330d2dd79f5602',1),(33,90,'GRD-2018-000020','','2018-03-01 15:57:07','2018-03-24 09:16:06','baaa60e038b655cc7a08639709b1ff8b',1),(34,98,'GRD-2018-000021','','2018-03-28 16:52:01','2018-03-28 16:52:35','bb2845bc22d980581508d6a8c9b4b792',1),(35,71,'GRD-2018-000022','','2018-04-08 04:44:32',NULL,NULL,NULL);
/*!40000 ALTER TABLE `gdoks_grds` ENABLE KEYS */;
UNLOCK TABLES;

--
-- Table structure for table `gdoks_grds_x_revisoes`
--

DROP TABLE IF EXISTS `gdoks_grds_x_revisoes`;
/*!40101 SET @saved_cs_client     = @@character_set_client */;
/*!40101 SET character_set_client = utf8 */;
CREATE TABLE `gdoks_grds_x_revisoes` (
  `id_grd` int(11) NOT NULL,
  `id_revisao` int(11) NOT NULL,
  `id_codEMI` int(11) NOT NULL,
  `id_tipo` int(11) NOT NULL,
  `nFolhas` int(11) DEFAULT NULL,
  `nVias` int(11) DEFAULT NULL,
  UNIQUE KEY `UQ_id_grd_x_id_rev` (`id_revisao`,`id_grd`),
  KEY `FK_grd_revisoes_x_id_revisoes_idx` (`id_revisao`),
  KEY `FK_grd_grd_x_id_grd_idx` (`id_grd`),
  KEY `FK_grd_x_rev_id_codEMI_idx` (`id_codEMI`),
  KEY `FK_grd_x_rev_id_tipo_idx` (`id_tipo`),
  CONSTRAINT `FK_grd_grd_x_id_grd` FOREIGN KEY (`id_grd`) REFERENCES `gdoks_grds` (`id`) ON DELETE CASCADE ON UPDATE CASCADE,
  CONSTRAINT `FK_grd_revisoes_x_id_revisoes` FOREIGN KEY (`id_revisao`) REFERENCES `gdoks_revisoes` (`id`) ON DELETE CASCADE ON UPDATE CASCADE,
  CONSTRAINT `FK_grd_x_rev_id_codEMI` FOREIGN KEY (`id_codEMI`) REFERENCES `gdoks_codigos_emi` (`id`) ON DELETE NO ACTION ON UPDATE NO ACTION,
  CONSTRAINT `FK_grd_x_rev_id_tipo` FOREIGN KEY (`id_tipo`) REFERENCES `gdoks_tipos_de_doc` (`id`) ON DELETE NO ACTION ON UPDATE NO ACTION
) ENGINE=InnoDB DEFAULT CHARSET=utf8;
/*!40101 SET character_set_client = @saved_cs_client */;

--
-- Dumping data for table `gdoks_grds_x_revisoes`
--

LOCK TABLES `gdoks_grds_x_revisoes` WRITE;
/*!40000 ALTER TABLE `gdoks_grds_x_revisoes` DISABLE KEYS */;
INSERT INTO `gdoks_grds_x_revisoes` VALUES (1,648,2,1,1,1),(2,674,2,1,1,1),(19,674,2,1,1,1),(35,674,2,1,1,1),(13,694,2,1,1,1),(13,695,2,1,1,1),(13,696,2,1,1,1),(13,697,2,1,1,1),(13,698,2,1,1,1),(3,718,2,1,1,1),(3,719,2,1,1,1),(3,720,2,1,1,1),(3,721,2,1,1,1),(3,722,2,1,1,1),(3,723,2,1,1,1),(3,724,2,1,1,1),(3,725,2,1,1,1),(4,748,2,1,1,1),(7,748,2,1,1,1),(4,751,2,1,1,1),(7,751,2,1,1,1),(5,752,2,1,1,1),(7,752,2,1,1,1),(5,753,2,1,1,1),(7,753,2,1,1,1),(5,754,2,1,1,1),(7,754,2,1,1,1),(5,755,2,1,1,1),(5,756,2,1,1,1),(5,757,2,1,1,1),(5,758,2,1,1,1),(5,759,2,1,1,1),(5,760,2,1,1,1),(5,761,2,1,1,1),(5,762,2,1,1,1),(5,763,2,1,1,1),(6,767,2,1,1,1),(8,777,2,1,1,1),(9,777,2,1,1,1),(10,777,2,1,1,1),(33,777,2,1,1,1),(8,778,2,1,1,1),(9,778,2,1,1,1),(10,778,2,1,1,1),(33,778,2,1,1,1),(28,788,2,2,1,1),(28,789,2,2,1,1),(28,790,2,2,1,1),(28,791,2,2,1,1),(28,792,2,2,1,1),(10,793,2,1,1,1),(33,793,2,1,1,1),(10,794,2,1,1,1),(33,794,2,1,1,1),(10,795,2,1,1,1),(33,795,2,1,1,1),(10,796,2,1,1,1),(33,796,2,1,1,1),(10,797,2,1,1,1),(33,797,2,1,1,1),(10,798,2,1,1,1),(33,798,2,1,1,1),(10,799,2,1,1,1),(33,799,2,1,1,1),(28,800,2,2,1,1),(28,801,2,2,1,1),(28,802,2,2,1,1),(12,814,2,1,1,1),(33,814,2,1,1,1),(12,815,2,1,1,1),(33,815,2,1,1,1),(12,816,2,1,1,1),(33,816,2,1,1,1),(12,817,2,1,1,1),(33,817,2,1,1,1),(12,818,2,1,1,1),(33,818,2,1,1,1),(12,819,2,1,1,1),(33,819,2,1,1,1),(12,820,2,1,1,1),(33,820,2,1,1,1),(12,821,2,1,1,1),(33,821,2,1,1,1),(12,822,2,1,1,1),(33,822,2,1,1,1),(12,823,2,1,1,1),(33,823,2,1,1,1),(12,824,2,1,1,1),(33,824,2,1,1,1),(12,825,2,1,1,1),(33,825,2,1,1,1),(12,826,2,1,1,1),(33,826,2,1,1,1),(12,827,2,1,1,1),(33,827,2,1,1,1),(12,828,2,1,1,1),(33,828,2,1,1,1),(12,829,2,1,1,1),(33,829,2,1,1,1),(12,830,2,1,1,1),(33,830,2,1,1,1),(12,831,2,1,1,1),(33,831,2,1,1,1),(12,832,2,1,1,1),(33,832,2,1,1,1),(12,833,2,1,1,1),(33,833,2,1,1,1),(12,834,2,1,1,1),(33,834,2,1,1,1),(12,836,2,1,1,1),(33,836,2,1,1,1),(12,837,2,1,1,1),(33,837,2,1,1,1),(12,838,2,1,1,1),(33,838,2,1,1,1),(12,840,2,1,1,1),(33,840,2,1,1,1),(20,845,2,1,1,1),(12,846,2,1,1,1),(33,846,2,1,1,1),(12,847,2,1,1,1),(33,847,2,1,1,1),(12,848,2,1,1,1),(33,848,2,1,1,1),(12,849,2,1,1,1),(33,849,2,1,1,1),(12,850,2,1,1,1),(33,850,2,1,1,1),(12,851,2,1,1,1),(33,851,2,1,1,1),(12,852,2,1,1,1),(33,852,2,1,1,1),(12,853,2,1,1,1),(33,853,2,1,1,1),(12,854,2,1,1,1),(33,854,2,1,1,1),(13,855,2,1,1,1),(15,856,2,1,1,1),(15,857,2,1,1,1),(15,858,2,1,1,1),(15,859,2,1,1,1),(15,860,2,1,1,1),(15,861,2,1,1,1),(18,862,2,1,1,1),(18,863,2,1,1,1),(18,864,2,1,1,1),(18,865,2,1,1,1),(18,866,2,1,1,1),(18,867,2,1,1,1),(18,869,2,1,1,1),(18,870,2,1,1,1),(18,871,2,1,1,1),(18,873,2,1,1,1),(18,884,2,1,1,1),(18,885,2,1,1,1),(18,886,2,1,1,1),(18,887,2,1,1,1),(18,888,2,1,1,1),(21,892,2,1,1,1),(25,892,2,1,1,1),(28,892,16,2,1,1),(29,892,2,1,1,1),(21,893,2,1,1,1),(25,893,2,1,1,1),(28,893,2,2,1,1),(29,893,2,1,1,1),(21,894,2,1,1,1),(25,894,2,1,1,1),(28,894,2,2,1,1),(29,894,2,1,1,1),(21,895,2,1,1,1),(28,895,2,2,1,1),(29,895,2,1,1,1),(21,902,2,1,1,1),(28,902,2,2,1,1),(29,902,2,1,1,1),(21,903,2,1,1,1),(28,903,2,2,1,1),(29,903,2,1,1,1),(22,914,2,1,4,1),(28,914,2,2,4,1),(29,914,2,1,1,1),(22,916,2,1,4,1),(28,916,16,2,4,1),(29,916,2,1,1,1),(22,917,2,1,5,1),(28,917,2,1,1,1),(29,917,2,1,1,1),(32,926,2,1,1,1),(32,927,2,1,1,1),(32,928,2,1,1,1),(32,929,2,1,1,1),(32,930,2,1,1,1),(32,931,2,1,1,1),(32,932,2,1,1,1),(32,933,2,1,1,1),(32,935,2,1,1,1),(32,936,2,1,1,1),(33,937,2,1,1,1),(33,938,2,1,1,1),(33,939,2,1,1,1),(33,940,2,1,1,1),(33,941,2,1,1,1),(33,942,2,1,1,1),(33,943,2,1,1,1),(33,944,2,1,1,1),(33,945,2,1,1,1),(33,946,2,1,1,1),(33,947,2,1,1,1),(33,948,2,1,1,1),(33,949,2,1,1,1),(33,950,2,1,1,1),(33,951,2,1,1,1),(34,962,2,1,1,1),(34,963,2,1,1,1);
/*!40000 ALTER TABLE `gdoks_grds_x_revisoes` ENABLE KEYS */;
UNLOCK TABLES;

--
-- Table structure for table `gdoks_hhemdocs`
--

DROP TABLE IF EXISTS `gdoks_hhemdocs`;
/*!40101 SET @saved_cs_client     = @@character_set_client */;
/*!40101 SET character_set_client = utf8 */;
CREATE TABLE `gdoks_hhemdocs` (
  `id` int(11) NOT NULL AUTO_INCREMENT,
  `id_doc` int(11) DEFAULT NULL,
  `id_cargo` int(11) DEFAULT NULL,
  `hh` int(11) DEFAULT NULL,
  PRIMARY KEY (`id`),
  UNIQUE KEY `uq_doc_x_cargo` (`id_doc`,`id_cargo`),
  KEY `fk_id_cargo_x_cargos_idx` (`id_cargo`),
  KEY `fk_id_documento_x_documentos_idx` (`id_doc`),
  CONSTRAINT `fk_hhemdocs_x_documentos` FOREIGN KEY (`id_doc`) REFERENCES `gdoks_documentos` (`id`) ON DELETE CASCADE ON UPDATE CASCADE,
  CONSTRAINT `fk_id_cargo_x_cargos` FOREIGN KEY (`id_cargo`) REFERENCES `gdoks_cargos` (`id`) ON DELETE CASCADE ON UPDATE CASCADE
) ENGINE=InnoDB DEFAULT CHARSET=utf8;
/*!40101 SET character_set_client = @saved_cs_client */;

--
-- Dumping data for table `gdoks_hhemdocs`
--

LOCK TABLES `gdoks_hhemdocs` WRITE;
/*!40000 ALTER TABLE `gdoks_hhemdocs` DISABLE KEYS */;
/*!40000 ALTER TABLE `gdoks_hhemdocs` ENABLE KEYS */;
UNLOCK TABLES;

--
-- Table structure for table `gdoks_hist_prjs`
--

DROP TABLE IF EXISTS `gdoks_hist_prjs`;
/*!40101 SET @saved_cs_client     = @@character_set_client */;
/*!40101 SET character_set_client = utf8 */;
CREATE TABLE `gdoks_hist_prjs` (
  `id_projeto` int(11) NOT NULL,
  `id_usuario` int(11) NOT NULL,
  `ordem` tinyint(4) DEFAULT NULL,
  PRIMARY KEY (`id_projeto`,`id_usuario`),
  KEY `fk_histprj_x_usuario_idx` (`id_usuario`),
  KEY `fk_histprj_x_projeto_idx` (`id_projeto`),
  CONSTRAINT `fk_histprj_x_projeto` FOREIGN KEY (`id_projeto`) REFERENCES `gdoks_projetos` (`id`) ON DELETE CASCADE ON UPDATE CASCADE,
  CONSTRAINT `fk_histprj_x_usuario` FOREIGN KEY (`id_usuario`) REFERENCES `gdoks_usuarios` (`id`) ON DELETE CASCADE ON UPDATE CASCADE
) ENGINE=InnoDB DEFAULT CHARSET=utf8;
/*!40101 SET character_set_client = @saved_cs_client */;

--
-- Dumping data for table `gdoks_hist_prjs`
--

LOCK TABLES `gdoks_hist_prjs` WRITE;
/*!40000 ALTER TABLE `gdoks_hist_prjs` DISABLE KEYS */;
INSERT INTO `gdoks_hist_prjs` VALUES (69,2,1),(71,2,3),(90,19,5),(91,2,5),(95,2,4),(97,19,3),(98,1,5);
/*!40000 ALTER TABLE `gdoks_hist_prjs` ENABLE KEYS */;
UNLOCK TABLES;

--
-- Table structure for table `gdoks_log`
--

DROP TABLE IF EXISTS `gdoks_log`;
/*!40101 SET @saved_cs_client     = @@character_set_client */;
/*!40101 SET character_set_client = utf8 */;
CREATE TABLE `gdoks_log` (
  `id` int(11) NOT NULL AUTO_INCREMENT,
  `id_usuario` int(11) NOT NULL,
  `id_acao` int(11) NOT NULL,
  `parametros` varchar(256) DEFAULT NULL,
  `data` datetime NOT NULL,
  PRIMARY KEY (`id`),
  KEY `FK_id_usuario_idx` (`id_usuario`),
  KEY `FK_id_acao_idx` (`id_acao`),
  CONSTRAINT `FK_id_acao` FOREIGN KEY (`id_acao`) REFERENCES `gdoks_acoes` (`id`) ON DELETE NO ACTION ON UPDATE NO ACTION,
  CONSTRAINT `FK_id_usuario` FOREIGN KEY (`id_usuario`) REFERENCES `gdoks_usuarios` (`id`) ON DELETE CASCADE ON UPDATE CASCADE
) ENGINE=InnoDB AUTO_INCREMENT=2210 DEFAULT CHARSET=utf8;
/*!40101 SET character_set_client = @saved_cs_client */;

--
-- Dumping data for table `gdoks_log`
--

LOCK TABLES `gdoks_log` WRITE;
/*!40000 ALTER TABLE `gdoks_log` DISABLE KEYS */;
INSERT INTO `gdoks_log` VALUES (2043,1,1,NULL,'2018-03-02 06:41:15'),(2044,1,1,NULL,'2018-03-02 13:58:51'),(2045,1,1,NULL,'2018-03-03 15:21:40'),(2046,1,1,NULL,'2018-03-05 03:50:54'),(2047,1,1,NULL,'2018-03-05 06:52:38'),(2048,1,1,NULL,'2018-03-05 07:45:01'),(2049,1,1,NULL,'2018-03-05 07:49:30'),(2050,1,1,NULL,'2018-03-06 16:23:36'),(2051,1,1,NULL,'2018-03-06 17:34:31'),(2052,1,24,'933,Planta I – CCM-01 – Diagrama Unifilar,48,376','2018-03-07 01:00:38'),(2053,1,25,'933,Planta I – CCM-01 – Diagrama Unifilar,376,48','2018-03-07 01:03:03'),(2054,1,24,'934,Planta I – CCM-01 – Diagrama Unifilar,48,376','2018-03-07 01:04:36'),(2055,1,24,'935,Planta I – CCM-01 – Diagrama Unifilar,48,376','2018-03-07 01:06:37'),(2056,1,24,'0,Planta I – CCM-01 – Diagrama Unifilar,ITF-0200-E060-A1-02145 FL.1/3-99,,,Diagramas Unifilares,1703.00,ELE,4,1703.00,195,0,682,,100,2017-04-12,82,69,48,376','2018-03-07 01:06:37'),(2057,1,25,'934,Planta I – CCM-01 – Diagrama Unifilar,376,48','2018-03-07 01:07:13'),(2058,1,25,'935,Planta I – CCM-01 – Diagrama Unifilar,376,48','2018-03-07 01:07:16'),(2059,1,24,'936,werwer,273,376','2018-03-07 01:07:43'),(2060,1,24,'0,werwer,twwetwer,,,2018-03-14,69,273,376','2018-03-07 01:07:43'),(2061,1,24,'937,werwer,273,376','2018-03-07 01:08:08'),(2062,1,24,'0,werwer,[CÓPIA] twwetwer 2,,,2018-03-14,69,1,273,376','2018-03-07 01:08:08'),(2063,1,24,'938,Memorial Descritivo,63,376','2018-03-07 01:08:26'),(2064,1,24,'0,Memorial Descritivo,ITF-300-E060-F-02299 - 5,,,Memoriais Descritivos,1703.00,ELE,4,1703.00,195,0,692,,100,2017-04-12,80,69,63,376','2018-03-07 01:08:26'),(2065,1,25,'938,Memorial Descritivo,376,63','2018-03-07 01:14:10'),(2066,1,25,'936,werwer,376,273','2018-03-07 01:14:14'),(2067,1,25,'937,werwer,376,273','2018-03-07 01:14:18'),(2068,1,1,NULL,'2018-03-07 01:19:47'),(2069,1,24,'939,Memorial Descritivo,63,376','2018-03-07 01:20:36'),(2070,1,24,'0,Memorial Descritivo,ITF-300-E060-F-02299,,,Memoriais Descritivos,1703.00,ELE,4,1703.00,195,0,692,,100,2017-04-12,80,69,63,376','2018-03-07 01:20:36'),(2071,1,25,'939,Memorial Descritivo,376,63','2018-03-07 01:20:56'),(2072,1,24,'940,Memorial Descritivo,63,376','2018-03-07 01:21:37'),(2073,1,24,'0,Memorial Descritivo,ITF-300-E060-F-02299,,,Memoriais Descritivos,1703.00,ELE,4,1703.00,195,0,692,,100,2017-04-12,80,69,63,376','2018-03-07 01:21:37'),(2074,1,25,'940,Memorial Descritivo,376,63','2018-03-07 01:22:28'),(2075,1,1,NULL,'2018-03-07 15:01:35'),(2076,1,28,'907','2018-03-07 15:02:46'),(2077,1,39,'960,339','2018-03-07 15:03:10'),(2078,1,27,'50,907','2018-03-07 15:03:25'),(2079,1,28,'907','2018-03-07 15:03:39'),(2080,1,39,'960,340','2018-03-07 15:03:58'),(2081,1,27,'75,907','2018-03-07 15:04:05'),(2082,1,28,'907','2018-03-07 15:04:19'),(2083,1,29,'907','2018-03-07 15:35:49'),(2084,1,28,'907','2018-03-07 15:35:57'),(2085,1,29,'907','2018-03-07 15:35:59'),(2086,1,28,'907','2018-03-07 15:54:57'),(2087,1,1,NULL,'2018-03-14 15:32:02'),(2088,1,1,NULL,'2018-03-15 04:09:24'),(2089,1,2,NULL,'2018-03-15 13:57:23'),(2090,1,1,NULL,'2018-03-19 14:31:42'),(2091,1,1,NULL,'2018-03-20 01:24:57'),(2092,1,1,NULL,'2018-03-20 08:32:50'),(2093,1,1,NULL,'2018-03-20 10:02:00'),(2094,1,1,NULL,'2018-03-20 10:46:14'),(2097,1,47,NULL,'2018-03-20 11:09:53'),(2098,1,47,NULL,'2018-03-20 12:18:12'),(2099,1,47,NULL,'2018-03-20 12:18:43'),(2100,1,1,NULL,'2018-03-20 15:46:50'),(2101,1,1,NULL,'2018-03-24 03:26:25'),(2102,1,45,'32','2018-03-24 08:16:52'),(2103,1,45,'32','2018-03-24 08:37:30'),(2104,1,1,NULL,'2018-03-24 09:04:20'),(2105,1,45,'33','2018-03-24 09:16:06'),(2106,1,38,'3,[1]','2018-03-24 11:14:45'),(2107,1,3,'Sérgio Moura,sergiomoura@gdoks.com.br,sergio,1','2018-03-24 11:15:15'),(2108,1,3,'Anthony Valério,suporte@gdoks.com.br,tony,1','2018-03-24 11:15:34'),(2109,1,38,'3,[1|2]','2018-03-24 11:15:57'),(2110,1,24,'933,Planta I – CCM-01 – Diagrama Unifilar - 2,48,376','2018-03-24 11:18:51'),(2111,1,24,'0,Planta I – CCM-01 – Diagrama Unifilar - 2,ITF-0200-E060-A1-02145 FL.1/3-2,,,Diagramas Unifilares,1703.00,ELE,4,1703.00,195,0,682,,100,2017-04-12,82,69,48,376','2018-03-24 11:18:51'),(2112,1,1,NULL,'2018-03-26 05:55:34'),(2113,1,17,'0,PROJETO IMPORTADO,PRJ_IMPORT,45,1,2018-03-26T13:58:12.612Z,2018-05-31T13:58:12.000Z,1','2018-03-26 10:59:03'),(2114,1,1,NULL,'2018-03-27 08:27:58'),(2115,1,1,NULL,'2018-03-27 16:13:42'),(2116,1,1,NULL,'2018-03-28 09:17:30'),(2117,1,1,NULL,'2018-03-28 11:24:34'),(2118,1,23,'936,DOC TESTE 3,FRY-2018-00003,,,Des. Implantação (Locação Geral, Arrumento,Pavimentação e Urbanização, Sist. Subterr. e Drenagem),1001,C,3,1000,225,0,964,,0,2018-10-25,,98,35,409','2018-03-28 11:59:32'),(2119,1,23,'943,DOC TESTE 10,FRY-2018-00010,,,Des. Implantação (Locação Geral, Arrumento,Pavimentação e Urbanização, Sist. Subterr. e Drenagem),1001,C,3,1000,225,0,971,,0,2018-10-25,,98,27,409','2018-03-28 11:59:44'),(2120,1,28,'934','2018-03-28 13:46:26'),(2121,1,29,'934','2018-03-28 13:46:30'),(2122,1,28,'934','2018-03-28 13:48:14'),(2123,1,1,NULL,'2018-03-28 13:59:58'),(2124,1,47,NULL,'2018-03-28 14:16:31'),(2125,1,47,NULL,'2018-03-28 14:16:41'),(2126,1,47,NULL,'2018-03-28 14:16:54'),(2127,1,29,'934','2018-03-28 14:17:41'),(2128,1,28,'934','2018-03-28 16:36:31'),(2129,1,39,'962,341','2018-03-28 16:36:53'),(2130,1,27,'100,934','2018-03-28 16:37:00'),(2131,1,28,'935','2018-03-28 16:51:16'),(2132,1,39,'963,342','2018-03-28 16:51:28'),(2133,1,27,'2,935','2018-03-28 16:51:32'),(2134,1,40,'34,GRD-2018-000021,98','2018-03-28 16:52:01'),(2135,1,45,'34','2018-03-28 16:52:35'),(2136,1,1,NULL,'2018-03-29 03:07:34'),(2137,1,1,NULL,'2018-03-29 03:15:59'),(2138,1,1,NULL,'2018-03-30 16:01:58'),(2139,1,1,NULL,'2018-03-30 17:17:05'),(2140,1,1,NULL,'2018-04-02 14:06:54'),(2141,1,25,'873,CAD - ITCE02,405,123','2018-04-02 15:01:02'),(2142,1,25,'870,CAD - MAIT01,405,123','2018-04-02 15:01:54'),(2143,1,1,NULL,'2018-04-02 21:22:21'),(2144,1,1,NULL,'2018-04-02 22:15:50'),(2145,1,1,NULL,'2018-04-03 07:46:48'),(2146,1,29,'907','2018-04-03 07:57:20'),(2147,1,28,'907','2018-04-03 07:57:22'),(2148,1,29,'907','2018-04-03 07:58:51'),(2149,1,28,'907','2018-04-03 07:59:00'),(2150,1,39,'960,343','2018-04-03 15:46:25'),(2151,1,27,'76,907','2018-04-03 15:46:45'),(2152,1,28,'907','2018-04-03 15:47:21'),(2153,1,29,'907','2018-04-03 15:47:25'),(2154,1,28,'907','2018-04-03 15:47:28'),(2155,1,29,'907','2018-04-03 15:47:29'),(2156,1,28,'907','2018-04-03 15:47:34'),(2157,1,39,'960,344','2018-04-03 15:54:18'),(2158,1,27,'77,907','2018-04-03 15:55:38'),(2159,1,28,'907','2018-04-03 15:55:43'),(2160,1,39,'960,345','2018-04-03 15:56:00'),(2161,1,27,'78,907','2018-04-03 15:56:24'),(2162,1,28,'907','2018-04-03 15:57:14'),(2163,1,1,NULL,'2018-04-03 17:33:12'),(2164,1,1,NULL,'2018-04-05 13:17:30'),(2165,1,1,NULL,'2018-04-05 23:18:52'),(2166,1,3,'Sérgio Moura,smouracalmon@gmail.com,sergio,1','2018-04-05 23:19:22'),(2167,1,1,NULL,'2018-04-05 23:21:47'),(2168,1,3,'Sérgio Moura,smouracalmon@gmail.com,sergio,1','2018-04-05 23:22:12'),(2169,1,1,NULL,'2018-04-06 02:01:36'),(2170,1,39,'960,346','2018-04-06 02:43:04'),(2171,1,27,'90,907','2018-04-06 03:10:27'),(2172,1,28,'907','2018-04-06 03:10:33'),(2173,1,39,'960,347','2018-04-06 03:14:14'),(2174,1,27,'95,907','2018-04-06 03:14:30'),(2175,1,28,'820','2018-04-06 03:15:24'),(2176,1,29,'820','2018-04-06 03:15:32'),(2177,1,28,'820','2018-04-06 03:15:36'),(2178,1,1,NULL,'2018-04-08 00:16:48'),(2179,1,14,'22,ALL EFLUENTES DO NORDESTE LTDA,ALL METAIS','2018-04-08 04:22:28'),(2180,1,31,'1,Engenheiro 1,500.1','2018-04-08 04:24:40'),(2181,1,33,'3','2018-04-08 04:26:03'),(2182,1,32,'5,Técnico 1,350','2018-04-08 04:28:04'),(2183,1,40,'35,GRD-2018-000022,71','2018-04-08 04:44:25'),(2184,1,42,'35,GRD-2018-000022,71','2018-04-08 04:44:32'),(2185,1,39,'978,348','2018-04-08 05:28:58'),(2186,1,27,'5,820','2018-04-08 05:29:05'),(2187,1,28,'820','2018-04-08 05:39:37'),(2188,1,39,'978,349','2018-04-08 05:40:16'),(2189,1,27,'60,820','2018-04-08 05:40:23'),(2190,1,28,'820','2018-04-08 05:40:30'),(2191,1,39,'978,350','2018-04-08 05:41:40'),(2192,1,27,'80,820','2018-04-08 05:41:44'),(2193,1,28,'820','2018-04-08 05:42:21'),(2194,1,39,'978,351','2018-04-08 05:42:43'),(2195,1,27,'100,820','2018-04-08 05:42:50'),(2196,1,28,'820','2018-04-08 15:57:13'),(2197,1,39,'980,352','2018-04-08 15:57:33'),(2198,1,27,'35,820','2018-04-08 15:57:40'),(2199,1,28,'820','2018-04-09 00:57:10'),(2200,1,39,'980,353','2018-04-09 00:57:36'),(2201,1,27,'40,820','2018-04-09 00:57:55'),(2202,1,26,'1328','2018-04-09 01:42:28'),(2203,1,1,NULL,'2018-04-09 11:08:12'),(2204,1,28,'820','2018-04-09 11:09:11'),(2205,1,29,'820','2018-04-09 11:09:13'),(2206,1,28,'820','2018-04-09 11:09:15'),(2207,1,29,'820','2018-04-09 14:05:09'),(2208,1,28,'820','2018-04-09 14:05:11'),(2209,1,39,'980,354','2018-04-09 14:05:38');
/*!40000 ALTER TABLE `gdoks_log` ENABLE KEYS */;
UNLOCK TABLES;

--
-- Table structure for table `gdoks_observacoes`
--

DROP TABLE IF EXISTS `gdoks_observacoes`;
/*!40101 SET @saved_cs_client     = @@character_set_client */;
/*!40101 SET character_set_client = utf8 */;
CREATE TABLE `gdoks_observacoes` (
  `id` int(11) NOT NULL AUTO_INCREMENT,
  `id_grd` int(11) NOT NULL,
  `id_revisao` int(11) NOT NULL,
  `obs` text,
  `comentario_cliente` text,
  `data_recebida` date DEFAULT NULL,
  `datahora_registrada` datetime DEFAULT NULL,
  `idu` int(11) DEFAULT NULL,
  PRIMARY KEY (`id`),
  KEY `FK_grd_x_revisao_idx` (`id_grd`,`id_revisao`),
  KEY `FK_obs_x_idu_idx` (`idu`),
  CONSTRAINT `FK_grd_x_revisao` FOREIGN KEY (`id_grd`, `id_revisao`) REFERENCES `gdoks_grds_x_revisoes` (`id_grd`, `id_revisao`) ON DELETE CASCADE ON UPDATE CASCADE,
  CONSTRAINT `FK_obs_x_idu` FOREIGN KEY (`idu`) REFERENCES `gdoks_usuarios` (`id`) ON DELETE SET NULL ON UPDATE SET NULL
) ENGINE=InnoDB DEFAULT CHARSET=utf8;
/*!40101 SET character_set_client = @saved_cs_client */;

--
-- Dumping data for table `gdoks_observacoes`
--

LOCK TABLES `gdoks_observacoes` WRITE;
/*!40000 ALTER TABLE `gdoks_observacoes` DISABLE KEYS */;
/*!40000 ALTER TABLE `gdoks_observacoes` ENABLE KEYS */;
UNLOCK TABLES;

--
-- Table structure for table `gdoks_observacoes_arquivos`
--

DROP TABLE IF EXISTS `gdoks_observacoes_arquivos`;
/*!40101 SET @saved_cs_client     = @@character_set_client */;
/*!40101 SET character_set_client = utf8 */;
CREATE TABLE `gdoks_observacoes_arquivos` (
  `id` int(11) NOT NULL AUTO_INCREMENT,
  `caminho` varchar(256) DEFAULT NULL,
  `nome_cliente` varchar(60) DEFAULT NULL,
  `id_observacao` int(11) DEFAULT NULL,
  PRIMARY KEY (`id`),
  KEY `FK_id_obs_x_arquivo_idx` (`id_observacao`),
  CONSTRAINT `FK_id_obs_x_arquivo` FOREIGN KEY (`id_observacao`) REFERENCES `gdoks_observacoes` (`id`) ON DELETE CASCADE ON UPDATE CASCADE
) ENGINE=InnoDB DEFAULT CHARSET=utf8;
/*!40101 SET character_set_client = @saved_cs_client */;

--
-- Dumping data for table `gdoks_observacoes_arquivos`
--

LOCK TABLES `gdoks_observacoes_arquivos` WRITE;
/*!40000 ALTER TABLE `gdoks_observacoes_arquivos` DISABLE KEYS */;
/*!40000 ALTER TABLE `gdoks_observacoes_arquivos` ENABLE KEYS */;
UNLOCK TABLES;

--
-- Table structure for table `gdoks_opcoes_de_telas`
--

DROP TABLE IF EXISTS `gdoks_opcoes_de_telas`;
/*!40101 SET @saved_cs_client     = @@character_set_client */;
/*!40101 SET character_set_client = utf8 */;
CREATE TABLE `gdoks_opcoes_de_telas` (
  `id` int(11) NOT NULL AUTO_INCREMENT,
  `descricao` varchar(60) NOT NULL,
  `valor_padrao` tinyint(4) NOT NULL DEFAULT '1',
  `abreviacao` varchar(20) NOT NULL,
  `id_tela` int(11) NOT NULL,
  PRIMARY KEY (`id`),
  UNIQUE KEY `UQ_id_opcao_de_tela_x_id_tela` (`id`,`id_tela`),
  UNIQUE KEY `abreviacao_UNIQUE` (`abreviacao`),
  KEY `FK_id_opcoes_de_tela_x_tela_idx` (`id_tela`),
  CONSTRAINT `FK_id_opcoes_de_tela_x_tela` FOREIGN KEY (`id_tela`) REFERENCES `gdoks_telas` (`id`) ON DELETE CASCADE ON UPDATE CASCADE
) ENGINE=InnoDB AUTO_INCREMENT=19 DEFAULT CHARSET=utf8;
/*!40101 SET character_set_client = @saved_cs_client */;

--
-- Dumping data for table `gdoks_opcoes_de_telas`
--

LOCK TABLES `gdoks_opcoes_de_telas` WRITE;
/*!40000 ALTER TABLE `gdoks_opcoes_de_telas` DISABLE KEYS */;
INSERT INTO `gdoks_opcoes_de_telas` VALUES (1,'Cadastrar novo projeto',1,'CadastrarNovoPrj',1),(2,'Acessar um projeto cadastrado',1,'AcessarPrj',1),(3,'Adicionar um novo usuário',1,'AddNovoUsuario',2),(4,'Acessar/Alterar o cadastro de um outro usuário',1,'AlterarUsuario',2),(5,'Criar uma nova GRD',1,'CriarGRD',4),(6,'Enviar uma GRD ao cliente',1,'EnviarGRD',4),(7,'Acessar a tela de um documento a partir da tela da GRD',0,'AcessarDocDeGRD',4),(8,'Adicionar uma disciplina',1,'AddDisc',5),(9,'Acessar/Alterar as informações de uma disciplina',1,'AlterarDisc',5),(10,'Cadastrar especialistas na disciplina',1,'CadastrarEspEmDisc',5),(11,'Cadastrar validadores na disciplina',1,'CadastrarValEmDisc',5),(12,'Adicionar Cliente',1,'AddCliente',6),(13,'Acessar/Alterar informações de um cliente',1,'AlterarCliente',6),(14,'Adicionar um cargo',1,'AddCargo',7),(15,'Alterar as informações de um cargo (Valor da HH, etc)',1,'AlterarCargo',7),(16,'Remover um cargo',1,'RemoverCargo',7),(17,'Remover documento de um projeto',0,'RemoverDocumento',3),(18,'Alterar documento de um projeto',0,'AlterarDocumento',3);
/*!40000 ALTER TABLE `gdoks_opcoes_de_telas` ENABLE KEYS */;
UNLOCK TABLES;

--
-- Table structure for table `gdoks_pdas`
--

DROP TABLE IF EXISTS `gdoks_pdas`;
/*!40101 SET @saved_cs_client     = @@character_set_client */;
/*!40101 SET character_set_client = utf8 */;
CREATE TABLE `gdoks_pdas` (
  `id` int(11) NOT NULL AUTO_INCREMENT,
  `progresso_total` smallint(8) NOT NULL DEFAULT '0',
  `id_revisao` int(11) DEFAULT NULL,
  `idu_validador` int(11) DEFAULT NULL,
  `datahora_validacao` datetime DEFAULT NULL,
  `idu` int(11) NOT NULL,
  `datahora` datetime NOT NULL,
  `obs` tinytext,
  PRIMARY KEY (`id`),
  KEY `FK_pda_id_revisão_x_revisão_idx` (`id_revisao`),
  KEY `FK_pda_idu_x_usuarios_idx` (`idu`),
  CONSTRAINT `FK_pda_id_revisão_x_revisão` FOREIGN KEY (`id_revisao`) REFERENCES `gdoks_revisoes` (`id`) ON DELETE CASCADE ON UPDATE CASCADE,
  CONSTRAINT `FK_pda_idu_x_usuarios` FOREIGN KEY (`idu`) REFERENCES `gdoks_usuarios` (`id`) ON DELETE NO ACTION ON UPDATE NO ACTION
) ENGINE=InnoDB AUTO_INCREMENT=355 DEFAULT CHARSET=utf8;
/*!40101 SET character_set_client = @saved_cs_client */;

--
-- Dumping data for table `gdoks_pdas`
--

LOCK TABLES `gdoks_pdas` WRITE;
/*!40000 ALTER TABLE `gdoks_pdas` DISABLE KEYS */;
INSERT INTO `gdoks_pdas` VALUES (1,5,615,19,'2017-08-25 13:53:34',19,'2017-08-25 13:53:08','Primeira Carga 5%'),(2,15,615,19,'2017-08-25 13:55:35',19,'2017-08-25 13:55:25','Primeira Carga 2'),(3,25,615,19,'2017-08-25 14:00:40',19,'2017-08-25 13:59:32','Primeira Carga 3'),(4,50,615,19,'2017-08-25 14:07:44',19,'2017-08-25 14:05:31','primeira Carga 4'),(5,55,615,19,'2017-08-25 14:15:38',19,'2017-08-25 14:15:15','Primeira carga'),(6,65,615,19,'2017-08-25 14:17:24',19,'2017-08-25 14:17:14','Primeira carga'),(7,75,615,19,'2017-08-25 14:21:37',19,'2017-08-25 14:20:27','Primeira carga'),(8,80,615,19,'2017-08-25 14:32:29',19,'2017-08-25 14:30:52','Primeira carga'),(9,85,615,19,'2017-08-25 14:34:20',19,'2017-08-25 14:33:58','Primeira carga'),(10,100,615,19,'2017-08-25 14:35:52',19,'2017-08-25 14:35:46','Primeira carga'),(18,100,622,19,'2017-08-25 15:18:59',19,'2017-08-25 15:18:52','Primeira carga'),(19,100,621,19,'2017-08-25 15:21:14',19,'2017-08-25 15:20:02','Primeira carga'),(20,100,619,19,'2017-08-25 15:22:20',19,'2017-08-25 15:22:14','Primeira carga'),(21,100,618,19,'2017-08-25 15:23:11',19,'2017-08-25 15:23:07','Primeira carga'),(22,100,620,19,'2017-08-25 15:25:29',19,'2017-08-25 15:25:10','Primeira carga'),(23,100,616,19,'2017-08-25 15:28:09',19,'2017-08-25 15:28:05','Primeira carga'),(24,100,617,19,'2017-08-25 15:30:11',19,'2017-08-25 15:30:07','Primeira carga'),(25,100,623,19,'2017-08-25 15:32:22',19,'2017-08-25 15:32:16','Primeira carga'),(26,100,634,19,'2017-08-25 15:38:11',19,'2017-08-25 15:38:06','Primeira carga'),(27,100,635,19,'2017-08-25 15:42:13',19,'2017-08-25 15:42:05','Primeira carga'),(28,100,631,19,'2017-08-25 15:43:39',19,'2017-08-25 15:43:34','Primeira carga'),(29,100,638,19,'2017-08-28 13:17:05',19,'2017-08-25 15:47:16','Primeira carga'),(30,100,629,19,'2017-08-25 15:51:04',19,'2017-08-25 15:50:44','Primeira carga'),(32,100,630,19,'2017-08-28 13:09:22',19,'2017-08-28 13:09:09','Primeira carga'),(33,100,624,19,'2017-08-28 13:10:36',19,'2017-08-28 13:10:31','Primeira carga'),(34,100,626,19,'2017-08-28 13:16:16',19,'2017-08-28 13:16:10','Primeira carga'),(36,100,637,19,'2017-08-28 13:22:49',19,'2017-08-28 13:22:45','Primeira carga'),(37,100,636,19,'2017-08-28 13:25:59',19,'2017-08-28 13:25:54','Primeira carga'),(38,100,648,19,'2017-08-28 14:01:40',19,'2017-08-28 14:01:33','Primeira carga'),(47,100,667,19,'2017-08-29 13:18:54',19,'2017-08-29 13:18:48','Primeira carga'),(48,100,658,19,'2017-08-29 13:20:05',19,'2017-08-29 13:20:01','primeira carga'),(49,100,665,19,'2017-08-29 13:21:11',19,'2017-08-29 13:21:05','Primeira carga'),(50,100,663,19,'2017-08-29 13:23:07',19,'2017-08-29 13:23:03','Primeira carga'),(51,100,660,19,'2017-08-29 13:23:58',19,'2017-08-29 13:23:52','Primeira carga'),(52,100,664,19,'2017-08-29 13:24:46',19,'2017-08-29 13:24:42','primeira carga'),(53,100,666,19,'2017-08-29 13:27:11',19,'2017-08-29 13:27:07','Primeira carga'),(54,100,668,19,'2017-08-29 13:28:46',19,'2017-08-29 13:28:37','primeira carga'),(55,100,669,19,'2017-08-29 13:31:03',19,'2017-08-29 13:30:59','Primeira carga'),(56,100,670,19,'2017-08-29 13:32:08',19,'2017-08-29 13:32:04','primeira carga'),(57,100,661,19,'2017-08-29 13:34:03',19,'2017-08-29 13:33:42','primeira carga'),(58,100,672,19,'2017-08-29 13:35:44',19,'2017-08-29 13:35:39','primeira carga'),(59,100,671,19,'2017-08-29 13:37:15',19,'2017-08-29 13:37:09','primeira carga'),(60,100,673,19,'2017-08-29 13:39:06',19,'2017-08-29 13:39:03','primeira carga'),(61,100,659,19,'2017-08-29 13:40:04',19,'2017-08-29 13:40:00','primeira carga'),(62,100,662,19,'2017-08-29 13:40:49',19,'2017-08-29 13:40:40','primeira carga'),(63,100,674,19,'2017-08-29 14:15:23',19,'2017-08-29 14:15:19','Primeira carga'),(64,50,678,19,'2017-08-29 14:19:44',19,'2017-08-29 14:19:32','primeira carga'),(65,50,678,NULL,NULL,19,'2017-08-29 14:21:24','primeira carga'),(66,52,678,19,'2017-08-29 14:35:07',19,'2017-08-29 14:35:01','primeira carga'),(67,100,678,19,'2017-08-29 14:39:59',19,'2017-08-29 14:38:28','Primeira carga'),(68,100,676,19,'2017-08-29 14:49:44',19,'2017-08-29 14:49:40','Primeira carga'),(69,50,675,19,'2017-08-29 14:54:28',19,'2017-08-29 14:54:10','Primeira carga'),(70,70,675,19,'2017-08-29 14:58:37',19,'2017-08-29 14:58:32','Primeira carga'),(71,100,675,19,'2017-08-29 15:00:00',19,'2017-08-29 14:59:53','Primeira carga'),(72,100,677,19,'2017-08-29 15:03:11',19,'2017-08-29 15:03:03','Primeira carga'),(73,100,679,19,'2017-08-29 15:04:37',19,'2017-08-29 15:04:31','Primeira carga'),(77,100,691,19,'2017-08-29 16:06:59',19,'2017-08-29 16:06:41','primeira carga'),(78,100,690,19,'2017-08-29 16:07:39',19,'2017-08-29 16:07:35','primeira carga'),(79,100,686,19,'2017-08-29 16:08:17',19,'2017-08-29 16:08:12','primeira carga'),(80,100,692,19,'2017-08-29 16:09:06',19,'2017-08-29 16:09:02','primeira carga'),(81,100,687,19,'2017-08-29 16:09:50',19,'2017-08-29 16:09:46','primeira carga'),(82,100,682,19,'2017-08-29 16:10:31',19,'2017-08-29 16:10:28','primeira carga'),(83,100,683,19,'2017-08-29 16:11:06',19,'2017-08-29 16:11:01','primeira carga'),(84,100,684,19,'2017-08-29 16:11:42',19,'2017-08-29 16:11:37','primeira carga'),(85,100,685,19,'2017-08-29 16:12:21',19,'2017-08-29 16:12:17','primeira carga'),(86,100,689,19,'2017-08-29 16:13:39',19,'2017-08-29 16:13:35','primeira carga'),(87,100,688,19,'2017-08-29 16:14:13',19,'2017-08-29 16:14:08','primeira carga'),(88,100,695,19,'2017-09-01 13:47:51',19,'2017-08-30 14:01:39','Primeira carga'),(89,100,696,19,'2017-09-01 13:54:29',19,'2017-08-30 14:03:56','Primeira carga'),(90,100,697,19,'2018-01-03 13:01:14',19,'2017-08-30 14:06:41','Primeira carga'),(91,100,698,19,'2018-01-03 13:01:34',19,'2017-08-30 14:07:45','Primeira carga'),(92,100,694,19,'2017-09-11 15:33:04',19,'2017-08-30 14:10:59','Primeira carga'),(93,100,699,19,'2018-01-03 12:39:04',19,'2017-08-30 14:13:24','Primeira carga'),(94,100,702,19,'2017-08-30 14:43:40',19,'2017-08-30 14:43:05','Primeira carga'),(95,100,700,19,'2017-08-30 14:44:31',19,'2017-08-30 14:44:27','Primeira carga'),(96,100,701,19,'2017-08-30 14:45:49',19,'2017-08-30 14:45:43','Primeira carga'),(97,100,704,19,'2017-08-30 14:47:04',19,'2017-08-30 14:46:57','Primeira carga'),(98,100,705,19,'2017-08-30 14:48:10',19,'2017-08-30 14:48:07','Primeira carga'),(99,100,703,19,'2017-08-30 14:48:58',19,'2017-08-30 14:48:54','Primeira carga'),(100,100,706,19,'2017-08-30 15:01:32',19,'2017-08-30 15:01:16','Primeira carga'),(101,100,710,19,'2017-08-30 15:30:27',19,'2017-08-30 15:30:17','primeira carga'),(102,100,712,19,'2017-08-30 15:34:53',19,'2017-08-30 15:34:49','PRIMEIRA CARGA'),(103,100,711,19,'2017-08-30 15:35:53',19,'2017-08-30 15:35:49','PRIMEIRA CARGA'),(104,100,709,19,'2017-08-30 15:36:54',19,'2017-08-30 15:36:48','PRIMEIRA CARGA'),(105,100,707,19,'2017-08-30 15:38:35',19,'2017-08-30 15:38:32','PRIMEIRA CARGA'),(106,100,708,19,'2017-08-30 15:39:18',19,'2017-08-30 15:39:14','PRIMEIRA CARGA'),(107,100,710,NULL,NULL,19,'2017-08-30 15:50:20','PRIMEIRA CARGA'),(108,100,715,19,'2017-08-30 16:19:31',19,'2017-08-30 16:19:27','primeira carga'),(109,100,714,19,'2017-08-30 16:20:14',19,'2017-08-30 16:20:10','primeira carga'),(110,100,717,19,'2017-08-30 16:21:36',19,'2017-08-30 16:21:32','primeira carga'),(111,100,713,19,'2017-08-30 16:23:02',19,'2017-08-30 16:22:58','primeira carga'),(112,100,716,19,'2017-08-30 16:23:52',19,'2017-08-30 16:23:49','primeira carga'),(113,100,721,19,'2017-08-31 13:43:50',19,'2017-08-31 13:43:45','Primeira carga'),(114,100,725,19,'2017-08-31 13:45:16',19,'2017-08-31 13:44:41','primeira carga'),(115,100,722,19,'2017-08-31 13:46:15',19,'2017-08-31 13:46:10','Primeira carga'),(116,100,724,19,'2017-08-31 13:48:23',19,'2017-08-31 13:48:20','Primeira carga'),(117,100,723,19,'2017-08-31 13:51:06',19,'2017-08-31 13:50:50','Primeira carga'),(118,100,720,19,'2017-08-31 13:52:27',19,'2017-08-31 13:52:23','Primeira carga'),(119,100,718,19,'2017-08-31 13:55:15',19,'2017-08-31 13:54:49','Primeira carga'),(120,100,719,19,'2017-08-31 13:56:18',19,'2017-08-31 13:56:07','Primeira carga'),(121,100,729,19,'2017-08-31 14:17:41',19,'2017-08-31 14:17:19','Primeira carga'),(122,100,727,19,'2017-08-31 14:20:23',19,'2017-08-31 14:20:18','Primeira carga'),(123,100,728,19,'2017-08-31 14:24:26',19,'2017-08-31 14:24:22','Primeira carga'),(124,100,726,19,'2017-08-31 14:25:04',19,'2017-08-31 14:25:00','Primeira carga'),(125,100,732,19,'2017-08-31 14:44:31',19,'2017-08-31 14:44:28','Primeira carga'),(126,100,730,19,'2017-08-31 14:45:44',19,'2017-08-31 14:45:32','Primeira carga'),(127,100,731,19,'2017-08-31 14:48:32',19,'2017-08-31 14:48:13','Primeira carga'),(128,100,737,19,'2017-08-31 15:06:16',19,'2017-08-31 15:06:12','Primeira carga'),(129,100,738,19,'2017-08-31 15:10:23',19,'2017-08-31 15:09:01','Primeira carga'),(130,100,735,19,'2017-08-31 15:11:42',19,'2017-08-31 15:11:39','Primeira carga'),(131,100,736,19,'2017-08-31 15:12:35',19,'2017-08-31 15:12:31','primeira carga'),(132,100,733,19,'2017-08-31 15:13:28',19,'2017-08-31 15:13:24','Primeira carga'),(133,100,734,19,'2017-08-31 15:14:43',19,'2017-08-31 15:14:32','Primeira carga'),(134,100,739,19,'2017-08-31 15:24:12',19,'2017-08-31 15:24:06','primeira carga'),(135,100,740,19,'2017-08-31 15:25:03',19,'2017-08-31 15:24:55','Primeira carga'),(136,100,747,19,'2017-08-31 15:53:40',19,'2017-08-31 15:53:34','Primeira carga'),(137,100,743,19,'2017-08-31 15:54:55',19,'2017-08-31 15:54:52','Primeira carga'),(138,100,741,19,'2017-08-31 15:55:44',19,'2017-08-31 15:55:41','Primeira carga'),(139,100,744,19,'2017-08-31 15:57:50',19,'2017-08-31 15:57:45','Primeira carga'),(140,100,745,19,'2017-08-31 15:58:40',19,'2017-08-31 15:58:34','primeira carga'),(141,100,746,19,'2017-08-31 15:59:25',19,'2017-08-31 15:59:21','Primeira carga'),(142,100,742,19,'2017-08-31 16:00:24',19,'2017-08-31 16:00:18','Primeira carga'),(144,100,748,19,'2017-08-31 16:08:39',19,'2017-08-31 16:08:35','primeira carga'),(145,100,706,NULL,NULL,19,'2017-09-01 15:22:33','Primeira carga'),(146,100,751,19,'2017-09-06 15:19:19',19,'2017-09-06 15:18:37','primeira carga'),(147,100,759,19,'2017-09-11 15:17:49',19,'2017-09-11 15:17:45','primeira carga'),(148,100,760,19,'2017-09-11 15:22:44',19,'2017-09-11 15:22:38','Primeira carga'),(149,100,758,19,'2017-09-11 15:25:27',19,'2017-09-11 15:24:28','Primeira carga'),(150,100,755,19,'2017-09-11 15:26:42',19,'2017-09-11 15:26:38','Primeira carga'),(151,100,756,19,'2017-09-11 15:27:45',19,'2017-09-11 15:27:42','Primeira carga'),(152,100,757,19,'2017-09-11 15:29:43',19,'2017-09-11 15:29:37','primeira carga'),(153,100,763,19,'2017-09-11 15:32:40',19,'2017-09-11 15:32:32','Primeira carga'),(154,100,753,19,'2017-09-11 15:34:35',19,'2017-09-11 15:34:30','Primeira carga'),(155,100,754,19,'2017-09-11 15:38:25',19,'2017-09-11 15:38:19','Primeira carga'),(156,100,752,19,'2017-09-11 15:39:41',19,'2017-09-11 15:39:38','Primeira carga'),(157,100,761,19,'2017-09-11 15:45:13',19,'2017-09-11 15:45:06','Primeira carga'),(158,100,762,19,'2017-09-12 13:41:02',19,'2017-09-12 13:40:28','Primeira carga'),(161,100,767,19,'2017-09-19 14:40:48',19,'2017-09-19 14:40:07','PRIMEIRA CARGA'),(162,0,768,NULL,NULL,1,'2017-12-09 17:12:20',''),(170,100,777,2,'2017-12-12 12:33:26',19,'2017-12-11 18:20:45','PRIMEIRA CARGA'),(171,100,778,2,'2017-12-12 12:39:13',19,'2017-12-11 18:21:36',''),(172,100,793,2,'2017-12-13 13:30:22',19,'2017-12-13 13:25:05',''),(173,100,794,2,'2017-12-13 13:30:42',19,'2017-12-13 13:26:14',''),(174,100,796,2,'2017-12-13 13:31:04',19,'2017-12-13 13:27:11',''),(175,100,797,2,'2017-12-15 19:21:57',19,'2017-12-13 13:33:03',''),(176,0,795,NULL,NULL,2,'2017-12-13 13:34:09',''),(177,100,798,2,'2017-12-15 19:23:54',19,'2017-12-13 13:38:08',''),(178,100,799,2,'2017-12-15 19:24:11',19,'2017-12-13 13:41:11',''),(179,100,795,2,'2017-12-15 19:23:35',19,'2017-12-13 13:44:19',''),(180,100,788,2,'2017-12-27 17:39:53',19,'2017-12-13 16:28:51','Primeira carga'),(181,100,789,2,'2017-12-27 17:39:53',19,'2017-12-13 16:30:40','Primeira carga'),(182,100,790,2,'2017-12-27 17:39:53',19,'2017-12-13 16:31:37','Primeira carga'),(183,100,791,2,'2017-12-27 17:39:53',19,'2017-12-13 16:34:07','Primeira carga'),(184,100,792,2,'2017-12-27 17:39:53',19,'2017-12-13 16:35:11','Primeira carga'),(185,100,800,2,'2017-12-27 17:39:53',19,'2017-12-13 16:39:10','Primeira carga'),(186,100,801,2,'2017-12-27 17:39:53',19,'2017-12-13 16:42:13','Primeira carga'),(187,100,802,2,'2017-12-27 17:39:53',19,'2017-12-13 16:48:01','Primeira carga'),(188,100,814,2,'2017-12-27 17:39:53',19,'2017-12-26 15:19:53',''),(189,100,815,2,'2017-12-27 17:39:53',19,'2017-12-26 15:42:51',''),(190,100,816,2,'2017-12-27 17:39:53',19,'2017-12-26 15:49:44',''),(191,100,817,2,'2017-12-27 17:39:53',19,'2017-12-26 15:55:08',''),(192,100,819,2,'2017-12-27 17:39:53',19,'2017-12-26 15:59:00',''),(193,100,818,2,'2017-12-27 17:39:53',19,'2017-12-26 16:05:16',''),(194,100,821,2,'2017-12-27 17:39:53',19,'2017-12-26 16:08:48',''),(195,100,820,2,'2017-12-27 17:39:53',19,'2017-12-26 16:30:00',''),(196,100,822,2,'2017-12-27 17:39:53',19,'2017-12-26 16:47:07',''),(197,100,824,2,'2017-12-27 17:39:53',19,'2017-12-26 16:58:11',''),(198,100,823,2,'2017-12-27 17:39:53',19,'2017-12-26 17:16:31',''),(199,100,826,2,'2017-12-27 17:39:53',19,'2017-12-26 17:20:31',''),(200,100,825,2,'2017-12-27 17:39:53',19,'2017-12-26 17:27:03',''),(201,100,827,2,'2017-12-27 17:39:53',19,'2017-12-26 17:42:17',''),(202,100,829,2,'2017-12-27 17:39:53',19,'2017-12-26 17:47:48',''),(203,100,828,2,'2017-12-27 17:39:53',19,'2017-12-26 17:55:05',''),(204,100,832,2,'2017-12-27 17:39:53',19,'2017-12-26 17:57:02',''),(205,100,830,2,'2017-12-27 17:39:53',19,'2017-12-26 18:01:55',''),(206,100,831,2,'2017-12-27 17:39:53',19,'2017-12-26 18:07:01',''),(207,100,834,2,'2017-12-27 17:39:53',19,'2017-12-26 18:11:08',''),(208,100,836,2,'2017-12-27 17:39:53',19,'2017-12-26 18:17:19',''),(209,100,837,2,'2017-12-27 17:39:53',19,'2017-12-27 16:18:05',''),(210,50,841,1,'2017-12-28 17:16:44',1,'2017-12-28 17:04:59','Teste'),(211,55,841,1,'2017-12-28 17:22:55',1,'2017-12-28 17:22:49','Obs teste'),(212,100,838,2,'2017-12-29 10:35:24',19,'2017-12-29 09:57:41',''),(216,55,841,NULL,NULL,1,'2017-12-29 15:01:06','ddd'),(217,70,841,1,'2017-12-29 15:02:28',1,'2017-12-29 15:01:49','eeee'),(218,50,844,1,'2017-12-29 15:10:51',1,'2017-12-29 15:06:31','Vai que vai'),(219,100,845,2,'2018-01-02 18:23:42',1,'2017-12-29 15:15:40','s'),(221,100,840,2,'2017-12-29 18:47:42',2,'2017-12-29 18:46:33',''),(224,100,846,2,'2018-01-02 17:36:04',19,'2018-01-02 17:28:29','PRIMEIRA CARGA'),(225,100,833,2,'2018-01-02 17:41:40',2,'2018-01-02 17:41:08','1'),(226,100,848,2,'2018-01-02 18:12:53',19,'2018-01-02 18:02:27',''),(227,100,849,2,'2018-01-02 18:13:00',19,'2018-01-02 18:02:55',''),(228,100,850,2,'2018-01-02 18:13:08',19,'2018-01-02 18:03:18',''),(229,100,851,2,'2018-01-02 18:13:19',19,'2018-01-02 18:03:47',''),(230,100,847,2,'2018-01-02 18:23:42',19,'2018-01-02 18:04:18',''),(231,100,853,2,'2018-01-02 18:12:05',19,'2018-01-02 18:08:52',''),(232,100,854,2,'2018-01-02 18:12:22',19,'2018-01-02 18:09:18',''),(233,100,852,2,'2018-01-02 18:12:40',19,'2018-01-02 18:09:42',''),(234,100,855,19,'2018-01-03 12:46:10',19,'2018-01-03 12:43:23','Revisão 01'),(235,100,859,3,'2018-01-04 18:15:38',19,'2018-01-04 18:06:56',''),(236,100,857,3,'2018-01-04 18:15:38',19,'2018-01-04 18:07:28',''),(237,100,858,3,'2018-01-04 18:15:38',19,'2018-01-04 18:08:03',''),(238,100,860,3,'2018-01-04 18:15:38',19,'2018-01-04 18:08:36',''),(239,100,856,3,'2018-01-04 18:15:38',19,'2018-01-04 18:09:13',''),(240,100,861,3,'2018-01-04 18:15:38',19,'2018-01-04 18:10:17',''),(241,100,870,2,'2018-01-08 19:01:37',19,'2018-01-08 18:14:50','Primeira carga'),(242,100,869,2,'2018-01-08 19:01:37',19,'2018-01-08 18:15:22','Primeira carga'),(243,100,873,2,'2018-01-08 19:01:37',19,'2018-01-08 18:17:21','Primeira carga'),(244,100,862,2,'2018-01-08 19:01:37',19,'2018-01-08 18:19:44','Primeira carga'),(245,100,867,2,'2018-01-08 19:01:37',19,'2018-01-08 18:20:34','Primeira carga'),(246,100,866,2,'2018-01-08 19:01:37',19,'2018-01-08 18:22:29','Primeira carga'),(247,100,863,2,'2018-01-08 19:01:37',19,'2018-01-08 18:23:28','Primeira carga'),(248,100,864,2,'2018-01-08 19:01:37',19,'2018-01-08 18:24:07','Primeira carga'),(249,100,865,2,'2018-01-08 19:01:37',19,'2018-01-08 18:24:43','Primeira carga'),(250,100,871,2,'2018-01-08 19:01:37',19,'2018-01-08 18:30:01','Primeira carga'),(251,100,888,2,'2018-01-08 19:01:37',19,'2018-01-08 18:42:12',''),(252,100,885,2,'2018-01-08 19:01:37',19,'2018-01-08 18:42:52',''),(253,100,886,2,'2018-01-08 19:01:37',19,'2018-01-08 18:43:15',''),(254,100,887,2,'2018-01-08 19:01:37',19,'2018-01-08 18:43:48',''),(255,100,884,2,'2018-01-08 19:01:37',19,'2018-01-08 18:46:40',''),(259,100,892,2,'2018-01-15 20:38:49',2,'2018-01-15 20:35:35','Faltava os doc'),(260,100,893,2,'2018-01-15 20:38:49',2,'2018-01-15 20:36:42','Documentação pendente'),(261,100,894,2,'2018-01-15 20:38:49',2,'2018-01-15 20:37:16','Documentação pendente'),(262,100,895,2,'2018-01-15 20:38:49',2,'2018-01-15 20:37:57','Documentação pendente'),(263,100,902,2,'2018-01-15 20:43:46',2,'2018-01-15 20:43:40',''),(264,100,903,2,'2018-01-15 20:45:08',2,'2018-01-15 20:45:02',''),(265,100,905,NULL,NULL,19,'2018-01-16 16:12:31','3 revisão'),(266,100,906,NULL,NULL,19,'2018-01-16 16:17:22','3° revisão'),(267,100,907,NULL,NULL,19,'2018-01-16 16:19:31','revisão'),(268,100,908,NULL,NULL,19,'2018-01-16 16:35:40','REVISÃO'),(273,100,917,2,'2018-01-19 13:37:02',19,'2018-01-19 13:34:05',''),(274,100,914,2,'2018-01-19 13:37:01',19,'2018-01-19 13:34:51',''),(275,100,916,2,'2018-01-19 13:37:01',19,'2018-01-19 13:35:41',''),(276,100,910,NULL,NULL,19,'2018-01-22 15:24:13','revisao2'),(277,10,918,2,'2018-01-30 19:28:51',2,'2018-01-30 19:25:26',''),(278,100,919,19,'2018-02-02 19:00:20',19,'2018-02-02 19:00:02',''),(279,20,920,19,'2018-02-21 11:05:11',19,'2018-02-21 11:03:34','1º CARGA'),(280,100,922,19,'2018-02-23 10:40:30',19,'2018-02-23 10:39:11','Revisão 01'),(283,100,925,19,'2018-02-23 16:41:09',19,'2018-02-23 16:40:42','Revisão 1'),(284,80,920,19,'2018-02-26 15:48:10',19,'2018-02-26 15:46:05','revisao'),(285,82,920,19,'2018-02-26 15:50:51',19,'2018-02-26 15:50:44','01'),(286,84,920,19,'2018-02-26 15:51:34',19,'2018-02-26 15:51:28','01'),(287,50,927,NULL,NULL,19,'2018-02-27 15:46:42','1 carga'),(288,1,927,19,'2018-02-27 16:02:34',19,'2018-02-27 16:02:22','1 carga'),(289,25,927,NULL,NULL,19,'2018-02-27 16:04:47','1 carga'),(290,25,927,19,'2018-02-27 16:09:46',19,'2018-02-27 16:09:10','1 carga'),(291,25,927,NULL,NULL,19,'2018-02-27 16:15:19','1 carga'),(292,25,927,NULL,NULL,19,'2018-02-27 16:22:13','1 carga'),(293,25,927,NULL,NULL,19,'2018-02-27 16:36:06','Atualizando.'),(294,25,927,NULL,NULL,19,'2018-02-27 17:04:03','1 carga'),(295,25,927,NULL,NULL,19,'2018-02-27 17:16:07','Carga1'),(296,50,927,19,'2018-02-27 17:17:50',19,'2018-02-27 17:17:36','Carga 2'),(297,75,927,19,'2018-02-27 17:19:35',19,'2018-02-27 17:19:22','Carga 3'),(298,100,927,19,'2018-02-27 17:21:31',19,'2018-02-27 17:21:17','Carga 4'),(299,90,931,19,'2018-02-27 17:27:56',19,'2018-02-27 17:27:43','1 carga'),(300,100,933,NULL,NULL,19,'2018-02-27 17:33:03','1 carga'),(301,100,933,NULL,NULL,19,'2018-02-27 17:40:07','Carga unica'),(302,100,933,NULL,NULL,19,'2018-02-27 17:48:44','Carga unica'),(303,100,933,NULL,NULL,19,'2018-02-27 17:51:08','Carga unica'),(304,100,933,NULL,NULL,19,'2018-02-27 17:56:14','Carga unica'),(305,50,933,19,'2018-02-27 17:58:51',19,'2018-02-27 17:58:42','Carga unica'),(306,50,933,NULL,NULL,19,'2018-02-28 10:25:03','3 carga'),(307,50,929,19,'2018-02-28 10:31:49',19,'2018-02-28 10:31:43','1 carga'),(308,50,929,NULL,NULL,19,'2018-02-28 10:32:42','2 carga'),(309,100,926,19,'2018-02-28 10:35:44',19,'2018-02-28 10:35:39','1 carga'),(310,100,928,19,'2018-02-28 10:36:34',19,'2018-02-28 10:36:15','1 carga'),(311,100,930,19,'2018-02-28 10:37:31',19,'2018-02-28 10:37:19','1 carga'),(312,100,932,19,'2018-02-28 10:39:27',19,'2018-02-28 10:39:22','1 carga'),(313,100,934,19,'2018-02-28 10:46:05',19,'2018-02-28 10:45:58','1 carga'),(314,100,933,19,'2018-02-28 10:55:13',19,'2018-02-28 10:55:03','2'),(315,100,929,19,'2018-02-28 10:57:31',19,'2018-02-28 10:57:25','2 carga'),(316,95,931,19,'2018-02-28 14:44:47',19,'2018-02-28 14:44:35','2'),(317,95,931,NULL,NULL,19,'2018-02-28 14:46:19','3'),(318,100,931,19,'2018-02-28 15:07:55',19,'2018-02-28 15:07:43','4'),(319,80,935,NULL,NULL,19,'2018-02-28 16:41:41','2 carga pernambues'),(320,70,935,19,'2018-02-28 16:46:27',19,'2018-02-28 16:46:21','2 carga pernambues'),(321,95,935,19,'2018-02-28 16:47:37',19,'2018-02-28 16:47:05','3 carga'),(322,100,935,19,'2018-02-28 16:50:56',19,'2018-02-28 16:49:54','revisão'),(323,100,936,19,'2018-02-28 16:59:35',19,'2018-02-28 16:59:15','1 carga'),(324,100,946,2,'2018-03-01 13:27:26',19,'2018-03-01 13:03:15',''),(325,100,938,2,'2018-03-01 13:27:26',19,'2018-03-01 13:04:29',''),(326,100,939,2,'2018-03-01 13:27:26',19,'2018-03-01 13:05:49',''),(327,100,941,2,'2018-03-01 13:27:26',19,'2018-03-01 13:06:33',''),(328,100,940,2,'2018-03-01 13:27:26',19,'2018-03-01 13:07:00',''),(329,100,943,2,'2018-03-01 13:27:26',19,'2018-03-01 13:07:31',''),(330,100,942,2,'2018-03-01 13:27:26',19,'2018-03-01 13:07:51',''),(331,100,945,2,'2018-03-01 13:27:26',19,'2018-03-01 13:08:13',''),(332,100,944,2,'2018-03-01 13:27:26',19,'2018-03-01 13:08:33',''),(333,100,949,2,'2018-03-01 13:27:26',19,'2018-03-01 13:09:11',''),(334,100,948,2,'2018-03-01 13:27:26',19,'2018-03-01 13:11:57',''),(335,100,937,2,'2018-03-01 13:27:26',19,'2018-03-01 13:14:48',''),(336,100,947,2,'2018-03-01 13:27:26',19,'2018-03-01 13:16:03',''),(337,100,951,2,'2018-03-01 13:27:26',19,'2018-03-01 13:23:11',''),(338,100,950,2,'2018-03-01 13:27:26',19,'2018-03-01 13:24:25',''),(339,50,960,1,'2018-03-07 15:03:25',1,'2018-03-07 15:03:10','asaasas'),(340,75,960,1,'2018-03-07 15:04:05',1,'2018-03-07 15:03:58','teste'),(341,100,962,1,'2018-03-28 16:37:00',1,'2018-03-28 16:36:52',''),(342,2,963,1,'2018-03-28 16:51:32',1,'2018-03-28 16:51:28',''),(343,76,960,1,'2018-04-03 15:46:45',1,'2018-04-03 15:46:24','asdasdasddddddddd'),(344,77,960,1,'2018-04-03 15:55:38',1,'2018-04-03 15:54:18','www'),(345,78,960,1,'2018-04-03 15:56:24',1,'2018-04-03 15:56:00','sssdsa'),(346,90,960,1,'2018-04-06 03:10:27',1,'2018-04-06 02:43:03','asdasd'),(347,95,960,1,'2018-04-06 03:14:30',1,'2018-04-06 03:14:14','jjhgj'),(348,5,978,1,'2018-04-08 05:29:05',1,'2018-04-08 05:28:58','sdfsdfsdf'),(349,60,978,1,'2018-04-08 05:40:23',1,'2018-04-08 05:40:15','dsffsd'),(350,80,978,1,'2018-04-08 05:41:44',1,'2018-04-08 05:41:39','sdfsdf'),(351,100,978,1,'2018-04-08 05:42:50',1,'2018-04-08 05:42:43','dffgdfg'),(352,35,980,1,'2018-04-08 15:57:40',1,'2018-04-08 15:57:33','asdasdasd'),(353,40,980,1,'2018-04-09 00:57:55',1,'2018-04-09 00:57:36','sdfsdf'),(354,45,980,NULL,NULL,1,'2018-04-09 14:05:38','Teste');
/*!40000 ALTER TABLE `gdoks_pdas` ENABLE KEYS */;
UNLOCK TABLES;

--
-- Table structure for table `gdoks_pdas_x_arquivos`
--

DROP TABLE IF EXISTS `gdoks_pdas_x_arquivos`;
/*!40101 SET @saved_cs_client     = @@character_set_client */;
/*!40101 SET character_set_client = utf8 */;
CREATE TABLE `gdoks_pdas_x_arquivos` (
  `id` int(11) NOT NULL AUTO_INCREMENT,
  `id_pda` int(11) DEFAULT NULL,
  `id_arquivo` int(11) DEFAULT NULL,
  PRIMARY KEY (`id`),
  UNIQUE KEY `UQ_pda_x_arquivo` (`id_pda`,`id_arquivo`),
  KEY `FK_id_pda_x_pdas_idx` (`id_pda`),
  KEY `FK_id_arquivo_x_arquivos_idx` (`id_arquivo`),
  CONSTRAINT `FK_id_arquivo_x_arquivos` FOREIGN KEY (`id_arquivo`) REFERENCES `gdoks_arquivos` (`id`) ON DELETE CASCADE ON UPDATE CASCADE,
  CONSTRAINT `FK_id_pda_x_pdas` FOREIGN KEY (`id_pda`) REFERENCES `gdoks_pdas` (`id`) ON DELETE CASCADE ON UPDATE CASCADE
) ENGINE=InnoDB AUTO_INCREMENT=1750 DEFAULT CHARSET=utf8;
/*!40101 SET character_set_client = @saved_cs_client */;

--
-- Dumping data for table `gdoks_pdas_x_arquivos`
--

LOCK TABLES `gdoks_pdas_x_arquivos` WRITE;
/*!40000 ALTER TABLE `gdoks_pdas_x_arquivos` DISABLE KEYS */;
INSERT INTO `gdoks_pdas_x_arquivos` VALUES (1,1,229),(2,2,229),(3,2,230),(4,2,231),(5,2,232),(6,3,229),(7,3,230),(8,3,231),(9,3,232),(10,3,233),(11,3,234),(12,3,235),(13,4,229),(14,4,230),(15,4,231),(16,4,232),(17,4,233),(18,4,236),(19,4,237),(20,4,238),(21,4,239),(22,4,240),(23,4,241),(24,5,229),(25,5,230),(26,5,231),(27,5,232),(28,5,233),(29,5,236),(30,5,237),(31,5,238),(32,5,239),(33,5,240),(34,5,241),(35,5,242),(36,6,229),(37,6,230),(38,6,231),(39,6,232),(40,6,233),(41,6,236),(42,6,237),(43,6,238),(44,6,239),(45,6,240),(46,6,241),(47,6,242),(48,6,243),(49,6,244),(50,6,245),(51,6,246),(52,6,247),(53,6,248),(54,7,229),(55,7,230),(56,7,231),(57,7,232),(58,7,233),(59,7,236),(60,7,237),(61,7,238),(62,7,239),(63,7,240),(64,7,241),(65,7,242),(66,7,243),(67,7,244),(68,7,245),(69,7,246),(70,7,247),(71,7,248),(72,7,249),(73,7,250),(74,7,251),(75,7,252),(76,7,253),(77,7,254),(78,8,229),(79,8,230),(80,8,231),(81,8,232),(82,8,233),(83,8,236),(84,8,237),(85,8,238),(86,8,239),(87,8,240),(88,8,241),(89,8,242),(90,8,243),(91,8,244),(92,8,245),(93,8,246),(94,8,247),(95,8,248),(96,8,249),(97,8,250),(98,8,251),(99,8,252),(100,8,253),(101,8,254),(102,8,255),(103,8,256),(104,8,257),(105,9,229),(106,9,230),(107,9,231),(108,9,232),(109,9,233),(110,9,236),(111,9,237),(112,9,238),(113,9,239),(114,9,240),(115,9,241),(116,9,242),(117,9,243),(118,9,244),(119,9,245),(120,9,246),(121,9,247),(122,9,248),(123,9,249),(124,9,250),(125,9,251),(126,9,252),(127,9,253),(128,9,254),(129,9,255),(130,9,256),(131,9,257),(132,9,258),(133,9,259),(134,9,260),(135,9,261),(136,10,229),(137,10,230),(138,10,231),(139,10,232),(140,10,233),(141,10,236),(142,10,237),(143,10,238),(144,10,239),(145,10,240),(146,10,241),(147,10,242),(148,10,243),(149,10,244),(150,10,245),(151,10,246),(152,10,247),(153,10,248),(154,10,249),(155,10,250),(156,10,251),(157,10,252),(158,10,253),(159,10,254),(160,10,255),(161,10,256),(162,10,257),(163,10,258),(164,10,259),(165,10,260),(166,10,261),(167,10,262),(168,10,263),(169,10,264),(170,10,265),(189,18,284),(190,19,285),(191,20,286),(192,21,287),(193,22,288),(194,23,289),(195,24,290),(196,25,291),(197,26,292),(198,27,293),(199,28,294),(200,29,295),(201,29,296),(202,30,297),(203,30,298),(206,32,301),(207,32,302),(208,33,303),(209,33,304),(210,34,305),(211,34,306),(212,34,307),(213,34,308),(214,34,309),(217,36,312),(218,36,313),(219,37,314),(220,38,315),(296,47,391),(297,48,392),(298,49,393),(299,50,394),(300,51,395),(301,52,396),(302,53,397),(303,53,398),(304,53,399),(305,53,400),(306,54,401),(307,55,402),(308,56,403),(309,57,404),(310,58,405),(311,58,406),(312,59,407),(313,59,408),(314,60,409),(315,60,410),(316,61,411),(317,62,412),(318,63,413),(319,63,414),(320,64,415),(321,65,415),(322,65,416),(323,65,417),(324,65,418),(325,65,419),(326,65,420),(327,65,421),(328,65,422),(329,65,423),(330,65,424),(331,65,425),(332,65,426),(333,65,427),(334,65,428),(335,65,429),(336,65,430),(337,65,431),(338,65,432),(339,65,433),(340,65,434),(341,65,435),(342,65,436),(343,65,437),(344,65,438),(345,65,439),(346,65,440),(347,65,441),(348,65,442),(349,65,443),(350,65,444),(351,65,445),(352,65,446),(353,65,447),(354,65,448),(355,65,449),(356,65,450),(357,65,451),(358,65,452),(359,65,453),(360,65,454),(361,65,455),(362,65,456),(363,65,457),(364,65,458),(365,65,459),(366,65,460),(367,65,461),(368,65,462),(369,65,463),(370,65,464),(371,65,465),(372,66,415),(373,66,417),(374,66,418),(375,66,419),(376,66,420),(377,66,421),(378,66,422),(379,66,423),(380,66,424),(381,66,425),(382,66,426),(383,66,427),(384,66,428),(385,66,429),(386,66,430),(387,66,431),(388,66,432),(389,66,433),(390,66,434),(391,66,435),(392,66,436),(393,66,437),(394,66,438),(395,66,439),(396,66,440),(397,66,441),(398,66,442),(399,66,443),(400,66,444),(401,66,445),(402,66,446),(403,66,447),(404,66,448),(405,66,449),(406,66,450),(407,66,451),(408,66,452),(409,66,453),(410,66,454),(411,66,455),(412,66,456),(413,66,457),(414,66,458),(415,66,459),(416,66,460),(417,66,461),(418,66,462),(419,66,463),(420,66,464),(421,66,465),(422,66,466),(423,67,415),(424,67,417),(425,67,418),(426,67,419),(427,67,420),(428,67,421),(429,67,422),(430,67,423),(431,67,424),(432,67,425),(433,67,426),(434,67,427),(435,67,428),(436,67,429),(437,67,430),(438,67,431),(439,67,432),(440,67,433),(441,67,434),(442,67,435),(443,67,436),(444,67,437),(445,67,438),(446,67,439),(447,67,440),(448,67,441),(449,67,442),(450,67,443),(451,67,444),(452,67,445),(453,67,446),(454,67,447),(455,67,448),(456,67,449),(457,67,450),(458,67,451),(459,67,452),(460,67,453),(461,67,454),(462,67,455),(463,67,456),(464,67,457),(465,67,458),(466,67,459),(467,67,460),(468,67,461),(469,67,462),(470,67,463),(471,67,464),(472,67,465),(473,67,466),(474,67,467),(475,67,468),(476,67,469),(477,67,470),(478,67,471),(479,67,472),(480,67,473),(481,67,474),(482,67,475),(483,67,476),(484,67,477),(485,68,478),(486,69,479),(487,69,480),(488,69,481),(489,69,482),(490,69,483),(491,69,484),(492,69,485),(493,69,486),(494,69,487),(495,69,488),(496,69,489),(497,69,490),(498,69,491),(499,69,492),(500,69,493),(501,69,494),(502,69,495),(503,69,496),(504,69,497),(505,69,498),(506,69,499),(507,69,500),(508,69,501),(509,69,502),(510,69,503),(511,69,504),(512,69,505),(513,69,506),(514,69,507),(515,69,508),(516,69,509),(517,70,479),(518,70,480),(519,70,481),(520,70,482),(521,70,483),(522,70,484),(523,70,485),(524,70,486),(525,70,487),(526,70,488),(527,70,489),(528,70,490),(529,70,491),(530,70,492),(531,70,493),(532,70,494),(533,70,495),(534,70,496),(535,70,497),(536,70,498),(537,70,499),(538,70,500),(539,70,501),(540,70,502),(541,70,503),(542,70,504),(543,70,505),(544,70,506),(545,70,507),(546,70,508),(547,70,509),(548,70,510),(549,70,511),(550,70,512),(551,70,513),(552,70,514),(553,70,515),(554,70,516),(555,70,517),(556,70,518),(557,70,519),(558,71,479),(559,71,480),(560,71,481),(561,71,482),(562,71,483),(563,71,484),(564,71,485),(565,71,486),(566,71,487),(567,71,488),(568,71,489),(569,71,490),(570,71,491),(571,71,492),(572,71,493),(573,71,494),(574,71,495),(575,71,496),(576,71,497),(577,71,498),(578,71,499),(579,71,500),(580,71,501),(581,71,502),(582,71,503),(583,71,504),(584,71,505),(585,71,506),(586,71,507),(587,71,508),(588,71,509),(589,71,510),(590,71,511),(591,71,512),(592,71,513),(593,71,514),(594,71,515),(595,71,516),(596,71,517),(597,71,518),(598,71,519),(599,71,520),(600,71,521),(601,71,522),(602,71,523),(603,71,524),(604,71,525),(605,71,526),(606,71,527),(607,71,528),(608,71,529),(609,71,530),(610,71,531),(611,71,532),(612,71,533),(613,71,534),(614,71,535),(615,71,536),(616,71,537),(617,71,538),(618,71,539),(619,71,540),(620,72,541),(621,72,542),(622,72,543),(623,72,544),(624,72,545),(625,72,546),(626,72,547),(627,72,548),(628,72,549),(629,72,550),(630,72,551),(631,72,552),(632,72,553),(633,72,554),(634,72,555),(635,72,556),(636,72,557),(637,72,558),(638,72,559),(639,72,560),(640,72,561),(641,72,562),(642,72,563),(643,72,564),(644,72,565),(645,72,566),(646,72,567),(647,72,568),(648,72,569),(649,72,570),(650,72,571),(651,72,572),(652,73,573),(653,73,574),(654,73,575),(655,73,576),(656,73,577),(663,77,584),(664,77,585),(665,78,586),(666,78,587),(667,79,588),(668,79,589),(669,80,590),(670,80,591),(671,81,592),(672,81,593),(673,82,594),(674,82,595),(675,83,596),(676,83,597),(677,84,598),(678,84,599),(679,85,600),(680,85,601),(681,86,602),(682,86,603),(683,87,604),(684,87,605),(685,88,606),(686,89,607),(687,90,608),(688,91,609),(689,92,610),(690,93,611),(691,94,612),(692,95,613),(693,96,614),(694,97,615),(695,98,616),(696,99,617),(697,100,618),(698,101,619),(699,101,620),(700,102,621),(701,102,622),(702,102,623),(703,102,624),(704,102,625),(705,102,626),(706,103,627),(707,103,628),(708,104,629),(709,104,630),(710,104,631),(711,104,632),(712,104,633),(713,104,634),(714,105,635),(715,105,636),(716,106,637),(717,106,638),(718,107,639),(719,107,640),(720,108,641),(721,109,642),(722,110,643),(723,111,644),(724,112,645),(725,113,646),(726,114,647),(727,115,648),(728,115,649),(729,115,650),(730,116,651),(731,117,652),(732,118,653),(733,119,654),(734,120,655),(735,121,656),(736,121,657),(737,122,658),(738,122,659),(739,123,660),(740,123,661),(741,124,662),(742,124,663),(743,125,664),(744,126,665),(745,127,666),(746,128,667),(747,128,668),(748,129,669),(749,129,670),(750,130,671),(751,130,672),(752,131,673),(753,131,674),(754,132,675),(755,132,676),(756,133,677),(757,133,678),(758,134,679),(759,134,680),(760,135,681),(761,135,682),(762,136,683),(763,137,684),(764,138,685),(765,139,686),(766,140,687),(767,141,688),(768,142,689),(779,144,700),(780,144,701),(781,144,702),(782,144,703),(783,144,704),(784,144,705),(785,145,706),(786,146,707),(787,146,708),(788,146,709),(789,146,710),(790,146,711),(791,146,712),(792,146,713),(793,146,714),(794,146,715),(795,146,716),(796,147,717),(797,147,718),(798,147,719),(799,148,720),(800,148,721),(801,148,722),(802,149,723),(803,150,724),(804,151,725),(805,152,726),(806,153,727),(807,154,728),(808,155,729),(809,156,730),(810,157,731),(811,158,732),(814,161,735),(815,162,736),(823,170,744),(824,171,745),(825,172,746),(826,173,747),(827,174,748),(828,175,749),(829,176,750),(830,177,751),(831,178,752),(832,179,753),(833,180,754),(834,181,755),(835,182,756),(836,183,757),(837,184,758),(838,185,759),(839,186,760),(840,187,761),(841,188,762),(842,189,763),(843,190,764),(844,191,765),(845,192,766),(846,193,767),(847,194,768),(848,195,769),(849,196,770),(850,197,771),(851,198,772),(852,199,773),(853,200,774),(854,201,775),(855,202,776),(856,203,777),(857,204,778),(858,205,779),(859,206,780),(860,207,781),(861,208,782),(862,209,783),(863,210,784),(864,211,785),(865,212,786),(872,216,785),(873,216,793),(874,217,785),(875,217,794),(876,218,795),(877,219,796),(880,221,799),(885,224,804),(886,225,805),(887,226,806),(888,227,807),(889,228,808),(890,229,809),(891,230,810),(892,231,811),(893,232,812),(894,233,813),(895,234,814),(896,235,815),(897,236,816),(898,237,817),(899,238,818),(900,239,819),(901,240,820),(902,241,821),(903,242,822),(904,243,823),(905,244,824),(906,245,825),(907,246,826),(908,247,827),(909,248,828),(910,249,829),(911,250,830),(912,251,831),(913,252,832),(914,253,833),(915,254,834),(916,255,835),(927,259,846),(928,259,847),(929,260,848),(930,260,849),(931,261,850),(932,261,851),(933,262,852),(934,262,853),(935,263,854),(936,263,855),(937,264,856),(938,264,857),(939,264,858),(940,264,859),(941,264,860),(942,264,861),(943,265,862),(944,266,863),(945,267,864),(946,268,865),(959,273,878),(960,273,879),(961,273,880),(962,273,881),(963,273,882),(964,273,883),(965,273,884),(966,273,885),(967,273,886),(968,273,887),(969,274,888),(970,274,889),(971,275,890),(972,275,891),(973,276,892),(974,277,893),(975,278,894),(976,279,895),(977,279,896),(978,279,897),(979,279,898),(980,279,899),(981,279,900),(982,279,901),(983,280,902),(986,283,905),(987,284,897),(988,285,906),(989,285,907),(990,285,908),(991,285,909),(992,285,910),(993,285,911),(994,285,912),(995,286,906),(996,286,907),(997,286,908),(998,286,909),(999,286,910),(1000,286,911),(1001,286,912),(1002,286,913),(1003,286,914),(1004,286,915),(1005,286,916),(1006,286,917),(1007,286,918),(1008,286,919),(1009,287,920),(1010,287,921),(1011,287,922),(1012,287,923),(1013,287,924),(1014,287,925),(1015,287,926),(1016,287,927),(1017,287,928),(1018,287,929),(1019,287,930),(1020,287,931),(1021,287,932),(1022,287,933),(1023,287,934),(1024,287,935),(1025,287,936),(1026,287,937),(1027,287,938),(1028,287,939),(1029,288,940),(1030,289,940),(1031,289,941),(1032,289,942),(1033,289,943),(1034,289,944),(1035,289,945),(1036,289,946),(1037,289,947),(1038,289,948),(1039,289,949),(1040,289,950),(1041,289,951),(1042,289,952),(1043,289,953),(1044,289,954),(1045,289,955),(1046,289,956),(1047,289,957),(1048,289,958),(1049,289,959),(1050,289,960),(1051,290,940),(1052,290,961),(1053,290,962),(1054,290,963),(1055,290,964),(1056,290,965),(1057,290,966),(1058,290,967),(1059,290,968),(1060,290,969),(1061,290,970),(1062,290,971),(1063,290,972),(1064,290,973),(1065,290,974),(1066,290,975),(1067,291,940),(1068,291,961),(1069,291,962),(1070,291,963),(1071,291,964),(1072,291,965),(1073,291,966),(1074,291,967),(1075,291,968),(1076,291,969),(1077,291,970),(1078,291,971),(1079,291,972),(1080,291,973),(1081,291,974),(1082,291,975),(1083,291,976),(1084,291,977),(1085,291,978),(1086,291,979),(1087,291,980),(1088,291,981),(1089,291,982),(1090,291,983),(1091,291,984),(1092,291,985),(1093,291,986),(1094,291,987),(1095,291,988),(1096,291,989),(1097,291,990),(1098,291,991),(1099,291,992),(1100,291,993),(1101,291,994),(1102,291,995),(1103,292,940),(1104,292,961),(1105,292,962),(1106,292,963),(1107,292,964),(1108,292,965),(1109,292,966),(1110,292,967),(1111,292,968),(1112,292,969),(1113,292,970),(1114,292,971),(1115,292,972),(1116,292,973),(1117,292,974),(1118,292,975),(1119,292,996),(1120,292,997),(1121,292,998),(1122,292,999),(1123,292,1000),(1124,292,1001),(1125,292,1002),(1126,292,1003),(1127,292,1004),(1128,292,1005),(1129,292,1006),(1130,293,940),(1131,293,961),(1132,293,962),(1133,293,963),(1134,293,964),(1135,293,965),(1136,293,966),(1137,293,967),(1138,293,968),(1139,293,969),(1140,293,970),(1141,293,971),(1142,293,972),(1143,293,973),(1144,293,974),(1145,293,975),(1146,293,996),(1147,293,997),(1148,293,998),(1149,293,999),(1150,293,1000),(1151,293,1001),(1152,293,1002),(1153,293,1003),(1154,293,1004),(1155,293,1005),(1156,293,1006),(1157,293,1007),(1158,294,1008),(1159,295,1009),(1160,295,1010),(1161,295,1011),(1162,295,1012),(1163,295,1013),(1164,295,1014),(1165,295,1015),(1166,295,1016),(1167,295,1017),(1168,295,1018),(1169,296,1009),(1170,296,1010),(1171,296,1011),(1172,296,1012),(1173,296,1013),(1174,296,1014),(1175,296,1015),(1176,296,1016),(1177,296,1017),(1178,296,1018),(1179,296,1019),(1180,296,1020),(1181,296,1021),(1182,296,1022),(1183,296,1023),(1184,296,1024),(1185,296,1025),(1186,296,1026),(1187,296,1027),(1188,296,1028),(1189,297,1009),(1190,297,1010),(1191,297,1011),(1192,297,1012),(1193,297,1013),(1194,297,1014),(1195,297,1015),(1196,297,1016),(1197,297,1017),(1198,297,1018),(1199,297,1019),(1200,297,1020),(1201,297,1021),(1202,297,1022),(1203,297,1023),(1204,297,1024),(1205,297,1025),(1206,297,1026),(1207,297,1027),(1208,297,1028),(1209,297,1029),(1210,297,1030),(1211,297,1031),(1212,297,1032),(1213,297,1033),(1214,297,1034),(1215,297,1035),(1216,297,1036),(1217,297,1037),(1218,297,1038),(1219,298,1009),(1220,298,1010),(1221,298,1011),(1222,298,1012),(1223,298,1013),(1224,298,1014),(1225,298,1015),(1226,298,1016),(1227,298,1017),(1228,298,1018),(1229,298,1019),(1230,298,1020),(1231,298,1021),(1232,298,1022),(1233,298,1023),(1234,298,1024),(1235,298,1025),(1236,298,1026),(1237,298,1027),(1238,298,1028),(1239,298,1029),(1240,298,1030),(1241,298,1031),(1242,298,1032),(1243,298,1033),(1244,298,1034),(1245,298,1035),(1246,298,1036),(1247,298,1037),(1248,298,1038),(1249,298,1039),(1250,298,1040),(1251,298,1041),(1252,298,1042),(1253,298,1043),(1254,298,1044),(1255,298,1045),(1256,298,1046),(1257,298,1047),(1258,298,1048),(1259,298,1049),(1260,299,1050),(1261,299,1051),(1262,299,1052),(1263,299,1053),(1264,299,1054),(1265,299,1055),(1266,299,1056),(1267,299,1057),(1268,299,1058),(1269,299,1059),(1270,299,1060),(1271,300,1061),(1272,300,1062),(1273,300,1063),(1274,300,1064),(1275,300,1065),(1276,300,1066),(1277,300,1067),(1278,300,1068),(1279,300,1069),(1280,300,1070),(1281,300,1071),(1282,300,1072),(1283,300,1073),(1284,300,1074),(1285,300,1075),(1286,300,1076),(1287,300,1077),(1288,300,1078),(1289,300,1079),(1290,300,1080),(1291,301,1081),(1292,301,1082),(1293,301,1083),(1294,301,1084),(1295,301,1085),(1296,301,1086),(1297,301,1087),(1298,301,1088),(1299,301,1089),(1300,301,1090),(1301,301,1091),(1302,301,1092),(1303,301,1093),(1304,301,1094),(1305,301,1095),(1306,301,1096),(1307,301,1097),(1308,301,1098),(1309,301,1099),(1310,301,1100),(1311,302,1101),(1312,302,1102),(1313,302,1103),(1314,302,1104),(1315,302,1105),(1316,302,1106),(1317,302,1107),(1318,302,1108),(1319,302,1109),(1320,302,1110),(1321,302,1111),(1322,302,1112),(1323,302,1113),(1324,302,1114),(1325,302,1115),(1326,302,1116),(1327,302,1117),(1328,302,1118),(1329,302,1119),(1330,302,1120),(1331,303,1121),(1332,303,1122),(1333,303,1123),(1334,303,1124),(1335,303,1125),(1336,303,1126),(1337,303,1127),(1338,303,1128),(1339,303,1129),(1340,303,1130),(1341,303,1131),(1342,303,1132),(1343,303,1133),(1344,303,1134),(1345,303,1135),(1346,303,1136),(1347,303,1137),(1348,303,1138),(1349,303,1139),(1350,303,1140),(1351,304,1141),(1352,304,1142),(1353,304,1143),(1354,304,1144),(1355,304,1145),(1356,304,1146),(1357,304,1147),(1358,304,1148),(1359,304,1149),(1360,304,1150),(1361,304,1151),(1362,304,1152),(1363,304,1153),(1364,304,1154),(1365,304,1155),(1366,304,1156),(1367,304,1157),(1368,304,1158),(1369,304,1159),(1370,304,1160),(1371,305,1154),(1372,305,1155),(1373,305,1156),(1374,305,1157),(1375,305,1158),(1376,305,1159),(1377,305,1160),(1378,305,1161),(1379,305,1162),(1380,305,1163),(1381,305,1164),(1382,305,1165),(1383,305,1166),(1384,305,1167),(1385,305,1168),(1386,305,1169),(1387,305,1170),(1388,305,1171),(1389,305,1172),(1390,305,1173),(1391,306,1154),(1392,306,1155),(1393,306,1156),(1394,306,1157),(1395,306,1158),(1396,306,1159),(1397,306,1160),(1398,306,1161),(1399,306,1162),(1400,306,1163),(1401,306,1164),(1402,306,1165),(1403,306,1166),(1404,306,1167),(1405,306,1168),(1406,306,1169),(1407,306,1170),(1408,306,1171),(1409,306,1172),(1410,306,1173),(1411,306,1174),(1412,306,1175),(1413,306,1176),(1414,306,1177),(1415,306,1178),(1416,306,1179),(1417,307,1180),(1418,307,1181),(1419,307,1182),(1420,307,1183),(1421,307,1184),(1422,307,1185),(1423,307,1186),(1424,307,1187),(1425,307,1188),(1426,307,1189),(1427,307,1190),(1428,307,1191),(1429,308,1180),(1430,308,1181),(1431,308,1182),(1432,308,1183),(1433,308,1184),(1434,308,1185),(1435,308,1186),(1436,308,1187),(1437,308,1188),(1438,308,1189),(1439,308,1190),(1440,308,1191),(1441,308,1192),(1442,308,1193),(1443,308,1194),(1444,308,1195),(1445,308,1196),(1446,308,1197),(1447,308,1198),(1448,308,1199),(1449,309,1200),(1450,310,1201),(1451,311,1202),(1452,312,1203),(1453,313,1204),(1454,313,1205),(1455,313,1206),(1456,313,1207),(1457,313,1208),(1458,314,1154),(1459,314,1155),(1460,314,1156),(1461,314,1157),(1462,314,1158),(1463,314,1159),(1464,314,1160),(1465,314,1162),(1466,314,1163),(1467,314,1164),(1468,314,1165),(1469,314,1166),(1470,314,1167),(1471,314,1168),(1472,314,1169),(1473,314,1170),(1474,314,1171),(1475,314,1172),(1476,314,1173),(1477,314,1174),(1478,314,1175),(1479,314,1176),(1480,314,1177),(1481,314,1178),(1482,314,1179),(1483,314,1209),(1484,315,1181),(1485,315,1182),(1486,315,1183),(1487,315,1184),(1488,315,1185),(1489,315,1186),(1490,315,1187),(1491,315,1188),(1492,315,1189),(1493,315,1190),(1494,315,1191),(1495,315,1192),(1496,315,1193),(1497,315,1194),(1498,315,1195),(1499,315,1196),(1500,315,1197),(1501,315,1198),(1502,315,1199),(1503,315,1210),(1504,316,1211),(1505,316,1212),(1506,316,1213),(1507,316,1214),(1508,316,1215),(1509,316,1216),(1510,316,1217),(1511,316,1218),(1512,316,1219),(1513,316,1220),(1514,316,1221),(1515,316,1222),(1516,316,1223),(1517,316,1224),(1518,316,1225),(1519,317,1211),(1520,317,1212),(1521,317,1213),(1522,317,1214),(1523,317,1215),(1524,317,1216),(1525,317,1217),(1526,317,1218),(1527,317,1219),(1528,317,1220),(1529,317,1221),(1530,317,1222),(1531,317,1223),(1532,317,1224),(1533,317,1225),(1534,317,1226),(1535,317,1227),(1536,317,1228),(1537,317,1229),(1538,317,1230),(1539,317,1231),(1540,317,1232),(1541,317,1233),(1542,317,1234),(1543,317,1235),(1544,317,1236),(1545,317,1237),(1546,317,1238),(1547,317,1239),(1548,317,1240),(1549,317,1241),(1550,317,1242),(1551,317,1243),(1552,317,1244),(1553,318,1211),(1554,318,1212),(1555,318,1213),(1556,318,1214),(1557,318,1215),(1558,318,1216),(1559,318,1217),(1560,318,1218),(1561,318,1219),(1562,318,1220),(1563,318,1221),(1564,318,1222),(1565,318,1223),(1566,318,1224),(1567,318,1225),(1568,318,1227),(1569,318,1228),(1570,318,1229),(1571,318,1230),(1572,318,1231),(1573,318,1232),(1574,318,1233),(1575,318,1234),(1576,318,1235),(1577,318,1236),(1578,318,1237),(1579,318,1238),(1580,318,1239),(1581,318,1240),(1582,318,1241),(1583,318,1242),(1584,318,1243),(1585,318,1244),(1586,318,1245),(1587,319,1246),(1588,319,1247),(1589,319,1248),(1590,319,1249),(1591,319,1250),(1592,319,1251),(1593,319,1252),(1594,319,1253),(1595,319,1254),(1596,319,1255),(1597,319,1256),(1598,319,1257),(1599,319,1258),(1600,319,1259),(1601,319,1260),(1602,319,1261),(1603,319,1262),(1604,319,1263),(1605,319,1264),(1606,319,1265),(1607,320,1266),(1608,320,1267),(1609,320,1268),(1610,320,1269),(1611,320,1270),(1612,320,1271),(1613,320,1272),(1614,320,1273),(1615,320,1274),(1616,320,1275),(1617,320,1276),(1618,320,1277),(1619,321,1266),(1620,321,1267),(1621,321,1268),(1622,321,1269),(1623,321,1270),(1624,321,1271),(1625,321,1272),(1626,321,1273),(1627,321,1274),(1628,321,1275),(1629,321,1276),(1630,321,1277),(1631,321,1278),(1632,321,1279),(1633,321,1280),(1634,321,1281),(1635,321,1282),(1636,321,1283),(1637,321,1284),(1638,321,1285),(1639,321,1286),(1640,321,1287),(1641,321,1288),(1642,321,1289),(1643,321,1290),(1644,321,1291),(1645,321,1292),(1646,321,1293),(1647,321,1294),(1648,321,1295),(1649,322,1266),(1650,322,1267),(1651,322,1268),(1652,322,1269),(1653,322,1270),(1654,322,1271),(1655,322,1272),(1656,322,1273),(1657,322,1274),(1658,322,1275),(1659,322,1276),(1660,322,1277),(1661,322,1278),(1662,322,1279),(1663,322,1280),(1664,322,1281),(1665,322,1282),(1666,322,1283),(1667,322,1284),(1668,322,1285),(1669,322,1286),(1670,322,1287),(1671,322,1288),(1672,322,1289),(1673,322,1290),(1674,322,1291),(1675,322,1292),(1676,322,1293),(1677,322,1294),(1678,322,1295),(1679,322,1296),(1680,322,1297),(1681,322,1298),(1682,322,1299),(1683,322,1300),(1684,323,1301),(1685,324,1302),(1686,325,1303),(1687,326,1304),(1688,327,1305),(1689,328,1306),(1690,329,1307),(1691,330,1308),(1692,331,1309),(1693,332,1310),(1694,333,1311),(1695,334,1312),(1696,335,1313),(1697,336,1314),(1698,337,1315),(1699,338,1316),(1700,339,1317),(1701,340,1318),(1702,341,1319),(1703,342,1320),(1704,343,1321),(1705,343,1322),(1706,344,1321),(1707,344,1323),(1708,345,1321),(1709,345,1323),(1710,345,1324),(1711,346,1321),(1712,346,1323),(1713,346,1324),(1714,346,1325),(1715,347,1321),(1716,347,1323),(1717,347,1324),(1718,347,1325),(1719,347,1326),(1720,348,1327),(1721,348,1328),(1722,348,1329),(1723,348,1330),(1724,349,1327),(1725,349,1328),(1726,349,1329),(1727,349,1330),(1728,349,1331),(1729,349,1332),(1730,349,1333),(1731,350,1327),(1732,350,1328),(1733,350,1329),(1734,350,1330),(1735,350,1332),(1736,350,1333),(1737,350,1334),(1738,351,1327),(1739,351,1328),(1740,351,1329),(1741,351,1330),(1742,351,1332),(1743,351,1333),(1744,351,1334),(1745,351,1335),(1746,352,1336),(1747,352,1337),(1748,353,1338),(1749,354,1339);
/*!40000 ALTER TABLE `gdoks_pdas_x_arquivos` ENABLE KEYS */;
UNLOCK TABLES;

--
-- Table structure for table `gdoks_projetos`
--

DROP TABLE IF EXISTS `gdoks_projetos`;
/*!40101 SET @saved_cs_client     = @@character_set_client */;
/*!40101 SET character_set_client = utf8 */;
CREATE TABLE `gdoks_projetos` (
  `id` int(11) NOT NULL AUTO_INCREMENT,
  `nome` varchar(100) NOT NULL,
  `codigo` varchar(20) DEFAULT NULL,
  `id_cliente` int(11) DEFAULT NULL,
  `id_responsavel` int(11) DEFAULT NULL,
  `id_empresa` int(11) DEFAULT NULL,
  `data_inicio_p` date DEFAULT NULL,
  `data_final_p` date DEFAULT NULL,
  `ativo` bit(1) NOT NULL DEFAULT b'1',
  `gdoks_forma_de_cobranca` tinyint(4) NOT NULL DEFAULT '1',
  PRIMARY KEY (`id`),
  KEY `FK_cliente_idx` (`id_empresa`),
  KEY `FK_projetos_x_clientes_idx` (`id_cliente`),
  KEY `FK_projetos_x_responsaveis_idx` (`id_responsavel`),
  CONSTRAINT `FK_projetos_x_clientes` FOREIGN KEY (`id_cliente`) REFERENCES `gdoks_clientes` (`id`) ON DELETE NO ACTION ON UPDATE NO ACTION,
  CONSTRAINT `FK_projetos_x_empresas` FOREIGN KEY (`id_empresa`) REFERENCES `gdoks_empresas` (`id`) ON DELETE NO ACTION ON UPDATE NO ACTION,
  CONSTRAINT `FK_projetos_x_responsaveis` FOREIGN KEY (`id_responsavel`) REFERENCES `gdoks_usuarios` (`id`) ON DELETE NO ACTION ON UPDATE NO ACTION
) ENGINE=InnoDB AUTO_INCREMENT=99 DEFAULT CHARSET=utf8;
/*!40101 SET character_set_client = @saved_cs_client */;

--
-- Dumping data for table `gdoks_projetos`
--

LOCK TABLES `gdoks_projetos` WRITE;
/*!40000 ALTER TABLE `gdoks_projetos` DISABLE KEYS */;
INSERT INTO `gdoks_projetos` VALUES (68,'LAUDO E PROJETO DE SPDA E ATERRAMENTO','1704',17,2,1,'2017-06-01','2017-07-11','',1),(69,'AS BUILT DOS DIAGRAMAS UNIFILARES','1703',18,2,1,'2017-04-01','2017-05-08','',1),(70,'MODELAGEM','1702',19,2,1,'2017-04-24','2017-05-24','',1),(71,'DIAGRAMA FUNCIONAIS E TRIFILARES','1502',22,2,1,'2017-02-01','2017-03-05','',1),(72,'RESISTENCIA DE ATERRAMENTO TOQUE E PASSO DA MALHA DOS AEROGERADORES','1602',23,2,1,'2016-02-23','2016-03-22','',1),(73,'RESISTENCIA DE ATERRAMENTO TOQUE E PASSO DA MALHA DOS AEROGERADORES','1505',23,2,1,'2015-09-15','2015-10-02','',1),(74,'PROJETO PARA INSTALAÇÃO DO INVERSOR DE FREQUENCIA DA PONTE ROLANTE PR-560-04','1507',24,2,1,'2016-01-04','2016-02-05','',1),(75,'PROJETO DE EXTENSÃO DE REDE - VILLAS E PRAIA','1605',20,2,1,'2017-01-01','2017-02-01','',1),(76,'Laboratório','1701',17,2,1,'2017-04-17','2017-05-15','',1),(77,'AS BUILTS DOS FERRYs','1504',25,2,1,'2015-01-09','2015-10-16','',1),(78,'DESENV. INICIAL DO CAMPO DE CHIBATA','1501',26,2,1,'2015-02-01','2015-03-01','',1),(79,'OSP-070 - AM0239–CENTRALIZAÇÃO DOS ESCRITÓRIOS NA BOGPM','1408',26,2,1,'2015-01-08','2015-01-08','',1),(80,'OSP-097 - AMPLIAÇÃO DA ETA - PÓLO ARARA','1407',26,2,1,'2014-12-08','2015-01-06','',1),(81,'SERVIÇOS DE CONSULTORIA E DIAGNOSTICOS A NR-10','1406',27,2,1,'2016-01-18','2016-02-18','',1),(82,'PROJETO E AS BUILT DO SPDA E ATERRAMENTO','1405',28,2,1,'2015-01-07','2015-02-07','',1),(83,'RESISTIVIDADE DO SOLO E CALCULO DE ESTRATIFICAÇÃO','1404',29,2,1,'2014-08-30','2014-09-30','',1),(84,'TRANSPETRO – ALTERNATIVA DE ALIMENTAÇÃO DAS BOMBAS MB-0116A-B','1402',26,2,1,'2014-04-05','2014-05-05','',1),(85,'AM0239–CENTRALIZAÇÃO DOS ESCRITÓRIOS NA BOGPM','1401',26,2,1,'2014-07-01','2014-07-31','\0',1),(86,'INDIVIDUALIZAÇÃO DOS MEDIDORES DE ENERGIA ELETRICA DO HORTOMERCADO HUMAITÁ','1303',30,2,1,'2014-07-01','2014-07-24','',1),(87,'LAUDO DE SPDA','1608',42,2,1,'2017-09-01','2017-09-19','',1),(88,'LAUDO DE SPDA','1705',43,2,1,'2017-09-01','2017-09-19','',1),(89,'PROJETO DOS AR CONDICIONADOS','1710',44,2,1,'2017-12-11','2018-01-11','',1),(90,'PROJETO DE ENTRADA EMBASA - VILLAS-PRAIA','1606',20,2,1,'2017-12-01','2017-12-31','',1),(91,'PROJETO DOS AR CONDICIONADOS','1710',44,2,1,'2017-12-01','2018-01-31','',1),(92,'PRJ Teste 1','PRT-1',45,1,1,'2017-12-27','2017-12-27','',1),(93,'PROJETO COBERTURA','1709',46,3,1,'2018-01-04','2018-01-12','',1),(94,'TSSR','1706',47,3,1,'2018-01-05','2018-01-05','',1),(95,'Adequação das Instalações da Laje do LVT do Metro','1801',48,2,1,'2018-02-02','2018-02-02','',1),(96,'MSE - Projeto JMacedo','1711',49,2,1,'2018-02-21','2018-02-21','',1),(97,'Check List dos Sites da Vivo para infra de FO','1802',50,2,1,'2018-02-27','2018-03-01','',1),(98,'PROJETO IMPORTADO','PRJ_IMPORT',45,1,1,'2018-03-26','2018-05-31','',1);
/*!40000 ALTER TABLE `gdoks_projetos` ENABLE KEYS */;
UNLOCK TABLES;

--
-- Table structure for table `gdoks_revisoes`
--

DROP TABLE IF EXISTS `gdoks_revisoes`;
/*!40101 SET @saved_cs_client     = @@character_set_client */;
/*!40101 SET character_set_client = utf8 */;
CREATE TABLE `gdoks_revisoes` (
  `id` int(11) NOT NULL AUTO_INCREMENT,
  `serial` smallint(8) NOT NULL DEFAULT '0',
  `id_documento` int(11) NOT NULL,
  `data_limite` date DEFAULT NULL,
  `progresso_validado` smallint(8) NOT NULL DEFAULT '0',
  `progresso_a_validar` smallint(8) NOT NULL DEFAULT '0',
  `ua` datetime DEFAULT NULL,
  `end_fisico` varchar(60) DEFAULT NULL,
  PRIMARY KEY (`id`),
  UNIQUE KEY `UQ_serial__x_doxumento` (`serial`,`id_documento`),
  KEY `FK_id_documento_x_documentos_id_idx` (`id_documento`),
  CONSTRAINT `FK_id_documento_x_documentos_id` FOREIGN KEY (`id_documento`) REFERENCES `gdoks_documentos` (`id`) ON DELETE CASCADE ON UPDATE CASCADE
) ENGINE=InnoDB AUTO_INCREMENT=981 DEFAULT CHARSET=utf8;
/*!40101 SET character_set_client = @saved_cs_client */;

--
-- Dumping data for table `gdoks_revisoes`
--

LOCK TABLES `gdoks_revisoes` WRITE;
/*!40000 ALTER TABLE `gdoks_revisoes` DISABLE KEYS */;
INSERT INTO `gdoks_revisoes` VALUES (615,0,615,'2017-07-11',100,0,'2017-08-25 14:35:46',NULL),(616,0,616,'2017-07-11',100,0,'2017-08-25 15:28:05',NULL),(617,0,617,'2017-07-11',100,0,'2017-08-25 15:30:07',NULL),(618,0,618,'2017-07-11',100,0,'2017-08-25 15:23:07',NULL),(619,0,619,'2017-07-11',100,0,'2017-08-25 15:22:14',NULL),(620,0,620,'2017-07-11',100,0,'2017-08-25 15:25:10',NULL),(621,0,621,'2017-07-11',100,0,'2017-08-25 15:20:03',NULL),(622,0,622,'2017-07-11',100,0,'2017-08-25 15:18:52',NULL),(623,0,623,'2017-07-11',100,0,'2017-08-25 15:32:16',NULL),(624,0,624,'2017-07-11',100,0,'2017-08-28 13:10:31',NULL),(626,0,626,'2017-07-11',100,0,'2017-08-28 13:16:10',NULL),(629,0,629,'2017-07-11',100,0,'2017-08-25 15:50:44',NULL),(630,0,630,'2017-07-11',100,0,'2017-08-28 13:09:09',NULL),(631,0,631,'2017-07-11',100,0,'2017-08-25 15:43:34',NULL),(634,0,634,'2017-07-11',100,0,'2017-08-25 15:38:06',NULL),(635,0,635,'2017-07-11',100,0,'2017-08-25 15:42:05',NULL),(636,0,636,'2017-07-11',100,0,'2017-08-28 13:25:54',NULL),(637,0,637,'2017-07-11',100,0,'2017-08-28 13:22:45',NULL),(638,0,638,'2017-07-11',100,0,'2017-08-25 15:47:16',NULL),(648,0,648,'2016-03-22',100,0,'2017-08-28 14:01:33',NULL),(658,0,658,'2017-02-01',100,0,'2017-08-29 13:20:01',NULL),(659,0,659,'2017-02-01',100,0,'2017-08-29 13:40:00',NULL),(660,0,660,'2017-02-01',100,0,'2017-08-29 13:23:52',NULL),(661,0,661,'2017-02-01',100,0,'2017-08-29 13:33:42',NULL),(662,0,662,'2017-02-01',100,0,'2017-08-29 13:40:40',NULL),(663,0,663,'2017-02-01',100,0,'2017-08-29 13:23:03',NULL),(664,0,664,'2017-02-01',100,0,'2017-08-29 13:24:42',NULL),(665,0,665,'2017-02-01',100,0,'2017-08-29 13:21:05',NULL),(666,0,666,'2017-02-01',100,0,'2017-08-29 13:27:08',NULL),(667,0,667,'2017-02-01',100,0,'2017-08-29 13:18:48',NULL),(668,0,668,'2017-02-01',100,0,'2017-08-29 13:28:37',NULL),(669,0,669,'2017-02-01',100,0,'2017-08-29 13:30:59',NULL),(670,0,670,'2017-02-01',100,0,'2017-08-29 13:32:04',NULL),(671,0,671,'2017-02-01',100,0,'2017-08-29 13:37:09',NULL),(672,0,672,'2017-02-01',100,0,'2017-08-29 13:35:39',NULL),(673,0,673,'2017-02-01',100,0,'2017-08-29 13:39:03',NULL),(674,0,674,'2015-03-05',100,0,'2017-08-29 14:15:19',NULL),(675,0,675,'2015-03-19',100,0,'2017-08-29 14:59:53',NULL),(676,0,676,'2015-03-09',100,0,'2017-08-29 14:49:40',NULL),(677,0,677,'2015-03-19',100,0,'2017-08-29 15:03:03',NULL),(678,0,678,'2015-03-05',100,0,'2017-08-29 14:38:28',NULL),(679,0,679,'2015-03-19',100,0,'2017-08-29 15:04:31',NULL),(682,0,682,'2017-04-12',100,0,'2017-08-29 16:10:28',NULL),(683,0,683,'2017-04-12',100,0,'2017-08-29 16:11:01',NULL),(684,0,684,'2017-04-12',100,0,'2017-08-29 16:11:37',NULL),(685,0,685,'2017-04-12',100,0,'2017-08-29 16:12:17',NULL),(686,0,686,'2017-04-12',100,0,'2017-08-29 16:08:12',NULL),(687,0,687,'2017-04-12',100,0,'2017-08-29 16:09:46',NULL),(688,0,688,'2017-04-12',100,0,'2017-08-29 16:14:08',NULL),(689,0,689,'2017-04-12',100,0,'2017-08-29 16:13:35',NULL),(690,0,690,'2017-04-12',100,0,'2017-08-29 16:07:35',NULL),(691,0,691,'2017-04-12',100,0,'2017-08-29 16:06:41',NULL),(692,0,692,'2017-04-12',100,0,'2017-08-29 16:09:02',NULL),(694,0,694,'2017-05-24',100,0,'2017-08-30 14:10:59',NULL),(695,0,695,'2017-05-24',100,0,'2017-08-30 14:01:39',NULL),(696,0,696,'2017-05-24',100,0,'2017-08-30 14:03:56',NULL),(697,0,697,'2017-05-24',100,0,'2017-08-30 14:06:41',NULL),(698,0,698,'2017-05-24',100,0,'2017-08-30 14:07:45',NULL),(699,0,699,'2017-05-24',100,0,'2017-08-30 14:13:24',NULL),(700,0,700,'2017-05-15',100,0,'2017-08-30 14:44:27',NULL),(701,0,701,'2017-05-15',100,0,'2017-08-30 14:45:43',NULL),(702,0,702,'2017-05-15',100,0,'2017-08-30 14:43:05',NULL),(703,0,703,'2017-05-15',100,0,'2017-08-30 14:48:54',NULL),(704,0,704,'2017-05-15',100,0,'2017-08-30 14:46:57',NULL),(705,0,705,'2017-05-15',100,0,'2017-08-30 14:48:07',NULL),(706,0,706,'2015-10-02',100,0,'2017-09-01 15:22:33',NULL),(707,0,707,'2015-10-16',100,0,'2017-08-30 15:38:32',NULL),(708,0,708,'2015-10-16',100,0,'2017-08-30 15:39:14',NULL),(709,0,709,'2013-10-16',100,0,'2017-08-30 15:36:48',NULL),(710,0,710,'2015-10-16',100,0,'2017-08-30 15:50:20',NULL),(711,0,711,'2015-10-16',100,0,'2017-08-30 15:35:49',NULL),(712,0,712,'2015-10-16',100,0,'2017-08-30 15:34:49',NULL),(713,0,713,'2015-03-01',100,0,'2017-08-30 16:22:58',NULL),(714,0,714,'2015-03-01',100,0,'2017-08-30 16:20:10',NULL),(715,0,715,'2015-03-01',100,0,'2017-08-30 16:19:27',NULL),(716,0,716,'2015-03-01',100,0,'2017-08-30 16:23:49',NULL),(717,0,717,'2015-03-01',100,0,'2017-08-30 16:21:32',NULL),(718,0,718,'2015-01-08',100,0,'2017-08-31 13:54:49',NULL),(719,0,719,'2015-01-08',100,0,'2017-08-31 13:56:07',NULL),(720,0,720,'2015-01-08',100,0,'2017-08-31 13:52:23',NULL),(721,0,721,'2015-01-08',100,0,'2017-08-31 13:43:45',NULL),(722,0,722,'2015-01-08',100,0,'2017-08-31 13:46:10',NULL),(723,0,723,'2015-01-08',100,0,'2017-08-31 13:50:50',NULL),(724,0,724,'2015-01-08',100,0,'2017-08-31 13:48:20',NULL),(725,0,725,'2015-01-08',100,0,'2017-08-31 13:44:41',NULL),(726,0,726,'2015-01-06',100,0,'2017-08-31 14:25:00',NULL),(727,0,727,'2015-01-06',100,0,'2017-08-31 14:20:19',NULL),(728,0,728,'2015-01-06',100,0,'2017-08-31 14:24:22',NULL),(729,0,729,'2015-01-06',100,0,'2017-08-31 14:17:19',NULL),(730,0,730,'2016-02-18',100,0,'2017-08-31 14:45:32',NULL),(731,0,731,'2016-02-18',100,0,'2017-08-31 14:48:13',NULL),(732,0,732,'2016-02-18',100,0,'2017-08-31 14:44:28',NULL),(733,0,733,'2015-02-07',100,0,'2017-08-31 15:13:24',NULL),(734,0,734,'2015-02-07',100,0,'2017-08-31 15:14:32',NULL),(735,0,735,'2015-02-07',100,0,'2017-08-31 15:11:39',NULL),(736,0,736,'2015-02-07',100,0,'2017-08-31 15:12:31',NULL),(737,0,737,'2015-02-07',100,0,'2017-08-31 15:06:12',NULL),(738,0,738,'2015-02-07',100,0,'2017-08-31 15:09:01',NULL),(739,0,739,'2014-09-30',100,0,'2017-08-31 15:24:06',NULL),(740,0,740,'2014-09-30',100,0,'2017-08-31 15:24:55',NULL),(741,0,741,'2014-05-05',100,0,'2017-08-31 15:55:41',NULL),(742,0,742,'2014-05-05',100,0,'2017-08-31 16:00:18',NULL),(743,0,743,'2014-05-08',100,0,'2017-08-31 15:54:52',NULL),(744,0,744,'2014-05-08',100,0,'2017-08-31 15:57:45',NULL),(745,0,745,'2014-05-08',100,0,'2017-08-31 15:58:34',NULL),(746,0,746,'2014-05-08',100,0,'2017-08-31 15:59:21',NULL),(747,0,747,'2014-05-08',100,0,'2017-08-31 15:53:34',NULL),(748,0,748,'2014-07-31',100,0,'2017-08-31 16:08:36',NULL),(750,0,750,'2014-01-09',0,0,NULL,NULL),(751,0,751,'2014-07-31',100,0,'2017-09-06 15:18:37',NULL),(752,0,752,'2015-08-14',100,0,'2017-09-11 15:39:38',NULL),(753,0,753,'2014-08-14',100,0,'2017-09-11 15:34:30',NULL),(754,0,754,'2014-08-14',100,0,'2017-09-11 15:38:19',NULL),(755,0,755,'2014-08-14',100,0,'2017-09-11 15:26:38',NULL),(756,0,756,'2014-08-14',100,0,'2017-09-11 15:27:42',NULL),(757,0,757,'2014-08-14',100,0,'2017-09-11 15:29:37',NULL),(758,0,758,'2014-08-14',100,0,'2017-09-11 15:24:28',NULL),(759,0,759,'2014-08-14',100,0,'2017-09-11 15:17:45',NULL),(760,0,760,'2014-08-14',100,0,'2017-09-11 15:22:38',NULL),(761,0,761,'2014-08-14',100,0,'2017-09-11 15:45:06',NULL),(762,0,762,'2014-08-14',100,0,'2017-09-12 13:40:28',NULL),(763,0,763,'2014-08-14',100,0,'2017-09-11 15:32:32',NULL),(767,0,767,'2017-09-18',100,0,'2017-09-19 14:40:07',NULL),(768,0,768,'2017-12-15',0,0,'2017-12-09 17:12:20',NULL),(769,1,768,'2017-12-15',0,0,NULL,NULL),(777,0,776,'2017-12-31',100,0,'2017-12-11 18:20:45',NULL),(778,0,777,'2017-12-31',100,0,'2017-12-11 18:21:36',NULL),(788,0,787,'2017-12-12',100,0,'2017-12-27 17:39:53',NULL),(789,0,788,'2017-12-01',100,0,'2017-12-27 17:39:53',NULL),(790,0,789,'2017-12-12',100,0,'2017-12-27 17:39:53',NULL),(791,0,790,'2017-12-12',100,0,'2017-12-27 17:39:53',NULL),(792,0,791,'2017-12-12',100,0,'2017-12-27 17:39:53',NULL),(793,0,792,'2017-12-31',100,0,'2017-12-13 13:25:06',NULL),(794,0,793,'2017-12-31',100,0,'2017-12-13 13:26:14',NULL),(795,0,794,'2017-12-31',100,0,'2017-12-13 13:44:19',NULL),(796,0,795,'2017-12-31',100,0,'2017-12-13 13:27:11',NULL),(797,0,796,'2017-12-31',100,0,'2017-12-13 13:33:03',NULL),(798,0,797,'2017-12-31',100,0,'2017-12-13 13:38:08',NULL),(799,0,798,'2017-12-31',100,0,'2017-12-13 13:41:11',NULL),(800,0,799,'2017-12-13',100,0,'2017-12-27 17:39:53',NULL),(801,0,800,'2017-12-13',100,0,'2017-12-27 17:39:53',NULL),(802,0,801,'2017-12-13',100,0,'2017-12-27 17:39:53',NULL),(814,0,813,'2017-12-31',100,0,'2017-12-27 17:39:53',NULL),(815,0,814,'2017-12-31',100,0,'2017-12-27 17:39:53',NULL),(816,0,815,'2017-12-31',100,0,'2017-12-27 17:39:53',NULL),(817,0,816,'2017-12-31',100,0,'2017-12-27 17:39:53',NULL),(818,0,817,'2017-12-31',100,0,'2017-12-27 17:39:53',NULL),(819,0,818,'2017-12-31',100,0,'2017-12-27 17:39:53',NULL),(820,0,819,'2017-12-31',100,0,'2017-12-27 17:39:53',NULL),(821,0,820,'2017-12-31',100,0,'2017-12-27 17:39:53',NULL),(822,0,821,'2017-12-31',100,0,'2017-12-27 17:39:53',NULL),(823,0,822,'2017-12-31',100,0,'2017-12-27 17:39:53',NULL),(824,0,823,'2017-12-31',100,0,'2017-12-27 17:39:53',NULL),(825,0,824,'2017-12-31',100,0,'2017-12-27 17:39:53',NULL),(826,0,825,'2017-12-31',100,0,'2017-12-27 17:39:53',NULL),(827,0,826,'2017-12-31',100,0,'2017-12-27 17:39:53',NULL),(828,0,827,'2017-12-31',100,0,'2017-12-27 17:39:53',NULL),(829,0,828,'2017-12-31',100,0,'2017-12-27 17:39:53',NULL),(830,0,829,'2017-12-31',100,0,'2017-12-27 17:39:53',NULL),(831,0,830,'2017-12-31',100,0,'2017-12-27 17:39:53',NULL),(832,0,831,'2017-12-31',100,0,'2017-12-27 17:39:53',NULL),(833,0,832,'2017-12-31',100,0,'2018-01-02 17:41:08',NULL),(834,0,833,'2017-12-31',100,0,'2017-12-27 17:39:53',NULL),(836,0,835,'2017-12-31',100,0,'2017-12-27 17:39:53',NULL),(837,0,836,'2017-12-31',100,0,'2017-12-27 17:39:53',NULL),(838,0,837,'2017-12-31',100,0,'2017-12-29 10:35:24',NULL),(840,0,839,'2017-12-31',100,0,'2017-12-29 18:46:33',NULL),(841,0,840,'2017-12-27',70,0,'2017-12-29 15:01:49',NULL),(844,0,843,'2017-12-29',50,0,'2017-12-29 15:06:31',NULL),(845,0,844,'2017-12-19',100,0,'2018-01-02 18:23:42',NULL),(846,0,845,'2018-01-02',100,0,'2018-01-02 17:28:29',NULL),(847,0,846,'2018-01-10',100,0,'2018-01-02 18:23:42',NULL),(848,0,847,'2018-01-10',100,0,'2018-01-02 18:02:27',NULL),(849,0,848,'2018-01-10',100,0,'2018-01-02 18:02:55',NULL),(850,0,849,'2018-01-10',100,0,'2018-01-02 18:03:18',NULL),(851,0,850,'2018-01-10',100,0,'2018-01-02 18:03:47',NULL),(852,0,851,'2018-01-10',100,0,'2018-01-02 18:09:42',NULL),(853,0,852,'2018-01-10',100,0,'2018-01-02 18:08:52',NULL),(854,0,853,'2018-01-10',100,0,'2018-01-02 18:09:18',NULL),(855,1,699,'2017-05-24',100,0,'2018-01-03 12:43:23',NULL),(856,0,854,'2018-01-05',100,0,'2018-01-04 18:15:38',NULL),(857,0,855,'2018-01-05',100,0,'2018-01-04 18:15:38',NULL),(858,0,856,'2018-01-05',100,0,'2018-01-04 18:15:38',NULL),(859,0,857,'2018-01-05',100,0,'2018-01-04 18:15:38',NULL),(860,0,858,'2018-01-05',100,0,'2018-01-04 18:15:38',NULL),(861,0,859,'2018-01-05',100,0,'2018-01-04 18:15:38',NULL),(862,0,860,'2017-06-30',100,0,'2018-01-08 19:01:37',NULL),(863,0,861,'2017-06-30',100,0,'2018-01-08 19:01:37',NULL),(864,0,862,'2017-06-30',100,0,'2018-01-08 19:01:37',NULL),(865,0,863,'2017-06-30',100,0,'2018-01-08 19:01:37',NULL),(866,0,864,'2017-06-30',100,0,'2018-01-08 19:01:37',NULL),(867,0,865,'2017-06-30',100,0,'2018-01-08 19:01:37',NULL),(868,0,866,'2017-06-30',0,0,NULL,NULL),(869,0,867,'2017-06-30',100,0,'2018-01-08 19:01:37',NULL),(870,0,868,'2017-06-30',100,0,'2018-01-08 19:01:37',NULL),(871,0,869,'2017-06-30',100,0,'2018-01-08 19:01:37',NULL),(873,0,871,'2017-06-30',100,0,'2018-01-08 19:01:37',NULL),(874,0,872,'2017-06-30',0,0,NULL,NULL),(876,0,874,'2017-06-30',0,0,NULL,NULL),(877,0,875,'2017-06-30',0,0,NULL,NULL),(878,0,876,'2017-06-30',0,0,NULL,NULL),(879,0,877,'2017-06-30',0,0,NULL,NULL),(880,0,878,'2017-06-30',0,0,NULL,NULL),(881,0,879,'2017-06-30',0,0,NULL,NULL),(882,0,880,'2017-06-30',0,0,NULL,NULL),(883,2,699,'2017-05-24',0,0,NULL,NULL),(884,0,881,'2018-01-12',100,0,'2018-01-08 19:01:37',NULL),(885,0,882,'2018-01-19',100,0,'2018-01-08 19:01:37',NULL),(886,0,883,'2018-01-12',100,0,'2018-01-08 19:01:37',NULL),(887,0,884,'2018-01-12',100,0,'2018-01-08 19:01:37',NULL),(888,0,885,'2018-01-12',100,0,'2018-01-08 19:01:37',NULL),(892,0,889,'2018-01-15',100,0,'2018-01-15 20:38:49',NULL),(893,0,890,'2018-01-15',100,0,'2018-01-15 20:38:49',NULL),(894,0,891,'2018-01-15',100,0,'2018-01-15 20:38:49',NULL),(895,0,892,'2018-01-15',100,0,'2018-01-15 20:38:49',NULL),(902,0,896,'2018-01-16',100,0,'2018-01-15 20:43:40',NULL),(903,0,897,'2018-01-16',100,0,'2018-01-15 20:45:02',NULL),(905,1,695,'2017-05-24',0,100,'2018-01-16 16:12:31',NULL),(906,1,696,'2017-05-24',0,100,'2018-01-16 16:17:22',NULL),(907,1,697,'2017-05-24',0,100,'2018-01-16 16:19:31',NULL),(908,1,698,'2017-05-24',0,100,'2018-01-16 16:35:40',NULL),(909,1,694,'2017-05-24',0,0,NULL,NULL),(910,2,694,'2017-05-24',0,100,'2018-01-22 15:24:13',NULL),(914,0,901,'2018-01-20',100,0,'2018-01-19 13:37:01',NULL),(916,0,903,'2018-01-20',100,0,'2018-01-19 13:37:01',NULL),(917,0,904,'2018-01-20',100,0,'2018-01-19 13:37:02',NULL),(918,0,905,'2018-02-02',10,0,'2018-01-30 19:25:26',NULL),(919,0,906,'2018-02-05',100,0,'2018-02-02 19:00:02',NULL),(920,0,907,'2018-02-21',84,0,'2018-02-26 15:51:28',NULL),(922,1,906,'2018-02-05',100,0,'2018-02-23 10:39:11',NULL),(925,2,906,'2018-02-05',100,0,'2018-02-23 16:40:42',NULL),(926,0,908,'2018-02-27',100,0,'2018-02-28 10:35:39',NULL),(927,0,909,'2018-02-27',100,0,'2018-02-27 17:21:17',NULL),(928,0,910,'2018-02-27',100,0,'2018-02-28 10:36:15',NULL),(929,0,911,'2018-02-27',100,0,'2018-02-28 10:57:25',NULL),(930,0,912,'2018-02-27',100,0,'2018-02-28 10:37:19',NULL),(931,0,913,'2018-02-27',100,0,'2018-02-28 15:07:43',NULL),(932,0,914,'2018-02-27',100,0,'2018-02-28 10:39:22',NULL),(933,0,915,'2018-02-27',100,0,'2018-02-28 10:55:03',NULL),(934,0,916,'2018-02-28',100,0,'2018-02-28 10:45:58',NULL),(935,1,916,'2018-02-28',100,0,'2018-02-28 16:49:55',NULL),(936,0,917,'2018-02-28',100,0,'2018-02-28 16:59:15',NULL),(937,0,918,'2018-03-03',100,0,'2018-03-01 13:27:26',NULL),(938,0,919,'2018-03-03',100,0,'2018-03-01 13:27:26',NULL),(939,0,920,'2018-03-03',100,0,'2018-03-01 13:27:26',NULL),(940,0,921,'2018-03-03',100,0,'2018-03-01 13:27:26',NULL),(941,0,922,'2018-03-03',100,0,'2018-03-01 13:27:26',NULL),(942,0,923,'2018-03-03',100,0,'2018-03-01 13:27:26',NULL),(943,0,924,'2018-03-03',100,0,'2018-03-01 13:27:26',NULL),(944,0,925,'2018-03-03',100,0,'2018-03-01 13:27:26',NULL),(945,0,926,'2018-03-03',100,0,'2018-03-01 13:27:26',NULL),(946,0,927,'2018-03-03',100,0,'2018-03-01 13:27:26',NULL),(947,0,928,'2018-03-03',100,0,'2018-03-01 13:27:26',NULL),(948,0,929,'2018-03-03',100,0,'2018-03-01 13:27:26',NULL),(949,0,930,'2018-03-03',100,0,'2018-03-01 13:27:26',NULL),(950,0,931,'2018-03-03',100,0,'2018-03-01 13:27:26',NULL),(951,0,932,'2018-03-03',100,0,'2018-03-01 13:27:26',NULL),(960,1,907,'2018-02-21',95,0,'2018-04-06 03:14:14',NULL),(961,0,933,'2017-04-12',0,0,NULL,NULL),(962,0,934,'2018-10-25',100,0,'2018-03-28 16:36:53',NULL),(963,0,935,'2018-10-25',2,0,'2018-03-28 16:51:28',NULL),(964,0,936,'2018-10-25',0,0,NULL,NULL),(965,0,937,'2018-10-25',0,0,NULL,NULL),(966,0,938,'2018-10-25',0,0,NULL,NULL),(967,0,939,'2018-10-25',0,0,NULL,NULL),(968,0,940,'2018-10-25',0,0,NULL,NULL),(969,0,941,'2018-10-25',0,0,NULL,NULL),(970,0,942,'2018-10-25',0,0,NULL,NULL),(971,0,943,'2018-10-25',0,0,NULL,NULL),(972,0,944,'2018-10-25',0,0,NULL,NULL),(973,0,945,'2018-10-25',0,0,NULL,NULL),(974,0,946,'2018-10-25',0,0,NULL,NULL),(975,0,947,'2018-10-25',0,0,NULL,NULL),(976,0,948,'2018-10-25',0,0,NULL,NULL),(977,0,949,'2018-10-25',0,0,NULL,NULL),(978,1,820,'2017-12-31',100,0,'2018-04-08 05:42:43',NULL),(979,1,917,'2018-02-28',0,0,NULL,NULL),(980,2,820,'2017-12-31',40,5,'2018-04-09 14:05:38',NULL);
/*!40000 ALTER TABLE `gdoks_revisoes` ENABLE KEYS */;
UNLOCK TABLES;

--
-- Table structure for table `gdoks_subareas`
--

DROP TABLE IF EXISTS `gdoks_subareas`;
/*!40101 SET @saved_cs_client     = @@character_set_client */;
/*!40101 SET character_set_client = utf8 */;
CREATE TABLE `gdoks_subareas` (
  `id` int(11) NOT NULL AUTO_INCREMENT,
  `nome` varchar(45) DEFAULT NULL,
  `codigo` varchar(45) DEFAULT NULL,
  `id_area` int(11) DEFAULT NULL,
  PRIMARY KEY (`id`),
  UNIQUE KEY `UQ_nome` (`nome`,`id_area`),
  UNIQUE KEY `UQ_codigo` (`codigo`,`id_area`),
  KEY `FK_id_area_x_subarea_idx` (`id_area`),
  CONSTRAINT `FK_id_area_x_subarea` FOREIGN KEY (`id_area`) REFERENCES `gdoks_areas` (`id`) ON DELETE CASCADE ON UPDATE CASCADE
) ENGINE=InnoDB AUTO_INCREMENT=410 DEFAULT CHARSET=utf8;
/*!40101 SET character_set_client = @saved_cs_client */;

--
-- Dumping data for table `gdoks_subareas`
--

LOCK TABLES `gdoks_subareas` WRITE;
/*!40000 ALTER TABLE `gdoks_subareas` DISABLE KEYS */;
INSERT INTO `gdoks_subareas` VALUES (375,NULL,'1704.00',194),(376,'Geral','1703.00',195),(377,NULL,'1502.00',196),(378,NULL,'1602.00',197),(379,NULL,'1507.00',198),(380,NULL,'1605.00',199),(381,NULL,'1702.00',200),(382,NULL,'1701.00',201),(383,NULL,'1505.00',202),(384,NULL,'1504.00',203),(385,NULL,'1501.00',204),(386,NULL,'1408.00',205),(387,NULL,'1407.00',206),(388,NULL,'1406.00',207),(389,NULL,'1405.00',208),(390,NULL,'1404.00',209),(391,NULL,'1402.00',210),(392,NULL,'1401.00',211),(393,NULL,'1303.00',212),(394,NULL,'1608.00',213),(395,NULL,'1705.00',214),(396,'geral','1606.00',216),(397,'Geral','1710.00',217),(402,'Documentos de Referencia','DR',217),(403,'Subárea 1','SA1',218),(404,'geral','1709.00',219),(405,'geral','1706.00',220),(406,'Geral','1801.00',221),(407,'GERAL','1711.01',223),(408,'geral','1802.00',224),(409,NULL,'1001',225);
/*!40000 ALTER TABLE `gdoks_subareas` ENABLE KEYS */;
UNLOCK TABLES;

--
-- Table structure for table `gdoks_subdisciplinas`
--

DROP TABLE IF EXISTS `gdoks_subdisciplinas`;
/*!40101 SET @saved_cs_client     = @@character_set_client */;
/*!40101 SET character_set_client = utf8 */;
CREATE TABLE `gdoks_subdisciplinas` (
  `id` int(11) NOT NULL AUTO_INCREMENT,
  `nome` varchar(100) DEFAULT NULL,
  `sigla` varchar(8) DEFAULT NULL,
  `ativa` bit(1) DEFAULT b'1',
  `id_disciplina` int(11) DEFAULT NULL,
  PRIMARY KEY (`id`),
  UNIQUE KEY `sigla_UNIQUE` (`sigla`),
  KEY `FK_disciplinas_x_subdisciplinas_idx` (`id_disciplina`),
  CONSTRAINT `FK_disciplinas_x_subdisciplinas` FOREIGN KEY (`id_disciplina`) REFERENCES `gdoks_disciplinas` (`id`) ON DELETE CASCADE ON UPDATE CASCADE
) ENGINE=InnoDB AUTO_INCREMENT=286 DEFAULT CHARSET=utf8;
/*!40101 SET character_set_client = @saved_cs_client */;

--
-- Dumping data for table `gdoks_subdisciplinas`
--

LOCK TABLES `gdoks_subdisciplinas` WRITE;
/*!40000 ALTER TABLE `gdoks_subdisciplinas` DISABLE KEYS */;
INSERT INTO `gdoks_subdisciplinas` VALUES (1,'Direção','A01','',1),(2,'Gestão de Contratos','A02','',1),(3,'Comercialização','A03','',1),(4,'Coordenação','A04','',1),(5,'Supervisão','A05','',1),(6,'Secretaria','A06','',1),(7,'Arquivo Técnico','A07','',1),(8,'Proc. Coordenação / Doc. QSSMA','A08','',1),(9,'QSSMA','A09','',1),(10,'Retrabalho','A20','',1),(11,'Direção','B01','',2),(12,'Supervisão','B02','',2),(13,'Treinamento','B03','',2),(14,'Disponibilidade','B04','',2),(15,'Administração Geral','B05','',2),(16,'Folga','B10','',2),(17,'Retrabalho','B20','',2),(18,'Doença','B91','',2),(19,'Permitidas','B92','',2),(20,'Férias','B93','',2),(21,'A compensar','B94','',2),(22,'Descanso em Férias','B96','',2),(23,'Ausências Cargos de Gestão','B97','',2),(24,'Supervisão','C01','',3),(25,'Levantamento de Campo / Levantamento de Documentos)','C02','',3),(26,'Especificação Técnica, Critérios de Projeto','C03','',3),(27,'Des. Terraplenagem','C04','',3),(28,'Des. Implantação (Locação Geral, Arrumento,Pavimentação e Urbanização, Sist. Subterr. e Drenagem)','C05','',3),(29,'Especificação para Cotação e Compra (RM)','C07','',3),(30,'Lista Material (Levant. Quantitativos)','C09','',3),(31,'Comentários DF\'s','C10','',3),(32,'Memorial Descritivo / Relatório','C11','',3),(33,'Memória Cálculo','C12','',3),(34,'Des. Concreto (Formas, Armaduras e Estaqueamento)','C13','',3),(35,'Des. Arquit. (Plantas, Cortes, Fachadas)','C14','',3),(36,'Des. Instal. Hidráulicas','C15','',3),(37,'Desenhos Unifilares Metálica','C16','',3),(38,'Desenhos Detalhamento Metálica','C17','',3),(39,'Bancos de Dados do Projeto Civil','C18','',3),(40,'Retrabalho','C20','',3),(41,'Reunião','C80','',3),(42,'Estágio','C90','',3),(43,'Especificações Técnicas de Equipamentos','E00','',4),(44,'Folha de Dados de Equipamentos','E01','',4),(45,'Requisições de Equipamentos','E02','',4),(46,'Parecer Técnico de Propostas para Equipamentos','E03','',4),(47,'Verificação de Documentos de Fornecedores','E04','',4),(48,'Diagramas Unifilares','E05','',4),(49,'Diagramas Trifilares Funcionais','E06','',4),(50,'Diagramas de Interligação e Conexão','E07','',4),(51,'Desenhos de Detalhes Típicos de Instalações','E08','',4),(52,'Planta de Subestações / Salas de Equipamentos','E09','',4),(53,'Planta de Distribuição de Força e Aterramento','E10','',4),(54,'Planta de Aterramento / SPDA','E11','',4),(55,'Planta de Iluminação','E12','',4),(56,'Listas de Materiais de Instalação','E13','',4),(57,'Análise Técnica de Propostas para Materiais de Instalação','E14','',4),(58,'Listas de Eletrodutos e Cabos','E15','',4),(59,'Listas de Consumidores Elétricos (Lista de Carga)','E16','',4),(60,'Planta de Classificação de Áreas','E17','',4),(61,'Relatórios Técnicos','E18','',4),(62,'Análise Técnica e Concepção de Projeto Básico','E19','',4),(63,'Memoriais Descritivos','E20','',4),(64,'Condicionamento / Preservação','E21','',4),(65,'Plano de Pré-Operação / Partida','E22','',4),(66,'Apoio a Parecer Técnico de Equipamentos Mecânicos','E23','',4),(67,'Apoio à Verificação de Docs. de Fornecedores de Eqptos. Mecânicos','E24','',4),(68,'Memoria de cálculo (Cabos, Aterramentos, CC, SPDA, etc.)','E25','',4),(69,'Diagrama Trifilar (Iluminação, CC, Instrumentação)','E26','',4),(70,'Listas em Geral','E27','',4),(71,'Documentação entrada Coelba','E28','',4),(72,'Modelagem Elétrica','E29','',4),(73,'Layout dos Ar Condicionados','E30','',4),(74,'vago','E31','',4),(75,'vago','E32','',4),(76,'vago','E33','',4),(77,'vago','E34','',4),(78,'vago','E35','',4),(79,'vago','E36','',4),(80,'vago','E37','',4),(81,'vago','E38','',4),(82,'vago','E39','',4),(83,'Gerenciamento, Planejamento e Programação','E40','',4),(84,'vago','E41','',4),(85,'vago','E42','',4),(86,'Assistência Técnica','E43','',4),(87,'Embarque (offshore)','E44','',4),(88,'As-built','E45','',4),(89,'Levantamento de Campo','E46','',4),(90,'vago','E47','',4),(91,'vago','E48','',4),(92,'vago','E49','',4),(93,'Gerência de Empreendimentos','F20','',4),(94,'Supervisão - Escritório Central','F01','',4),(95,'Supervisão/Administração - Escritório de Campo','F02','',4),(96,'Serviços Preparatórios de Construção','F03','',4),(97,'Coordenação de Campo','F04','',4),(98,'Planejamento e Controle de Custos','F05','',4),(99,'Fiscalização, Testes e Medição','F06','',4),(100,'Engenharia de Campo','F07','',4),(101,'Controles de Materiais','F08','',4),(102,'Partida','F09','',4),(103,'Viagem Residência/ Obra / Residência','F10','',4),(104,'Assistência Técnica ao Cliente','F11','',4),(105,'Retrabalho','F30','',4),(106,'Especificações Técnicas','E50','',5),(107,'Memorial de Cálculo','E51','',5),(108,'Requisições de Equipamentos / Serviços','E52','',5),(109,'Parecer Técnico de Propostas dos Sistemas','E53','',5),(110,'Verificação de Documentos de Fornecedor','E54','',5),(111,'Diagramas de Blocos','E55','',5),(112,'Arquitetura de Sistemas','E56','',5),(113,'Critério de Projeto de Telecomunicações','E57','',5),(114,'Detalhes Típicos de Instalação','E58','',5),(115,'Arranjo de Salas de Equipamentos','E59','',5),(116,'Plantas de Distribuição','E60','',5),(117,'Listas de Materiais','E61','',5),(118,'Listas em Geral','E62','',5),(119,'Memorial Descritivo Sistema de Comunicação (Telefonia e Alta Voz)','E63','',5),(120,'Memorial Descritivo Sistema de Acesso (Satélite, Rádio Enlace e Fibra Óptica)','E64','',5),(121,'Memorial Descritivo Sistema de Rádio Comunicação (Ponto a Ponto e Ponto Multiponto)','E65','',5),(122,'Memorial Descritivo Sistema de Segurança Controle de Acesso (CFTV, Controle de Perímetro)','E66','',5),(123,'Relatórios Técnicos','E67','',5),(124,'Análise Técnica, Desenvolvimento e Concepção de Projeto Básico','E68','',5),(125,'Memorial Descritivo Sistema de Rede de Dados (Conectividade, Armazenamento e Sala de TI)','E69','',5),(126,'Memorial Descritivo Sistema de Monitoração (CFTV - Processo Wall)','E70','',5),(127,'Memorial Descritivo Sistemas Especiais','E71','',5),(128,'Projeto de Viabilidade Técnica','E72','',5),(129,'Modelagem de Sistemas de Telecomunicação','E73','',5),(130,'vago','E74','',5),(131,'vago','E75','',5),(132,'vago','E76','',5),(133,'vago','E77','',5),(134,'vago','E98','',5),(135,'Gerenciamento, Planejamento e Programação','E90','',5),(136,'vago','E91','',5),(137,'vago','E92','',5),(138,'Assistência Técnica','E93','',5),(139,'Embarque (offshore)','E94','',5),(140,'As-built','E95','',5),(141,'Levantamento de Campo','E96','',5),(142,'vago','E97','',5),(143,'vago','E99','',5),(144,'Supervisão','I01','',6),(145,'Levantamento de Campo','I02','',6),(146,'Especificação Técnica, Critérios de Projeto','I03','',6),(147,'Plantas de Locação Instrumentos/ Plantas Salas (LayOut)','I04','',6),(148,'Arquitetura e Carregamento de Hardware','I05','',6),(149,'Folha de Dados (FD) / Folha de Especificação (FE)','I06','',6),(150,'Especificação para Cotação e Compra (RM)','I07','',6),(151,'Análise Técnica','I08','',6),(152,'Lista de Material (Cabos /Instrumentos/Entradas,Saidas)','I09','',6),(153,'Comentários DF´s','I10','',6),(154,'Memorial Descritivo / Relatórios','I11','',6),(155,'Memória de Cálculo','I12','',6),(156,'Diagramas','I13','',6),(157,'Arranjos Painéis','I15','',6),(158,'Detalhes Típicos','I16','',6),(159,'Bases de Dados de Instrumentação - até 2007','I17','',6),(160,'Bancos de Dados do Projeto de Instrumentação','I18','',6),(161,'Retrabalho','I20','',6),(162,'Reunião','I80','',6),(163,'Estágio','I90','',6),(164,'Supervisão','H01','',7),(165,'Mapa comparativo de compras','H02','',7),(166,'Pedido de Compra','H03','',7),(167,'Carta-Convite','H04','',7),(168,'Fax de Intenção','H05','',7),(169,'Mapa de acompanhamento de compras','H06','',7),(170,'Controle de diligenciamento / inspeção','H07','',7),(171,'Lista de fornecedores potenciais','H08','',7),(172,'Retrabalho','H20','',7),(173,'Supervisão','M01','',8),(174,'Levantamento de Campo / Atividades no Cliente','M02','',8),(175,'Especificação Técnica, Critérios de Projeto','M03','',8),(176,'Folhas de Dados (FD) / Folha de Especificação (FE)','M06','',8),(177,'Especific. para Cotação e Compra (RM)','M07','',8),(178,'Análise Técnica de Propostas (ATP) / Parecer Técnico (PT)','M08','',8),(179,'Lista de Materiais / Lista de Sobressalentes','M09','',8),(180,'Comentários DF´s','M10','',8),(181,'Memorial Descritivo / Relatórios','M11','',8),(182,'Memória de Cálculo','M12','',8),(183,'Desenhos de Fabricação','M13','',8),(184,'Desenho de Projeto / Setting Plan','M14','',8),(185,'Bancos de Dados do Projeto Mecânico','M18','',8),(186,'Retrabalho','M20','',8),(187,'Reunião','M80','',8),(188,'Estágio','M90','',8),(189,'Supervisão','P01','',9),(190,'Levantamento de Campo','P02','',9),(191,'Especific Técnica, Critérios de Projeto','P03','',9),(192,'Fluxograma de Processo (Engenharia Básica)','P04','',9),(193,'Fluxograma de Processo e Intrumentação P&I (Engenharia de Detalhamento)','P05','',9),(194,'Folhas de Dados (FD) / Folha de Especificação (FE)','P06','',9),(195,'Listas de Linhas / Equipamentos','P09','',9),(196,'Comentários DF´s','P10','',9),(197,'Memorial Descritivo / Relatório','P11','',9),(198,'Memória de Cálculo','P12','',9),(199,'Manuais de Operação','P13','',9),(200,'Análise de Risco','P14','',9),(201,'Tabela Causa e Efeito','P15','',9),(202,'Bancos de Dados do Projeto de Processo','P18','',9),(203,'Manual de Engenharia','P19','',9),(204,'Retrabalho','P20','',9),(205,'Reunião','P80','',9),(206,'Estágio','P90','',9),(207,'Supervisão','J01','',10),(208,'Bancos de Materiais','J02','',10),(209,'Espec. Técnic. e Critérios de Modelagem','J03','',10),(210,'Administração de Banco de Dados','J04','',10),(211,'Suporte ao Usuário','J05','',10),(212,'Customização','J06','',10),(213,'Padronização','J07','',10),(214,'Análise Técnica de Softwares e Equipamentos','J08','',10),(215,'Listas em Geral','J09','',10),(216,'Pesquisa e Desenvolvimento','J10','',10),(217,'Memoriais e Relatórios','J11','',10),(218,'Criação de Peças de Catálogo e Símbolos','J12','',10),(219,'Bancos de Dados de Projeto','J18','',10),(220,'Retrabalho','J20','',10),(221,'Reunião','J80','',10),(222,'Estágio','J90','',10),(223,'Supervisão','K01','',11),(224,'Estimativas de Custos de Empreendimento','K02','',11),(225,'Controle de Custos de Empreendimentos','K03','',11),(226,'Controle de Custos de Projetos','K04','',11),(227,'Retrabalho','K20','',11),(228,'Supervisão','T01','',12),(229,'Levantamento de Campo','T02','',12),(230,'Especificação Técnica, Critérios de Projeto','T03','',12),(231,'Plantas de Tubulação','T04','',12),(232,'Isométricos','T05','',12),(233,'Requisições de Materiais','T07','',12),(234,'Análise Técnica','T08','',12),(235,'Lista de Materiais, Suportes','T09','',12),(236,'Comentários DF´s','T10','',12),(237,'Memorial Descritivos / Relatórios','T11','',12),(238,'Memória de Cálculo','T12','',12),(239,'Detalhes Típicos (Suportes)','T13','',12),(240,'Arranjos de Equipamentos (Layout)','T14','',12),(241,'Maquetes - até 2007','T15','',12),(242,'Bancos de Dados do Projeto de Tubulação','T18','',12),(243,'Retrabalho','T20','',12),(244,'Reunião','T80','',12),(245,'Estágio','T90','',12),(246,'Chefia','X01','',13),(247,'Desenvolvimento','X02','',13),(248,'Produção','X03','',13),(249,'Suporte ao Usuário','X04','',13),(250,'Retrabalho','X20','',13),(251,'Supervisão','S01','',14),(252,'EAP – Estrutura Analítica de Projeto','S02','',14),(253,'Cronogramas','S03','',14),(254,'Programação e Acompanhamento de prazos','S04','',14),(255,'Curva de Progresso Físico','S05','',14),(256,'Mapa de Progresso Físico','S06','',14),(257,'Lista de Pendências','S07','',14),(258,'Punch List','S08','',14),(259,'Controle de Progresso de Documentos','S09','',14),(260,'Estimativa de Custos e Empreendimentos','S10','',14),(261,'Controle de Custos de Projetos','S11','',14),(262,'Boletim de Medição','S12','',14),(263,'Back-log','S13','',14),(264,'Relatório Mensal','S14','',14),(265,'Retrabalho','S20','',14),(266,'Supervisão','U01','',15),(267,'Levantamento de Campo','U02','',15),(268,'Especificação Técnica / Funcional','U03','',15),(269,'Plantas - Rede','U04','',15),(270,'Arquitetura e Carregamento de Hardware','U05','',15),(271,'Folha de Dados - FD','U06','',15),(272,'Requisição de Material - RM','U07','',15),(273,'Análise Técnica de Proposta - ATP','U08','',15),(274,'Listas','U09','',15),(275,'Análise de Documento de Fornecedor - ADF','U10','',15),(276,'Memorial Descritivo - MD','U11','',15),(277,'Memória de Cálculo - MC','U12','',15),(278,'Diagramas','U13','',15),(279,'Arranjos','U15','',15),(280,'Detalhes Típicos','U16','',15),(281,'Banco de Dados de Projeto de Automação','U18','',15),(282,'Retrabalho','U20','',15),(283,'Reunião','U80','',15),(284,'Estágio','U90','',15),(285,'Mapa de Risco','MP','',16);
/*!40000 ALTER TABLE `gdoks_subdisciplinas` ENABLE KEYS */;
UNLOCK TABLES;

--
-- Table structure for table `gdoks_tamanhos_de_papel`
--

DROP TABLE IF EXISTS `gdoks_tamanhos_de_papel`;
/*!40101 SET @saved_cs_client     = @@character_set_client */;
/*!40101 SET character_set_client = utf8 */;
CREATE TABLE `gdoks_tamanhos_de_papel` (
  `id` int(11) NOT NULL AUTO_INCREMENT,
  `nome` varchar(6) DEFAULT NULL,
  `altura` int(11) DEFAULT NULL,
  `largura` int(11) DEFAULT NULL,
  `id_empresa` int(11) DEFAULT NULL,
  PRIMARY KEY (`id`),
  UNIQUE KEY `nome_UNIQUE` (`nome`)
) ENGINE=InnoDB AUTO_INCREMENT=34 DEFAULT CHARSET=utf8;
/*!40101 SET character_set_client = @saved_cs_client */;

--
-- Dumping data for table `gdoks_tamanhos_de_papel`
--

LOCK TABLES `gdoks_tamanhos_de_papel` WRITE;
/*!40000 ALTER TABLE `gdoks_tamanhos_de_papel` DISABLE KEYS */;
INSERT INTO `gdoks_tamanhos_de_papel` VALUES (1,'A0',1189,841,1),(2,'A1',841,594,1),(3,'A2',594,420,1),(4,'A3',420,297,1),(5,'A4',297,210,1),(6,'A5',210,148,1),(7,'A6',148,105,1),(8,'A7',105,74,1),(9,'A8',74,52,1),(10,'A9',52,37,1),(11,'A10',37,26,1),(12,'B0',1414,1000,1),(13,'B1',1000,707,1),(14,'B2',707,500,1),(15,'B3',500,353,1),(16,'B4',353,250,1),(17,'B5',250,176,1),(18,'B6',176,125,1),(19,'B7',125,88,1),(20,'B8',88,62,1),(21,'B9',62,44,1),(22,'B10',44,31,1),(23,'C0',1297,917,1),(24,'C1',917,648,1),(25,'C2',648,458,1),(26,'C3',458,324,1),(27,'C4',324,229,1),(28,'C5',229,162,1),(29,'C6',162,114,1),(30,'C7',114,81,1),(31,'C8',81,57,1),(32,'C9',57,40,1),(33,'C10',40,28,1);
/*!40000 ALTER TABLE `gdoks_tamanhos_de_papel` ENABLE KEYS */;
UNLOCK TABLES;

--
-- Table structure for table `gdoks_telas`
--

DROP TABLE IF EXISTS `gdoks_telas`;
/*!40101 SET @saved_cs_client     = @@character_set_client */;
/*!40101 SET character_set_client = utf8 */;
CREATE TABLE `gdoks_telas` (
  `id` int(11) NOT NULL AUTO_INCREMENT,
  `titulo` varchar(45) DEFAULT NULL,
  `descricao` text,
  `endereco` varchar(200) DEFAULT NULL,
  `href` varchar(45) DEFAULT NULL,
  `icone` varchar(20) DEFAULT NULL,
  `ordem` tinyint(4) DEFAULT NULL,
  PRIMARY KEY (`id`),
  UNIQUE KEY `titulo_UNIQUE` (`titulo`)
) ENGINE=InnoDB AUTO_INCREMENT=13 DEFAULT CHARSET=utf8;
/*!40101 SET character_set_client = @saved_cs_client */;

--
-- Dumping data for table `gdoks_telas`
--

LOCK TABLES `gdoks_telas` WRITE;
/*!40000 ALTER TABLE `gdoks_telas` DISABLE KEYS */;
INSERT INTO `gdoks_telas` VALUES (1,'Projetos','Lista e da acesso aos projetos cadastrados.','/webapp/app/modules/Projetos/projetos.php','#/projetos','group_work',2),(2,'Usuários','Permite que se veja os usuários cadastrados no sistema bem como alterar as informações referentes a ele (permissões, especialidades, etc)','app/modules/Usuarios/usuarios.php','#/usuarios','face',3),(3,'Documentos','Lista os documentos que das disciplinas das quais o usuário é especialista ou validador','/webapp/app/modules/Documentos/documentos.php','#/documentos','insert_drive_file',4),(4,'GRDs','Permite que o usuário veja as GRDs lançadas no sistema. Também é possível gerar uma GRD e enviar uma GRD a partir desta tela','app/modules/Grds/grds.php','#/grds/0','description',5),(5,'Disciplinas','Permite ao usuário cadastrar/descadastrar disciplinas. Também permite que o usuário atribua as disciplinas especialistas e validadores','app/modules/Disciplinas/disciplinas.php','#/disciplinas','account_balance',6),(6,'Clientes','Lista, altera e adiciona clientes','app/modules/Clientes/clientes.php','#/clientes','record_voice_over',7),(7,'Cargos','Lista altera e adiciona cargos','app/modules/Cargos/cargos.php','#/cargos','work',8),(8,'Log','Lista atividade de todos os usuários do sistema','app/modules/Log/log.php','#/log','history',9),(9,'Configurações','Permite que o usuário altere configurações do GDoks','/webapp/app/modules/Configuracoes/configuracoes.php','#/configuracoes','build',10),(10,'Validação','Permite que o usuário visualize e valide vários documentos de uma só vez','/webapp/app/modules/Validacao/validacao.php','#/validacao','done_all',11),(11,'Últimas Atualizações','Exibe as últimas atualizações do GDoks','app/modules/UA/ua.php','#/ua','new_releases',12),(12,'Visão Geral','Visão geral do sistema. Tela inicial.','/webapp/app/modules/VisaoGeral/visaogeral.php','#/dashboard','home',1);
/*!40000 ALTER TABLE `gdoks_telas` ENABLE KEYS */;
UNLOCK TABLES;

--
-- Table structure for table `gdoks_tipos_de_doc`
--

DROP TABLE IF EXISTS `gdoks_tipos_de_doc`;
/*!40101 SET @saved_cs_client     = @@character_set_client */;
/*!40101 SET character_set_client = utf8 */;
CREATE TABLE `gdoks_tipos_de_doc` (
  `id` int(11) NOT NULL AUTO_INCREMENT,
  `id_empresa` int(11) DEFAULT NULL,
  `simbolo` varchar(5) DEFAULT NULL,
  `nome` varchar(45) DEFAULT NULL,
  PRIMARY KEY (`id`),
  KEY `FK_id_empresa_x_empresa_idx` (`id_empresa`),
  CONSTRAINT `FK_id_empresa_x_empresa` FOREIGN KEY (`id_empresa`) REFERENCES `gdoks_empresas` (`id`) ON DELETE NO ACTION ON UPDATE NO ACTION
) ENGINE=InnoDB AUTO_INCREMENT=4 DEFAULT CHARSET=utf8;
/*!40101 SET character_set_client = @saved_cs_client */;

--
-- Dumping data for table `gdoks_tipos_de_doc`
--

LOCK TABLES `gdoks_tipos_de_doc` WRITE;
/*!40000 ALTER TABLE `gdoks_tipos_de_doc` DISABLE KEYS */;
INSERT INTO `gdoks_tipos_de_doc` VALUES (1,1,'E','Eletrônico'),(2,1,'B','Cópia de Papel'),(3,1,'EB','Eletrônico e Papel');
/*!40000 ALTER TABLE `gdoks_tipos_de_doc` ENABLE KEYS */;
UNLOCK TABLES;

--
-- Table structure for table `gdoks_usuarios`
--

DROP TABLE IF EXISTS `gdoks_usuarios`;
/*!40101 SET @saved_cs_client     = @@character_set_client */;
/*!40101 SET character_set_client = utf8 */;
CREATE TABLE `gdoks_usuarios` (
  `id` int(11) NOT NULL AUTO_INCREMENT,
  `login` varchar(45) NOT NULL,
  `senha` varchar(45) NOT NULL,
  `nome` varchar(45) NOT NULL,
  `email` varchar(45) NOT NULL,
  `token` varchar(45) DEFAULT NULL,
  `validade_do_token` datetime DEFAULT NULL,
  `id_empresa` int(11) DEFAULT NULL,
  `ativo` bit(1) DEFAULT b'1',
  `sigla` varchar(3) NOT NULL,
  PRIMARY KEY (`id`),
  UNIQUE KEY `email_UNIQUE` (`email`),
  UNIQUE KEY `login_UNIQUE` (`login`,`id_empresa`),
  UNIQUE KEY `sigla_UNIQUE` (`id_empresa`,`sigla`),
  KEY `FK_clientes_x_usuarios_idx` (`id_empresa`),
  CONSTRAINT `FK_clientes_x_usuarios` FOREIGN KEY (`id_empresa`) REFERENCES `gdoks_empresas` (`id`) ON DELETE CASCADE ON UPDATE CASCADE
) ENGINE=InnoDB AUTO_INCREMENT=22 DEFAULT CHARSET=utf8;
/*!40101 SET character_set_client = @saved_cs_client */;

--
-- Dumping data for table `gdoks_usuarios`
--

LOCK TABLES `gdoks_usuarios` WRITE;
/*!40000 ALTER TABLE `gdoks_usuarios` DISABLE KEYS */;
INSERT INTO `gdoks_usuarios` VALUES (1,'sergio','*908C02B4A9CFBB1C3D86ACA841954FCF68E0634A','Sérgio Moura','smouracalmon@gmail.com','5acdbb666c56a9.72133717','2018-04-11 05:38:14',1,'','SMS'),(2,'tony','*56C0240B9A0B392A0F17C6F63FC304F441A68F95','Anthony Valério','suporte@gdoks.com.br','5a985d158fa606.48334297','2018-03-01 18:05:41',1,'','AVS'),(3,'paulocesar','*1BACCE1FF1DB3A04AD9804CFEB9475D52C3BA0F7','Paulo César','paulo.cesar@faraday.com.br','5a8b3bf3600302.62522616','2018-02-19 19:04:51',1,'','PCJ'),(4,'teste1','*A00D6EEF76EC509DB66358D2E6685F8FF7A4C3DD','Teste 1','teste1@faraday.com.br',NULL,NULL,1,'\0','TT1'),(5,'teste2','*A00D6EEF76EC509DB66358D2E6685F8FF7A4C3DD','Teste 2','teste2@faraday.com.br',NULL,NULL,1,'','TT2'),(6,'teste3','*A00D6EEF76EC509DB66358D2E6685F8FF7A4C3DD','Teste 3','teste3@faraday.com.br',NULL,NULL,1,'','TT3'),(7,'teste4','*A00D6EEF76EC509DB66358D2E6685F8FF7A4C3DD','Teste 4','teste4@faraday.com.br',NULL,NULL,1,'','TT4'),(8,'teste5','*A00D6EEF76EC509DB66358D2E6685F8FF7A4C3DD','Teste 5','teste5@faraday.com.br',NULL,NULL,1,'','TT5'),(9,'teste6','*A00D6EEF76EC509DB66358D2E6685F8FF7A4C3DD','Teste 6','teste6@faraday.com.br',NULL,NULL,1,'','TT6'),(10,'teste7','*A00D6EEF76EC509DB66358D2E6685F8FF7A4C3DD','Teste 7','teste7@faraday.com.br',NULL,NULL,1,'','TT7'),(13,'teste8','*A00D6EEF76EC509DB66358D2E6685F8FF7A4C3DD','Teste Oito da Silva','teste8@teste.com',NULL,NULL,1,'','TT8'),(14,'teste9','*A00D6EEF76EC509DB66358D2E6685F8FF7A4C3DD','Teste 9','teste9@teste.com',NULL,NULL,1,'','TT9'),(15,'teste10','*A00D6EEF76EC509DB66358D2E6685F8FF7A4C3DD','Teste 10','teste10@teste.com',NULL,NULL,1,'','T10'),(16,'teste11','*A00D6EEF76EC509DB66358D2E6685F8FF7A4C3DD','Teste 11','teste11@teste.com',NULL,NULL,1,'','T11'),(17,'teste12','*A00D6EEF76EC509DB66358D2E6685F8FF7A4C3DD','Teste 12','teste12@teste.com','59565d3c2822f7.73560525','2017-06-30 15:16:28',1,'','T12'),(18,'ricardo','*A00D6EEF76EC509DB66358D2E6685F8FF7A4C3DD','Ricardo','ricardo.luis@faraday.com.br','5988fc86b4fd00.57756491','2017-08-07 21:49:26',1,'\0','RLU'),(19,'georgia','*9AB80A55B201639A6574E8D862037901995C2EC1','Geórgia Pimenta','georgia.pimenta@faraday.com.br','5a985d9691df54.90143361','2018-03-01 18:07:50',1,'','GCP'),(20,'suziane','*E2502886540D05B0B4DA9E7185C2F47B37638FA6','Suziane Cristina','suziane.santos@faraday.com.br',NULL,NULL,1,'','SCS'),(21,'caio','*00A51F3F48415C7D4E8908980D443C29C69B60C9','Caio Dias','caio.dias@faraday.com.br','5a3a7cf71f0755.19675448','2017-12-20 14:08:39',1,'','CD');
/*!40000 ALTER TABLE `gdoks_usuarios` ENABLE KEYS */;
UNLOCK TABLES;

--
-- Table structure for table `gdoks_usuarios_x_opcoes_de_tela`
--

DROP TABLE IF EXISTS `gdoks_usuarios_x_opcoes_de_tela`;
/*!40101 SET @saved_cs_client     = @@character_set_client */;
/*!40101 SET character_set_client = utf8 */;
CREATE TABLE `gdoks_usuarios_x_opcoes_de_tela` (
  `id` int(11) NOT NULL AUTO_INCREMENT,
  `id_usuario` int(11) NOT NULL,
  `id_tela` int(11) NOT NULL,
  `id_opcao` int(11) NOT NULL,
  `valor` tinyint(4) NOT NULL,
  PRIMARY KEY (`id`),
  KEY `FK_permissao_x_opcoes_de_tela_idx` (`id_usuario`,`id_tela`),
  KEY `FK_id_opcao_x_id_tela_id_opcao_id_tela_idx` (`id_tela`,`id_opcao`),
  CONSTRAINT `FK_id_opcao_x_id_tela_id_opcao_id_tela` FOREIGN KEY (`id_tela`, `id_opcao`) REFERENCES `gdoks_opcoes_de_telas` (`id_tela`, `id`) ON DELETE CASCADE ON UPDATE CASCADE,
  CONSTRAINT `FK_id_usuario_x_id_tela_id_usuario_id_tela` FOREIGN KEY (`id_usuario`, `id_tela`) REFERENCES `gdoks_usuarios_x_telas` (`id_usuario`, `id_tela`) ON DELETE CASCADE ON UPDATE CASCADE
) ENGINE=InnoDB AUTO_INCREMENT=474 DEFAULT CHARSET=utf8;
/*!40101 SET character_set_client = @saved_cs_client */;

--
-- Dumping data for table `gdoks_usuarios_x_opcoes_de_tela`
--

LOCK TABLES `gdoks_usuarios_x_opcoes_de_tela` WRITE;
/*!40000 ALTER TABLE `gdoks_usuarios_x_opcoes_de_tela` DISABLE KEYS */;
INSERT INTO `gdoks_usuarios_x_opcoes_de_tela` VALUES (237,18,1,1,1),(238,18,1,2,1),(239,18,2,3,1),(240,18,2,4,1),(241,18,4,5,1),(242,18,4,6,1),(243,18,4,7,1),(244,18,5,8,1),(245,18,5,9,1),(246,18,5,10,1),(247,18,5,11,1),(248,18,7,14,1),(249,18,7,15,1),(250,18,7,16,1),(265,20,1,2,1),(266,20,4,5,1),(267,20,4,7,1),(268,20,5,8,1),(269,20,5,9,1),(276,21,1,2,1),(277,21,4,5,1),(278,21,4,7,1),(279,21,5,8,1),(280,21,5,9,1),(281,21,6,13,1),(380,2,1,1,1),(381,2,1,2,1),(382,2,2,3,1),(383,2,2,4,1),(384,2,4,5,1),(385,2,4,6,1),(386,2,4,7,1),(387,2,5,8,1),(388,2,5,9,1),(389,2,5,10,1),(390,2,5,11,1),(391,2,6,12,1),(392,2,6,13,1),(393,2,7,14,1),(394,2,7,15,1),(395,2,7,16,1),(396,19,1,1,1),(397,19,1,2,1),(398,19,4,5,1),(399,19,4,6,1),(400,19,4,7,1),(401,19,5,8,1),(402,19,5,9,1),(403,19,5,10,1),(404,19,5,11,1),(405,19,6,12,1),(406,19,6,13,1),(407,3,1,1,1),(408,3,1,2,1),(409,3,2,3,1),(410,3,2,4,1),(411,3,4,5,1),(412,3,4,6,1),(413,3,4,7,1),(414,3,5,8,1),(415,3,5,9,1),(416,3,5,10,1),(417,3,5,11,1),(418,3,6,12,1),(419,3,6,13,1),(420,3,7,14,1),(421,3,7,15,1),(422,3,7,16,1),(460,1,1,1,1),(461,1,1,2,1),(462,1,2,3,1),(463,1,2,4,1),(464,1,3,17,1),(465,1,3,18,1),(466,1,4,5,1),(467,1,4,6,1),(468,1,4,7,1),(469,1,6,12,1),(470,1,6,13,1),(471,1,7,14,1),(472,1,7,15,1),(473,1,7,16,1);
/*!40000 ALTER TABLE `gdoks_usuarios_x_opcoes_de_tela` ENABLE KEYS */;
UNLOCK TABLES;

--
-- Table structure for table `gdoks_usuarios_x_telas`
--

DROP TABLE IF EXISTS `gdoks_usuarios_x_telas`;
/*!40101 SET @saved_cs_client     = @@character_set_client */;
/*!40101 SET character_set_client = utf8 */;
CREATE TABLE `gdoks_usuarios_x_telas` (
  `id` int(11) NOT NULL AUTO_INCREMENT,
  `id_usuario` int(11) NOT NULL,
  `id_tela` int(11) NOT NULL,
  PRIMARY KEY (`id`),
  UNIQUE KEY `UQ_id_usuario_x_id_tela` (`id_usuario`,`id_tela`),
  KEY `FK_id_usuario_x_tela_x_usuario_idx` (`id_usuario`),
  KEY `FK_id_usuario_x_tela_x_tela_idx` (`id_tela`),
  CONSTRAINT `FK_id_usuario_x_tela_x_tela` FOREIGN KEY (`id_tela`) REFERENCES `gdoks_telas` (`id`) ON DELETE CASCADE ON UPDATE CASCADE,
  CONSTRAINT `FK_id_usuario_x_tela_x_usuario` FOREIGN KEY (`id_usuario`) REFERENCES `gdoks_usuarios` (`id`) ON DELETE CASCADE ON UPDATE CASCADE
) ENGINE=InnoDB AUTO_INCREMENT=324 DEFAULT CHARSET=utf8;
/*!40101 SET character_set_client = @saved_cs_client */;

--
-- Dumping data for table `gdoks_usuarios_x_telas`
--

LOCK TABLES `gdoks_usuarios_x_telas` WRITE;
/*!40000 ALTER TABLE `gdoks_usuarios_x_telas` DISABLE KEYS */;
INSERT INTO `gdoks_usuarios_x_telas` VALUES (313,1,1),(314,1,2),(315,1,3),(316,1,4),(317,1,5),(318,1,6),(319,1,7),(320,1,8),(321,1,9),(322,1,10),(323,1,12),(253,2,1),(254,2,2),(255,2,3),(256,2,4),(257,2,5),(258,2,6),(259,2,7),(260,2,8),(261,2,9),(262,2,10),(263,2,12),(270,3,1),(271,3,2),(272,3,3),(273,3,4),(274,3,5),(275,3,6),(276,3,7),(277,3,8),(278,3,9),(279,3,10),(280,3,12),(165,18,1),(166,18,2),(167,18,3),(168,18,4),(169,18,5),(170,18,6),(171,18,7),(172,18,8),(173,18,9),(264,19,1),(265,19,3),(266,19,4),(267,19,5),(268,19,6),(269,19,12),(183,20,1),(184,20,3),(185,20,4),(186,20,5),(192,21,1),(193,21,3),(194,21,4),(195,21,5),(196,21,6);
/*!40000 ALTER TABLE `gdoks_usuarios_x_telas` ENABLE KEYS */;
UNLOCK TABLES;

--
-- Table structure for table `gdoks_validadores`
--

DROP TABLE IF EXISTS `gdoks_validadores`;
/*!40101 SET @saved_cs_client     = @@character_set_client */;
/*!40101 SET character_set_client = utf8 */;
CREATE TABLE `gdoks_validadores` (
  `id` int(11) NOT NULL AUTO_INCREMENT,
  `id_usuario` int(11) DEFAULT NULL,
  `id_disciplina` int(11) DEFAULT NULL,
  PRIMARY KEY (`id`),
  UNIQUE KEY `UQ_usuario_x_disciplina` (`id_usuario`,`id_disciplina`),
  KEY `FK_validadores_x_usuarios_idx` (`id_usuario`),
  KEY `FK_validadores_x_disciplinas_idx` (`id_disciplina`),
  CONSTRAINT `FK_validadores_x_disciplinas` FOREIGN KEY (`id_disciplina`) REFERENCES `gdoks_disciplinas` (`id`) ON DELETE CASCADE ON UPDATE CASCADE,
  CONSTRAINT `FK_validadores_x_usuarios` FOREIGN KEY (`id_usuario`) REFERENCES `gdoks_usuarios` (`id`) ON DELETE CASCADE ON UPDATE CASCADE
) ENGINE=InnoDB AUTO_INCREMENT=64 DEFAULT CHARSET=utf8;
/*!40101 SET character_set_client = @saved_cs_client */;

--
-- Dumping data for table `gdoks_validadores`
--

LOCK TABLES `gdoks_validadores` WRITE;
/*!40000 ALTER TABLE `gdoks_validadores` DISABLE KEYS */;
INSERT INTO `gdoks_validadores` VALUES (34,1,2),(62,1,3),(50,1,4),(58,1,5),(22,1,9),(32,1,10),(11,1,11),(6,1,14),(28,1,15),(33,2,2),(63,2,3),(51,2,4),(59,2,5),(12,2,15),(2,3,1),(49,3,4),(60,3,5),(18,3,7),(31,3,10),(14,3,15),(3,4,11),(7,4,15),(13,5,9),(17,5,14),(5,6,7),(1,6,13),(19,7,1),(30,7,9),(26,7,11),(15,7,15),(25,9,12),(27,10,6),(29,10,15),(52,19,4),(53,19,16);
/*!40000 ALTER TABLE `gdoks_validadores` ENABLE KEYS */;
UNLOCK TABLES;

--
-- Temporary table structure for view `gdoks_view_documentos`
--

DROP TABLE IF EXISTS `gdoks_view_documentos`;
/*!50001 DROP VIEW IF EXISTS `gdoks_view_documentos`*/;
SET @saved_cs_client     = @@character_set_client;
SET character_set_client = utf8;
/*!50001 CREATE VIEW `gdoks_view_documentos` AS SELECT 
 1 AS `id_documento`,
 1 AS `nome_documento`,
 1 AS `cod_documento`,
 1 AS `id_subareas`,
 1 AS `nome_subarea`,
 1 AS `cod_subarea`,
 1 AS `id_area`,
 1 AS `nome_area`,
 1 AS `cod_area`,
 1 AS `id_projeto`,
 1 AS `nome_projeto`,
 1 AS `cod_projeto`,
 1 AS `ativo_projeto`,
 1 AS `nome_subdisciplina`,
 1 AS `id_subdisciplina`,
 1 AS `id_disciplina`,
 1 AS `nome_disciplina`,
 1 AS `sigla_disciplina`*/;
SET character_set_client = @saved_cs_client;

--
-- Dumping routines for database 'gdoks001'
--
/*!50003 DROP FUNCTION IF EXISTS `trueFromInt` */;
/*!50003 SET @saved_cs_client      = @@character_set_client */ ;
/*!50003 SET @saved_cs_results     = @@character_set_results */ ;
/*!50003 SET @saved_col_connection = @@collation_connection */ ;
/*!50003 SET character_set_client  = utf8 */ ;
/*!50003 SET character_set_results = utf8 */ ;
/*!50003 SET collation_connection  = utf8_general_ci */ ;
/*!50003 SET @saved_sql_mode       = @@sql_mode */ ;
/*!50003 SET sql_mode              = 'NO_ENGINE_SUBSTITUTION' */ ;
DELIMITER ;;
CREATE DEFINER=`root`@`localhost` FUNCTION `trueFromInt`(i int) RETURNS int(11)
BEGIN

RETURN true;
END ;;
DELIMITER ;
/*!50003 SET sql_mode              = @saved_sql_mode */ ;
/*!50003 SET character_set_client  = @saved_cs_client */ ;
/*!50003 SET character_set_results = @saved_cs_results */ ;
/*!50003 SET collation_connection  = @saved_col_connection */ ;
/*!50003 DROP FUNCTION IF EXISTS `trueFromStr` */;
ALTER DATABASE `gdoks001` CHARACTER SET latin1 COLLATE latin1_general_ci ;
/*!50003 SET @saved_cs_client      = @@character_set_client */ ;
/*!50003 SET @saved_cs_results     = @@character_set_results */ ;
/*!50003 SET @saved_col_connection = @@collation_connection */ ;
/*!50003 SET character_set_client  = utf8 */ ;
/*!50003 SET character_set_results = utf8 */ ;
/*!50003 SET collation_connection  = utf8_general_ci */ ;
/*!50003 SET @saved_sql_mode       = @@sql_mode */ ;
/*!50003 SET sql_mode              = '' */ ;
DELIMITER ;;
CREATE DEFINER=`root`@`localhost` FUNCTION `trueFromStr`(i text) RETURNS int(11)
BEGIN

RETURN true;
END ;;
DELIMITER ;
/*!50003 SET sql_mode              = @saved_sql_mode */ ;
/*!50003 SET character_set_client  = @saved_cs_client */ ;
/*!50003 SET character_set_results = @saved_cs_results */ ;
/*!50003 SET collation_connection  = @saved_col_connection */ ;
ALTER DATABASE `gdoks001` CHARACTER SET utf8 COLLATE utf8_general_ci ;

--
-- Final view structure for view `gdoks_view_documentos`
--

/*!50001 DROP VIEW IF EXISTS `gdoks_view_documentos`*/;
/*!50001 SET @saved_cs_client          = @@character_set_client */;
/*!50001 SET @saved_cs_results         = @@character_set_results */;
/*!50001 SET @saved_col_connection     = @@collation_connection */;
/*!50001 SET character_set_client      = utf8 */;
/*!50001 SET character_set_results     = utf8 */;
/*!50001 SET collation_connection      = utf8_general_ci */;
/*!50001 CREATE ALGORITHM=UNDEFINED */
/*!50013 DEFINER=`root`@`localhost` SQL SECURITY DEFINER */
/*!50001 VIEW `gdoks_view_documentos` AS select `a`.`id` AS `id_documento`,`a`.`nome` AS `nome_documento`,`a`.`codigo` AS `cod_documento`,`b`.`id` AS `id_subareas`,`b`.`nome` AS `nome_subarea`,`b`.`codigo` AS `cod_subarea`,`c`.`id` AS `id_area`,`c`.`nome` AS `nome_area`,`c`.`codigo` AS `cod_area`,`d`.`id` AS `id_projeto`,`d`.`nome` AS `nome_projeto`,`d`.`codigo` AS `cod_projeto`,`d`.`ativo` AS `ativo_projeto`,`e`.`nome` AS `nome_subdisciplina`,`e`.`id` AS `id_subdisciplina`,`f`.`id` AS `id_disciplina`,`f`.`nome` AS `nome_disciplina`,`f`.`sigla` AS `sigla_disciplina` from (((((`gdoks_documentos` `a` join `gdoks_subareas` `b` on((`a`.`id_subarea` = `b`.`id`))) join `gdoks_areas` `c` on((`b`.`id_area` = `c`.`id`))) join `gdoks_projetos` `d` on((`c`.`id_projeto` = `d`.`id`))) join `gdoks_subdisciplinas` `e` on((`a`.`id_subdisciplina` = `e`.`id`))) join `gdoks_disciplinas` `f` on((`e`.`id_disciplina` = `f`.`id`))) */;
/*!50001 SET character_set_client      = @saved_cs_client */;
/*!50001 SET character_set_results     = @saved_cs_results */;
/*!50001 SET collation_connection      = @saved_col_connection */;
/*!40103 SET TIME_ZONE=@OLD_TIME_ZONE */;

/*!40101 SET SQL_MODE=@OLD_SQL_MODE */;
/*!40014 SET FOREIGN_KEY_CHECKS=@OLD_FOREIGN_KEY_CHECKS */;
/*!40014 SET UNIQUE_CHECKS=@OLD_UNIQUE_CHECKS */;
/*!40101 SET CHARACTER_SET_CLIENT=@OLD_CHARACTER_SET_CLIENT */;
/*!40101 SET CHARACTER_SET_RESULTS=@OLD_CHARACTER_SET_RESULTS */;
/*!40101 SET COLLATION_CONNECTION=@OLD_COLLATION_CONNECTION */;
/*!40111 SET SQL_NOTES=@OLD_SQL_NOTES */;

-- Dump completed on 2018-04-11  4:47:03
